{
    "image_path": "images/001.jpg",
    "mask_path": "masks/001.jpg",
    "mask_features": {
        "mask_area_ratio": 0.07968902587890625,
        "mask_bbox": {
            "x_min": 104,
            "y_min": 206,
            "x_max": 414,
            "y_max": 303
        },
        "mask_location": "center",
        "mask_fragments": 1
    },
    "image_features": {
        "resolution": {
            "width": 512,
            "height": 512,
            "aspect_ratio": 1.0
        },
        "faces_detected": 1,
        "texture": {
            "laplacian_variance": 131.77013791968056,
            "edge_density": 0.026920318603515625
        },
        "colors": {
            "brightness_mean": 70.75519561767578,
            "saturation_mean": 125.5003433227539,
            "dominant_colors": [
                [
                    107,
                    126,
                    169
                ],
                [
                    52,
                    59,
                    88
                ],
                [
                    30,
                    15,
                    30
                ]
            ]
        },
        "text_present": false,
        "clip_embedding": [
            0.7221864461898804,
            -0.25214046239852905,
            0.07476552575826645,
            -0.014001847244799137,
            0.19342288374900818,
            -0.19954897463321686,
            0.4719827175140381,
            0.6199430823326111,
            -0.09585603326559067,
            -0.23562555015087128,
            -0.1088683009147644,
            -0.24414105713367462,
            -0.2719097435474396,
            -0.03221689909696579,
            -0.2321922928094864,
            0.42743203043937683,
            1.169851303100586,
            -0.21476535499095917,
            0.5699882507324219,
            -0.19051414728164673,
            0.24341608583927155,
            -0.06307652592658997,
            0.10634908080101013,
            -0.1028280183672905,
            -0.3244774639606476,
            -0.03501330688595772,
            -0.001856153947301209,
            0.5395822525024414,
            -0.08663835376501083,
            0.07723670452833176,
            0.29473876953125,
            -0.2850949168205261,
            0.02557617984712124,
            0.6905257701873779,
            -0.20886875689029694,
            0.014876969158649445,
            -0.6150266528129578,
            -0.29103800654411316,
            0.29205647110939026,
            0.5718848705291748,
            -0.12092872709035873,
            -0.08098998665809631,
            0.1412033587694168,
            0.558180034160614,
            -0.8194379806518555,
            1.5328236818313599,
            -0.032312728464603424,
            0.14252839982509613,
            0.32598891854286194,
            -0.1778746247291565,
            0.32413241267204285,
            0.422705739736557,
            0.11298791319131851,
            0.2733813524246216,
            -0.4459470510482788,
            0.08801224827766418,
            0.40104183554649353,
            0.32571423053741455,
            0.15295279026031494,
            -0.23960508406162262,
            0.2950464189052582,
            -0.16352561116218567,
            -0.17010793089866638,
            0.515946626663208,
            -0.12232886999845505,
            -0.2793993651866913,
            -0.5849494934082031,
            0.8131521344184875,
            0.040433675050735474,
            -0.47677677869796753,
            -0.21358215808868408,
            0.28385892510414124,
            0.4570901393890381,
            0.35718244314193726,
            0.10863528400659561,
            0.2127915620803833,
            -0.12792743742465973,
            -0.06937723606824875,
            -0.33827799558639526,
            0.02092728763818741,
            -0.4034150540828705,
            0.5500631928443909,
            0.346087783575058,
            -0.6507865190505981,
            0.1284887194633484,
            0.1772022843360901,
            1.591983437538147,
            -0.0076427580788731575,
            -0.3422442674636841,
            -0.39336109161376953,
            0.14934684336185455,
            0.3463716506958008,
            -6.065588474273682,
            -0.6027364730834961,
            -0.3670380413532257,
            -0.17665694653987885,
            -0.2590302526950836,
            0.43798452615737915,
            0.37578490376472473,
            0.16582249104976654,
            -0.3640521168708801,
            0.07562048733234406,
            -0.28783169388771057,
            0.037611886858940125,
            0.2072434425354004,
            0.08396723121404648,
            -0.8923434615135193,
            -0.11416220664978027,
            -0.2945287525653839,
            -0.2683754563331604,
            -0.05874360352754593,
            -0.7768955230712891,
            -0.4396899342536926,
            0.11872442066669464,
            -0.1350998729467392,
            -0.17300884425640106,
            -0.2362544983625412,
            0.10998871177434921,
            0.739969789981842,
            -0.15534938871860504,
            0.3124881386756897,
            0.020969586446881294,
            0.08132626116275787,
            0.03633301332592964,
            0.5901177525520325,
            -0.37925559282302856,
            0.026406554505228996,
            -0.2223963439464569,
            -0.1496153026819229,
            0.4913961589336395,
            0.36281996965408325,
            0.055124394595623016,
            0.006428663618862629,
            0.9353516697883606,
            -0.552135169506073,
            0.0987999364733696,
            -0.4411172568798065,
            -0.24724502861499786,
            -0.1857793778181076,
            0.2736303210258484,
            0.3205927610397339,
            0.31377848982810974,
            0.1402549296617508,
            0.3261425495147705,
            -0.1550358533859253,
            -0.2008862942457199,
            -0.42304280400276184,
            0.3633142113685608,
            -0.272300124168396,
            -0.2692532241344452,
            -0.573893129825592,
            -0.28249266743659973,
            1.2783026695251465,
            -0.3454425036907196,
            0.39667317271232605,
            0.19077466428279877,
            0.07064878195524216,
            -0.5376623272895813,
            0.0843433365225792,
            0.45667827129364014,
            -1.2741459608078003,
            -0.013296335935592651,
            0.0008249521488323808,
            -0.11872953176498413,
            -0.14628732204437256,
            -0.0973183661699295,
            0.5955527424812317,
            0.25741228461265564,
            0.4420081079006195,
            0.3208070397377014,
            -0.009470047429203987,
            -0.10085123777389526,
            0.017443586140871048,
            0.14670144021511078,
            -0.44159242510795593,
            0.007089503575116396,
            -0.27563807368278503,
            -0.2778288722038269,
            0.1904110312461853,
            -0.21464231610298157,
            0.2385014444589615,
            0.2327420711517334,
            0.8074816465377808,
            0.009876128286123276,
            -0.2997400760650635,
            0.047040704637765884,
            -0.07012207061052322,
            -0.26837992668151855,
            -0.46479126811027527,
            0.05184011906385422,
            0.520625650882721,
            -0.04277608171105385,
            0.09579344093799591,
            0.22777937352657318,
            0.8361155390739441,
            -0.07190915942192078,
            0.0719166025519371,
            -0.1421603262424469,
            0.7723048329353333,
            0.2674519419670105,
            0.0075905597768723965,
            -0.014805483631789684,
            0.15671561658382416,
            -0.0789509043097496,
            -0.37221550941467285,
