{
    "image_path": "images/002.png",
    "mask_path": "masks/002.png",
    "mask_features": {
        "mask_area_ratio": 0.045860732384169885,
        "mask_bbox": {
            "x_min": 631,
            "y_min": 509,
            "x_max": 925,
            "y_max": 786
        },
        "mask_location": "edge_or_corner",
        "mask_fragments": 1
    },
    "image_features": {
        "resolution": {
            "width": 1184,
            "height": 896,
            "aspect_ratio": 1.321
        },
        "faces_detected": 0,
        "texture": {
            "laplacian_variance": 25.232109306404396,
            "edge_density": 0.03556912101833977
        },
        "colors": {
            "brightness_mean": 132.2782722384773,
            "saturation_mean": 113.18418006455116,
            "dominant_colors": [
                [
                    243,
                    214,
                    169
                ],
                [
                    171,
                    126,
                    93
                ],
                [
                    82,
                    50,
                    34
                ]
            ]
        },
        "text_present": false,
        "clip_embedding": [
            0.17343521118164062,
            -0.05153808370232582,
            -0.1427668333053589,
            0.15861544013023376,
            -0.029116762802004814,
            -0.47158282995224,
            -0.06059238687157631,
            -0.1282110959291458,
            -0.04516235738992691,
            0.632733941078186,
            -0.006137756630778313,
            -0.3562210202217102,
            -0.09301797300577164,
            0.24030591547489166,
            0.21812856197357178,
            0.6108139157295227,
            1.101724624633789,
            -0.11921443790197372,
            -0.09640301764011383,
            -0.18114125728607178,
            0.851685643196106,
            -0.10575620085000992,
            -0.07657575607299805,
            0.12276532500982285,
            0.04299206659197807,
            0.5695716142654419,
            -0.01183477882295847,
            0.1754223257303238,
            -0.0018142687622457743,
            -0.29187023639678955,
            0.116055428981781,
            0.08732810616493225,
            -0.35210859775543213,
            -0.30313628911972046,
            0.48194029927253723,
            -0.026089204475283623,
            -0.3888794183731079,
            -0.23463617265224457,
            -0.7484093904495239,
            0.169244185090065,
            -0.5751015543937683,
            0.17369286715984344,
            0.09040990471839905,
            -0.14637444913387299,
            0.036896802484989166,
            0.9509396553039551,
            0.26587817072868347,
            0.15920226275920868,
            0.22707311809062958,
            -0.010868457145988941,
            0.2509029805660248,
            -0.18503116071224213,
            0.20201437175273895,
            0.3092736005783081,
            0.2762409746646881,
            0.26484766602516174,
            0.38486942648887634,
            0.003237394616007805,
            -0.08331142365932465,
            -0.12933234870433807,
            0.002907013287767768,
            -0.17095959186553955,
            0.2865173816680908,
            0.4514487683773041,
            -0.05438458174467087,
            -0.09689638018608093,
            0.5315822958946228,
            0.861124575138092,
            -0.3242871165275574,
            -0.01187657006084919,
            0.17477639019489288,
            0.010653352364897728,
            -0.2453375607728958,
            -0.041835516691207886,
            0.16092105209827423,
            0.17630527913570404,
            -0.1683425009250641,
            -0.20161430537700653,
            0.031385935842990875,
            -0.022089550271630287,
            0.3287975490093231,
            -0.17530085146427155,
            -0.3376326560974121,
            -0.033151738345623016,
            0.2474021166563034,
            0.3813939392566681,
            0.03537117689847946,
            -0.49841052293777466,
            0.1898166835308075,
            0.09318763762712479,
            0.031702425330877304,
            -0.1878078579902649,
            -5.310719013214111,
            1.1805644035339355,
            0.19223187863826752,
            -0.07303283363580704,
            0.27747899293899536,
            0.21434053778648376,
            0.2063099890947342,
            0.04516959562897682,
            0.14960065484046936,
            -0.3607078790664673,
            0.7533750534057617,
            0.42090052366256714,
            0.5703178644180298,
            0.049679286777973175,
            -0.010142246261239052,
            -0.15649248659610748,
            -0.35858067870140076,
            -0.16581609845161438,
            0.10063283145427704,
            -0.8245134949684143,
            -0.4689207673072815,
            -0.04775933921337128,
            -0.16470415890216827,
            0.3276146352291107,
            -0.06689165532588959,
            -0.38301342725753784,
            0.036668140441179276,
            -0.2903536856174469,
            0.2604881525039673,
            0.25878942012786865,
            0.5134329199790955,
            0.18501867353916168,
            -0.22313351929187775,
            0.13782243430614471,
            0.15471267700195312,
            -0.06376227736473083,
            0.4150658845901489,
            -0.2597759962081909,
            0.3898507356643677,
            -0.2006365805864334,
            0.27249905467033386,
            0.8428146839141846,
            -0.46156853437423706,
            0.23186074197292328,
            0.4348982572555542,
            -0.4245237708091736,
            -0.5762564539909363,
            0.04932761192321777,
            -0.03078598901629448,
            -0.41005051136016846,
            0.32814717292785645,
            -0.025910481810569763,
            -0.07706313580274582,
            0.2921281158924103,
            -0.09377068281173706,
            0.5050130486488342,
            -0.0950600728392601,
            0.029701799154281616,
            -0.19210195541381836,
            -0.38879501819610596,
            -0.0040968009270727634,
            0.1746552288532257,
            -0.2904529571533203,
            -0.14037559926509857,
            0.20060765743255615,
            0.4084436893463135,
            -0.6698817610740662,
            0.37193647027015686,
            -0.011100707575678825,
            -0.2509410083293915,
            0.11589895933866501,
            -0.06013370677828789,
            0.2765219807624817,
            0.2279299795627594,
            1.0788756608963013,
            -0.022989511489868164,
            0.1002274826169014,
            0.3263222873210907,
            -0.13441193103790283,
            0.35652634501457214,
            0.23018518090248108,
            -0.1974334716796875,
            -0.34898310899734497,
            -0.4184879958629608,
            0.00021577131701633334,
            -0.1387757658958435,
            -0.03242809697985649,
            -0.26983386278152466,
            -0.4378994405269623,
            -0.6220952868461609,
            -0.38022279739379883,
            -0.3143123984336853,
            -0.18064886331558228,
            0.26563477516174316,
            -0.3185669779777527,
            -0.2176634520292282,
            -0.07513753324747086,
            0.11721261590719223,
            0.2596847116947174,
            0.19144082069396973,
            0.380959689617157,
            -0.3602619767189026,
            -0.008867347612977028,
            -0.1273120790719986,
            -0.10824523121118546,
            0.2280578315258026,
            -0.42480915784835815,
            0.3417520225048065,
            -0.07579644024372101,
            0.2557675838470459,
            0.09483232349157333,
