{
    "image_path": "images/003.png",
    "mask_path": "masks/003.png",
    "mask_features": {
        "mask_area_ratio": 0.03317955930260618,
        "mask_bbox": {
            "x_min": 613,
            "y_min": 102,
            "x_max": 1183,
            "y_max": 214
        },
        "mask_location": "edge_or_corner",
        "mask_fragments": 1
    },
    "image_features": {
        "resolution": {
            "width": 1184,
            "height": 896,
            "aspect_ratio": 1.321
        },
        "faces_detected": 0,
        "texture": {
            "laplacian_variance": 7.41093446415074,
            "edge_density": 0.004613220921814672
        },
        "colors": {
            "brightness_mean": 147.22930931768823,
            "saturation_mean": 71.38946273980454,
            "dominant_colors": [
                [
                    238,
                    203,
                    172
                ],
                [
                    81,
                    81,
                    75
                ],
                [
                    177,
                    150,
                    124
                ]
            ]
        },
        "text_present": false,
        "clip_embedding": [
            0.4613904356956482,
            0.038879431784152985,
            0.17322291433811188,
            -0.060787275433540344,
            -0.11918675899505615,
            0.04708555340766907,
            0.10464134812355042,
            0.06360696256160736,
            -0.08729603886604309,
            0.024759341031312943,
            0.39657890796661377,
            -0.0804029330611229,
            0.4256751537322998,
            -0.15507279336452484,
            0.22883732616901398,
            0.1388029307126999,
            -0.960853636264801,
            -0.28416240215301514,
            -0.18888716399669647,
            -0.17127227783203125,
            -0.3485589325428009,
            -0.0863574743270874,
            -0.2646278142929077,
            -0.034378211945295334,
            -0.12707550823688507,
            -0.13425932824611664,
            -0.31791192293167114,
            0.04622026905417442,
            -0.059663787484169006,
            0.3661969006061554,
            0.13426654040813446,
            0.037120457738637924,
            0.44121646881103516,
            -0.05934538692235947,
            0.37602970004081726,
            0.06582971662282944,
            -0.4552648365497589,
            0.5343450307846069,
            -0.3186424672603607,
            2.1982581615448,
            0.2297326624393463,
            -0.3289998471736908,
            0.28619253635406494,
            0.18694378435611725,
            0.32381486892700195,
            -1.1320897340774536,
            0.35159316658973694,
            0.28193026781082153,
            -0.591788649559021,
            -0.16711251437664032,
            0.35894858837127686,
            -0.40665167570114136,
            0.07642417401075363,
            0.4996289908885956,
            -0.08253589272499084,
            -0.2825252115726471,
            0.009068785235285759,
            -0.09743967652320862,
            -0.2712695896625519,
            0.3699977695941925,
            -0.6447631120681763,
            -0.11934778094291687,
            0.25419020652770996,
            -0.3953116536140442,
            0.42009586095809937,
            0.01339778769761324,
            0.008229444734752178,
            0.7668763995170593,
            -0.5557549595832825,
            -0.19026732444763184,
            -0.7860482335090637,
            -0.0514039508998394,
            0.17038610577583313,
            0.11612671613693237,
            -0.2043839991092682,
            0.449025422334671,
            -0.36520692706108093,
            -0.2398187220096588,
            -0.1951926052570343,
            -0.006250160746276379,
            0.03630476072430611,
            -0.28000763058662415,
            0.338395357131958,
            -0.051003795117139816,
            -0.49943625926971436,
            0.08611709624528885,
            0.5596763491630554,
            0.028873514384031296,
            -0.09909247606992722,
            -0.12910455465316772,
            -0.045607469975948334,
            -0.2925666570663452,
            -5.417205333709717,
            -0.2734104096889496,
            -0.20024946331977844,
            0.5014775991439819,
            -0.20998449623584747,
            0.0004659127735067159,
            0.43231916427612305,
            -1.359329104423523,
            0.17645010352134705,
            -0.25519585609436035,
            0.7718926072120667,
            -0.1950017362833023,
            -0.011174389161169529,
            0.3817192316055298,
            -1.7628991603851318,
            -0.800829291343689,
            0.2511243224143982,
            0.21802674233913422,
            0.2581191956996918,
            -0.8938086032867432,
            0.14974477887153625,
            0.03136957436800003,
            0.5009441375732422,
            -0.22305411100387573,
            -0.3926718831062317,
            -0.1335255652666092,
            0.1380675584077835,
            0.15589813888072968,
            0.02084704302251339,
            0.2560223639011383,
            0.024262547492980957,
            -0.7166900038719177,
            0.25468897819519043,
            -0.20925135910511017,
            -0.5011423230171204,
            -0.08584713190793991,
            0.023558923974633217,
            -0.39069700241088867,
            0.3821180760860443,
            -0.29590705037117004,
            -0.020008768886327744,
            0.8256394267082214,
            -0.22582419216632843,
            0.14785516262054443,
            0.696533203125,
            0.04319857433438301,
            0.0357939675450325,
            0.09249896556138992,
            -0.1426742970943451,
            0.042888760566711426,
            0.05912860482931137,
            0.1193947046995163,
            -0.15222010016441345,
            0.5719726085662842,
            -0.16142481565475464,
            -0.24660760164260864,
            -0.6995360255241394,
            0.13676390051841736,
            -0.13383221626281738,
            -0.051369763910770416,
            0.7535979747772217,
            -0.6310840249061584,
            -0.11069896817207336,
            -0.12322856485843658,
            -0.1872568577528,
            0.324679434299469,
            -0.361756831407547,
            -0.053686317056417465,
            -0.04775538668036461,
            -0.5163741707801819,
            -0.058304138481616974,
            0.22192588448524475,
            0.1866157203912735,
            -0.019421789795160294,
            0.8129169940948486,
            0.49357935786247253,
            -0.3415353298187256,
            0.23647631704807281,
            0.45972323417663574,
            -0.25572577118873596,
            0.007560343481600285,
            -0.21834351122379303,
            -0.19915147125720978,
            -0.471088171005249,
            -0.39768290519714355,
            0.2616517245769501,
            -0.6523961424827576,
            0.1963696926832199,
            0.29748064279556274,
            -0.36727628111839294,
            -0.3917273283004761,
            -0.3426389694213867,
            0.18612632155418396,
            0.05374658480286598,
            -0.2136894166469574,
            -0.7079367637634277,
            -0.010959557257592678,
            0.1083172932267189,
            -0.2565789818763733,
            -0.1687498539686203,
            0.04167060926556587,
            -0.15314657986164093,
            0.09673089534044266,
            -0.30352240800857544,
            -0.029286131262779236,
            0.29484283924102783,
            1.0135444402694702,
            -0.4475526213645935,
            0.2900339961051941,
            0.09943259507417679,
            -0.1019119992852211,
            -0.021615687757730484,
