{
    "image_path": "images/004.png",
    "mask_path": "masks/004.png",
    "mask_features": {
        "mask_area_ratio": 0.09170261221042471,
        "mask_bbox": {
            "x_min": 34,
            "y_min": 354,
            "x_max": 458,
            "y_max": 636
        },
        "mask_location": "edge_or_corner",
        "mask_fragments": 1
    },
    "image_features": {
        "resolution": {
            "width": 1184,
            "height": 896,
            "aspect_ratio": 1.321
        },
        "faces_detected": 0,
        "texture": {
            "laplacian_variance": 15.290605565671568,
            "edge_density": 0.019723546090733592
        },
        "colors": {
            "brightness_mean": 104.0472068050193,
            "saturation_mean": 22.902467234254345,
            "dominant_colors": [
                [
                    104,
                    103,
                    104
                ],
                [
                    207,
                    197,
                    196
                ],
                [
                    30,
                    32,
                    31
                ]
            ]
        },
        "text_present": false,
        "clip_embedding": [
            0.17448125779628754,
            0.3792482018470764,
            -0.17151810228824615,
            -0.12437211722135544,
            -0.1790834367275238,
            -0.16741754114627838,
            0.43548500537872314,
            -0.02691970020532608,
            0.4356842041015625,
            0.003811475122347474,
            -0.11718771606683731,
            0.00448986841365695,
            -0.6242730617523193,
            0.11577995121479034,
            0.23504666984081268,
            0.20551814138889313,
            0.9573814868927002,
            0.392890602350235,
            0.5093945860862732,
            0.049483176320791245,
            1.039781093597412,
            0.01352259423583746,
            -0.19597327709197998,
            0.20274318754673004,
            -0.21204936504364014,
            0.37195566296577454,
            0.28137558698654175,
            0.27426016330718994,
            0.03389578312635422,
            0.33163848519325256,
            -0.2818020284175873,
            -0.12656642496585846,
            0.3336060643196106,
            0.3361586332321167,
            -0.40504229068756104,
            0.0036051191855221987,
            -0.09473823010921478,
            0.007697911001741886,
            -0.3361334502696991,
            1.008634328842163,
            -0.22139368951320648,
            0.8243143558502197,
            -0.0328519381582737,
            -0.15033037960529327,
            0.20474720001220703,
            0.7200623750686646,
            0.19185760617256165,
            -0.28611069917678833,
            0.6994034051895142,
            -0.3908155858516693,
            -0.1406853199005127,
            0.05101785063743591,
            -0.04560151323676109,
            0.15071231126785278,
            -0.08914769440889359,
            0.19965650141239166,
            -0.11001535505056381,
            -0.41996607184410095,
            -0.2460125982761383,
            -0.47460153698921204,
            -1.1094168424606323,
            0.16210924088954926,
            0.14509998261928558,
            0.1995472013950348,
            -0.08625613152980804,
            0.022482668980956078,
            0.2518038749694824,
            -0.22540953755378723,
            0.16251273453235626,
            0.8139947652816772,
            -0.0450788177549839,
            0.06584271043539047,
            0.13340069353580475,
            -0.14552420377731323,
            0.33627060055732727,
            0.1150883361697197,
            -0.9143964648246765,
            -0.24222338199615479,
            0.1653091311454773,
            -0.018657781183719635,
            0.21208037436008453,
            -0.1908714324235916,
            0.3607330322265625,
            0.04909519478678703,
            0.3804755210876465,
            0.37606894969940186,
            0.42148393392562866,
            -0.33947670459747314,
            -0.07090545445680618,
            0.16453297436237335,
            -0.2510060966014862,
            -0.7530897259712219,
            -6.434928894042969,
            0.6467600464820862,
            0.1837327778339386,
            -0.5047898292541504,
            -0.34005454182624817,
            -0.4645884335041046,
            -0.39442160725593567,
            -0.13885973393917084,
            0.09424620866775513,
            -0.20503577589988708,
            0.29045814275741577,
            0.4131382703781128,
            0.874535083770752,
            0.19934384524822235,
            -0.8393940925598145,
            0.3333324193954468,
            0.11978605389595032,
            0.18778486549854279,
            0.36908188462257385,
            -0.0737740620970726,
            -0.42720475792884827,
            0.22634029388427734,
            0.37741515040397644,
            0.45276790857315063,
            0.10192763060331345,
            -0.021583085879683495,
            0.33917510509490967,
            -0.604388952255249,
            0.36925777792930603,
            0.08524373918771744,
            0.0927344486117363,
            0.2303261160850525,
            -0.3359116315841675,
            -0.14162154495716095,
            0.2760155200958252,
            -0.12251105904579163,
            -0.10083364695310593,
            0.0303165465593338,
            -0.009686615318059921,
            -0.1735658347606659,
            -0.515843391418457,
            0.916652262210846,
            0.25558775663375854,
            0.2136327028274536,
            0.05529860034584999,
            0.5058096051216125,
            0.34722885489463806,
            0.029184941202402115,
            0.15818782150745392,
            -0.12391737103462219,
            0.2942221164703369,
            0.25025731325149536,
            0.2864367663860321,
            0.5677103996276855,
            0.1027447059750557,
            0.10189348459243774,
            0.18232783675193787,
            0.22752881050109863,
            0.20052947103977203,
            -0.03814248368144035,
            1.4781571626663208,
            0.14468738436698914,
            0.6119517087936401,
            -0.09446429461240768,
            0.19165456295013428,
            0.29139602184295654,
            0.19583046436309814,
            -0.1405554711818695,
            -0.31025025248527527,
            -0.4728633463382721,
            -0.22352315485477448,
            0.2761029303073883,
            0.33271095156669617,
            0.0669388398528099,
            0.829237163066864,
            0.3059808909893036,
            -0.05670309066772461,
            0.5024877190589905,
            0.02852165326476097,
            0.12038876116275787,
            -0.5018188953399658,
            0.1707657426595688,
            -0.3706960380077362,
            -0.30565154552459717,
            -0.07483254373073578,
            -0.19819381833076477,
            -0.18147893249988556,
            0.5517463088035583,
            -0.1387748122215271,
            -0.15159130096435547,
            -0.10133913904428482,
            -0.13613761961460114,
            -0.23868946731090546,
            -0.532777726650238,
            -0.4454733431339264,
            -0.31163331866264343,
            0.18416693806648254,
            0.1761128157377243,
            0.0872739627957344,
            0.061055008322000504,
            0.11947634816169739,
            -0.1621987372636795,
            -0.6629364490509033,
            -0.5284997820854187,
            0.07294201850891113,
            0.18027549982070923,
            0.26907795667648315,
            0.3343570828437805,
            -0.004180953837931156,
            -0.008670940063893795,
            0.5204296112060547,
            0.08009366691112518,
