{
    "image_path": "images/005.png",
    "mask_path": "masks/005.png",
    "mask_features": {
        "mask_area_ratio": 0.09002827489098837,
        "mask_bbox": {
            "x_min": 126,
            "y_min": 368,
            "x_max": 914,
            "y_max": 568
        },
        "mask_location": "center",
        "mask_fragments": 1
    },
    "image_features": {
        "resolution": {
            "width": 1376,
            "height": 768,
            "aspect_ratio": 1.792
        },
        "faces_detected": 0,
        "texture": {
            "laplacian_variance": 10.267965079341563,
            "edge_density": 0.010855741279069768
        },
        "colors": {
            "brightness_mean": 130.14599987887595,
            "saturation_mean": 46.49023816012597,
            "dominant_colors": [
                [
                    193,
                    185,
                    174
                ],
                [
                    106,
                    96,
                    87
                ],
                [
                    36,
                    33,
                    34
                ]
            ]
        },
        "text_present": false,
        "clip_embedding": [
            -0.08318314701318741,
            -0.005294895730912685,
            -0.15217137336730957,
            0.07538121193647385,
            0.6816158294677734,
            0.12235276401042938,
            0.200104758143425,
            0.11027714610099792,
            0.5792568922042847,
            0.4067048728466034,
            0.036913786083459854,
            -0.41717419028282166,
            0.3781505227088928,
            0.06821192800998688,
            0.10255009680986404,
            0.10184728354215622,
            0.06826523691415787,
            0.23679327964782715,
            0.16991230845451355,
            0.31866416335105896,
            -0.15855686366558075,
            -0.08237626403570175,
            0.36174869537353516,
            0.24722324311733246,
            -0.21265198290348053,
            -0.0028498894535005093,
            0.208310067653656,
            0.382403701543808,
            -0.44449523091316223,
            0.1981791853904724,
            -0.7912535071372986,
            0.2671760320663452,
            0.42255547642707825,
            -0.04103642329573631,
            0.4101804196834564,
            0.24711939692497253,
            -0.5047385692596436,
            0.31560224294662476,
            0.25259116291999817,
            1.834062933921814,
            0.59947669506073,
            -0.21015556156635284,
            0.21509012579917908,
            0.05306345224380493,
            0.10414891690015793,
            -0.6794151067733765,
            0.2547735571861267,
            0.03111986443400383,
            -0.23897606134414673,
            0.49584248661994934,
            -0.13161198794841766,
            -0.4686335325241089,
            -0.07512827962636948,
            0.11153387278318405,
            0.22309859097003937,
            0.03976589813828468,
            -0.6777936220169067,
            0.23727358877658844,
            0.2060655951499939,
            0.024202322587370872,
            -0.14439749717712402,
            0.44705089926719666,
            0.1988370716571808,
            -0.11522737145423889,
            0.5480130314826965,
            -0.542975127696991,
            -0.004532285965979099,
            0.06839248538017273,
            -0.3943866193294525,
            -0.2848713994026184,
            -0.32412928342819214,
            0.1905203014612198,
            0.24343417584896088,
            -0.36730435490608215,
            0.04980755224823952,
            0.027581920847296715,
            -0.33093491196632385,
            -0.1073514074087143,
            -0.34297239780426025,
            -0.2765723764896393,
            0.4314868748188019,
            0.38844034075737,
            -0.19148460030555725,
            -0.15076175332069397,
            0.3941729962825775,
            -0.01049808505922556,
            0.6796780824661255,
            0.5583356618881226,
            0.09015071392059326,
            0.19116531312465668,
            0.2726774215698242,
            0.17110416293144226,
            -5.741389751434326,
            0.11267790198326111,
            -0.2223837524652481,
            0.6369745135307312,
            -0.06414524465799332,
            0.07969880849123001,
            0.03937222808599472,
            -0.8411217331886292,
            0.37720420956611633,
            -0.40331438183784485,
            -0.2618035078048706,
            -0.2491351217031479,
            0.7912598252296448,
            0.253714382648468,
            -3.476116180419922,
            0.10869988054037094,
            0.26970985531806946,
            0.04855760559439659,
            -0.29594188928604126,
            -1.2100812196731567,
            -0.2506678104400635,
            -0.17616905272006989,
            0.09322427213191986,
            -0.6713634729385376,
            -0.18350684642791748,
            0.11747841536998749,
            0.5901514887809753,
            0.01227414421737194,
            -0.4694392681121826,
            0.36627843976020813,
            0.46807047724723816,
            -1.100858449935913,
            0.11848050355911255,
            -0.05954112112522125,
            -0.4911938011646271,
            -0.10045024007558823,
            -0.04594682902097702,
            -0.03420792147517204,
            0.5738802552223206,
            0.13720981776714325,
            -0.3257502317428589,
            0.7995278239250183,
            0.39355936646461487,
            0.2737954556941986,
            0.05855598673224449,
            0.21449574828147888,
            -0.10902349650859833,
            0.019034070894122124,
            0.29993942379951477,
            -0.11376018822193146,
            0.1696956902742386,
            0.4794330596923828,
            0.4570741355419159,
            -0.03149734437465668,
            0.30435484647750854,
            -0.09836052358150482,
            -0.38613125681877136,
            -0.19008614122867584,
            0.45506981015205383,
            0.1783953458070755,
            0.43450599908828735,
            -0.3583330512046814,
            0.28025540709495544,
            -0.3018665015697479,
            -0.056502968072891235,
            0.09299363940954208,
            0.022982262074947357,
            -0.20441585779190063,
            -0.06836186349391937,
            -0.293626606464386,
            0.0974276140332222,
            0.13859674334526062,
            0.005111613776534796,
            -0.7307978868484497,
            0.2519512474536896,
            0.009361282922327518,
            -0.1226704865694046,
            0.19721181690692902,
            0.8297922015190125,
            -0.4053161144256592,
            0.24242621660232544,
            -0.18052752315998077,
            -0.0012759125092998147,
            0.28892073035240173,
            -0.752295196056366,
            0.4690084755420685,
            0.016885532066226006,
            -0.15106791257858276,
            0.19288110733032227,
            -0.20986533164978027,
            -0.029627593234181404,
            -0.07933332026004791,
            0.2387370616197586,
            -0.19218505918979645,
            0.14830787479877472,
            -0.3034709095954895,
            -0.033715903759002686,
            -0.02424849569797516,
            0.024157190695405006,
            -0.02887796051800251,
            0.0556141659617424,
            -0.1553947776556015,
            0.3523537218570709,
            -0.07708585262298584,
            0.09874149411916733,
            0.23860131204128265,
            0.35169920325279236,
            0.024771837517619133,
            -0.2289111614227295,
            0.2306140661239624,
            -0.15538889169692993,
            -0.16394564509391785,
