{
    "image_path": "images/006.jpg",
    "mask_path": "masks/006.jpg",
    "mask_features": {
        "mask_area_ratio": 0.14484375,
        "mask_bbox": {
            "x_min": 69,
            "y_min": 117,
            "x_max": 264,
            "y_max": 193
        },
        "mask_location": "center",
        "mask_fragments": 1
    },
    "image_features": {
        "resolution": {
            "width": 320,
            "height": 240,
            "aspect_ratio": 1.333
        },
        "faces_detected": 0,
        "texture": {
            "laplacian_variance": 366.53351581420907,
            "edge_density": 0.025247395833333332
        },
        "colors": {
            "brightness_mean": 147.63377604166666,
            "saturation_mean": 93.24515625,
            "dominant_colors": [
                [
                    167,
                    150,
                    103
                ],
                [
                    208,
                    183,
                    143
                ],
                [
                    100,
                    80,
                    44
                ]
            ]
        },
        "text_present": false,
        "clip_embedding": [
            0.40991395711898804,
            0.35931578278541565,
            0.07755140960216522,
            0.11220470815896988,
            -0.06113778427243233,
            0.08907462656497955,
            0.4966253638267517,
            -0.4167391061782837,
            0.43810299038887024,
            -0.18517141044139862,
            -0.0617951825261116,
            -0.10473202913999557,
            0.05943877249956131,
            0.08047883212566376,
            0.06836474686861038,
            -0.11155877262353897,
            0.4849449396133423,
            0.24595560133457184,
            0.3038010001182556,
            -0.28904294967651367,
            -0.6779425144195557,
            0.016307475045323372,
            0.39860716462135315,
            -0.45671799778938293,
            0.12660039961338043,
            0.5780359506607056,
            0.49140632152557373,
            0.3321593105792999,
            -0.43356192111968994,
            0.20272701978683472,
            -0.06396537274122238,
            0.17594769597053528,
            0.14951322972774506,
            0.213187575340271,
            0.25536876916885376,
            -0.23064656555652618,
            -0.2759512960910797,
            0.018429195508360863,
            -0.18400372564792633,
            0.8644344806671143,
            0.461912602186203,
            0.4122396409511566,
            -0.10200296342372894,
            -0.21558673679828644,
            0.5310261845588684,
            -0.8163878917694092,
            0.15347646176815033,
            0.23949693143367767,
            -0.20515620708465576,
            0.278359979391098,
            0.21411365270614624,
            -0.5478816628456116,
            0.27669984102249146,
            -0.4417477250099182,
            -0.3149166405200958,
            0.15377600491046906,
            -0.03999895974993706,
            0.6633606553077698,
            -0.31724071502685547,
            0.4308167099952698,
            -0.45003941655158997,
            0.12073471397161484,
            -0.08096800744533539,
            0.15228797495365143,
            0.20468546450138092,
            -0.1848651021718979,
            0.24061423540115356,
            1.5984069108963013,
            0.30517491698265076,
            -0.0853627473115921,
            -0.2279944270849228,
            0.22960247099399567,
            -0.07129786163568497,
            -0.22997291386127472,
            0.1621750295162201,
            0.12086793780326843,
            -0.3882026672363281,
            -0.27589139342308044,
            -0.4371950030326843,
            -0.2054571956396103,
            -0.3112160861492157,
            -0.4127728044986725,
            0.2788006365299225,
            -0.7058435082435608,
            0.5062021017074585,
            0.5031782388687134,
            -0.63386470079422,
            0.08311578631401062,
            -0.353336900472641,
            -0.22146855294704437,
            0.10409598052501678,
            -0.5233657360076904,
            -6.490983009338379,
            -0.39562076330184937,
            0.10380945354700089,
            0.005922843236476183,
            -0.5329995155334473,
            0.00899061094969511,
            0.514630913734436,
            -1.0891858339309692,
            -0.11118616163730621,
            -0.32925087213516235,
            -0.6902997493743896,
            -0.3722544312477112,
            1.027215838432312,
            -0.21327772736549377,
            -0.11340011656284332,
            -0.3840152621269226,
            0.04430932179093361,
            -0.4993695616722107,
            0.16659578680992126,
            -0.5637856721878052,
            0.26843443512916565,
            -0.09774430841207504,
            -0.06137654557824135,
            -0.12156586349010468,
            0.17569011449813843,
            -0.017205463722348213,
            -0.32457399368286133,
            -0.10020311921834946,
            -0.08975961059331894,
            0.0068681505508720875,
            -0.5678573250770569,
            -0.010356551967561245,
            -0.13786236941814423,
            0.2670566439628601,
            0.13706082105636597,
            -0.05245903134346008,
            0.46168190240859985,
            0.13651752471923828,
            0.24311761558055878,
            -0.051678888499736786,
            -0.04297567531466484,
            0.8711440563201904,
            -0.08993455767631531,
            -0.1320105642080307,
            0.719921886920929,
            0.26003479957580566,
            0.1633104532957077,
            -0.32848167419433594,
            -0.020315000787377357,
            0.08080165088176727,
            0.2984919548034668,
            -0.12385913729667664,
            0.06931484490633011,
            0.5399630069732666,
            0.3566007912158966,
            0.2827983796596527,
            -0.20819981396198273,
            0.10404974222183228,
            0.4631168842315674,
            0.1868952065706253,
            0.2649645209312439,
            0.23069193959236145,
            -0.060781050473451614,
            0.3709033727645874,
            0.019980235025286674,
            0.012852977029979229,
            0.33599093556404114,
            0.6299940347671509,
            -0.1581396907567978,
            -0.13148657977581024,
            0.468169629573822,
            0.4492914080619812,
            0.6113384962081909,
            0.14462991058826447,
            0.2807258665561676,
            0.1559721976518631,
            0.22850312292575836,
            -0.13865135610103607,
            -0.009607234038412571,
            0.0872059091925621,
            0.17691084742546082,
            0.3256679177284241,
            -0.12722823023796082,
            -0.2920360267162323,
            0.5036767721176147,
            0.27960455417633057,
            -0.4878094792366028,
            0.5541070103645325,
            0.7339422106742859,
            0.20938795804977417,
            -0.050944987684488297,
            0.019331691786646843,
            -0.43107834458351135,
            -0.13283339142799377,
            -0.11201554536819458,
            -0.7795706987380981,
            0.005496340338140726,
            0.23107366263866425,
            -0.26123949885368347,
            -0.0024842265993356705,
            -0.42750537395477295,
            -0.32544994354248047,
            0.09737474471330643,
            -0.29377612471580505,
            0.30500873923301697,
            0.3660142719745636,
            0.004373084753751755,
            0.20148469507694244,
            -0.049566447734832764,
            -0.01636694371700287,
            0.4131399393081665,
            0.31842041015625,
            0.09827804565429688,
