{
    "image_path": "images/007.jpg",
    "mask_path": "masks/007.jpg",
    "mask_features": {
        "mask_area_ratio": 0.11842447916666667,
        "mask_bbox": {
            "x_min": 135,
            "y_min": 123,
            "x_max": 263,
            "y_max": 239
        },
        "mask_location": "edge_or_corner",
        "mask_fragments": 1
    },
    "image_features": {
        "resolution": {
            "width": 320,
            "height": 240,
            "aspect_ratio": 1.333
        },
        "faces_detected": 0,
        "texture": {
            "laplacian_variance": 1922.7778944415627,
            "edge_density": 0.08756510416666667
        },
        "colors": {
            "brightness_mean": 130.15520833333332,
            "saturation_mean": 81.25877604166666,
            "dominant_colors": [
                [
                    243,
                    183,
                    131
                ],
                [
                    42,
                    52,
                    40
                ],
                [
                    145,
                    156,
                    153
                ]
            ]
        },
        "text_present": false,
        "clip_embedding": [
            0.19167430698871613,
            0.3843744397163391,
            -0.23302239179611206,
            0.586101770401001,
            -0.10371219366788864,
            0.3519704341888428,
            0.1377730816602707,
            -1.0010713338851929,
            0.35505470633506775,
            0.1902439147233963,
            -0.41728004813194275,
            0.0920570120215416,
            -0.1111663207411766,
            0.6416798830032349,
            0.07570763677358627,
            0.33523207902908325,
            0.6126390695571899,
            0.4583922028541565,
            0.03559080883860588,
            0.13945713639259338,
            0.11329637467861176,
            -0.030427949503064156,
            0.005907394457608461,
            0.05545952916145325,
            -0.8572360277175903,
            0.3096339702606201,
            -0.05082837864756584,
            0.39248964190483093,
            -0.1699778437614441,
            -0.16747283935546875,
            0.03760543838143349,
            -0.20158308744430542,
            -0.2471432089805603,
            0.18685996532440186,
            0.5493050217628479,
            -0.505095362663269,
            0.40124115347862244,
            0.31127119064331055,
            0.17740687727928162,
            0.48797693848609924,
            -0.26469796895980835,
            -0.3509463369846344,
            -0.2860192656517029,
            -0.024887019768357277,
            0.6288724541664124,
            -1.659746527671814,
            -0.01301001850515604,
            0.08782879263162613,
            0.022974984720349312,
            0.2604840099811554,
            0.23737584054470062,
            0.2871863842010498,
            0.13369132578372955,
            -0.5992458462715149,
            0.0019610952585935593,
            -0.012796590104699135,
            0.6680666208267212,
            -0.07817765325307846,
            -0.025308558717370033,
            0.24247030913829803,
            -0.24224931001663208,
            -0.06123817712068558,
            0.2262139618396759,
            -0.14968372881412506,
            0.017793048173189163,
            -0.05524347350001335,
            0.3342277407646179,
            1.653304100036621,
            -0.0164302047342062,
            0.11015710234642029,
            0.041679900139570236,
            0.0022873743437230587,
            0.008567096665501595,
            0.4903317093849182,
            -0.0349966436624527,
            -0.18298673629760742,
            -0.17428097128868103,
            -0.1446365863084793,
            -0.48647913336753845,
            0.19258001446723938,
            0.19911031424999237,
            0.049050383269786835,
            0.07581982761621475,
            -0.1867491900920868,
            0.12639856338500977,
            0.35728949308395386,
            -0.3742044270038605,
            0.09176044166088104,
            0.24551232159137726,
            -0.39970672130584717,
            -0.33192750811576843,
            -0.37343883514404297,
            -6.160283088684082,
            0.11554562300443649,
            -0.2879203259944916,
            -0.41023263335227966,
            -0.14896291494369507,
            0.04102252423763275,
            0.009581933729350567,
            -1.6714712381362915,
            0.5265867710113525,
            -0.31055039167404175,
            0.28225865960121155,
            0.15296608209609985,
            0.7627664804458618,
            -0.4352758526802063,
            -0.43013960123062134,
            -0.44816479086875916,
            0.10453705489635468,
            -0.47313740849494934,
            0.3216935098171234,
            -0.7003750801086426,
            -0.20981542766094208,
            -0.11148571968078613,
            -0.20181231200695038,
            0.3143557906150818,
            -0.267708957195282,
            -0.01349781546741724,
            -0.07419513165950775,
            -0.004886723589152098,
            0.05300123989582062,
            0.12731367349624634,
            0.5597082376480103,
            -0.18085773289203644,
            -0.030530672520399094,
            -0.16035513579845428,
            0.06391036510467529,
            0.14809250831604004,
            0.16250751912593842,
            0.49829229712486267,
            -0.08796178549528122,
            0.054499976336956024,
            0.521452784538269,
            0.8084766268730164,
            0.19220595061779022,
            -0.08949846029281616,
            0.22970275580883026,
            -0.13487759232521057,
            -0.7755542993545532,
            -0.03158018738031387,
            -0.1450008749961853,
            0.19323371350765228,
            -0.028354240581393242,
            0.016870321705937386,
            0.2747907340526581,
            0.17225413024425507,
            0.513323187828064,
            0.3366706967353821,
            -0.11527610570192337,
            -0.5142132639884949,
            -0.34239447116851807,
            -0.10398612916469574,
            0.8721045851707458,
            -0.16972658038139343,
            0.19798436760902405,
            0.4139552414417267,
            0.14801456034183502,
            0.25083014369010925,
            0.4083594083786011,
            -0.2715047597885132,
            -0.04073328152298927,
            -0.10583885759115219,
            0.05059827119112015,
            -0.11668580025434494,
            0.5640275478363037,
            0.5253605842590332,
            0.31772613525390625,
            0.14271405339241028,
            0.0973615050315857,
            0.37903928756713867,
            0.02457052655518055,
            0.15065941214561462,
            -0.040330782532691956,
            -0.32115593552589417,
            0.0004676999233197421,
            -0.5053837299346924,
            0.6578077673912048,
            -0.11915998160839081,
            0.45333510637283325,
            0.22390228509902954,
            0.14010745286941528,
            0.002967516891658306,
            0.10035678744316101,
            -0.07570800930261612,
            -0.25508376955986023,
            0.24700690805912018,
            0.133515402674675,
            -0.5258689522743225,
            -0.23483753204345703,
            0.016725650057196617,
            -0.25122109055519104,
            0.31729933619499207,
            -0.11656320840120316,
            -0.7729072570800781,
            -1.6905715465545654,
            -0.6080039739608765,
            0.22806087136268616,
            -0.134194478392601,
            0.76688551902771,
            0.17785382270812988,
            0.223611980676651,
            0.014185711741447449,
            0.2580714523792267,
            0.1241716518998146,
