{
    "image_path": "images/008.jpg",
    "mask_path": "masks/008.jpg",
    "mask_features": {
        "mask_area_ratio": 0.16244791666666666,
        "mask_bbox": {
            "x_min": 146,
            "y_min": 62,
            "x_max": 319,
            "y_max": 224
        },
        "mask_location": "edge_or_corner",
        "mask_fragments": 1
    },
    "image_features": {
        "resolution": {
            "width": 320,
            "height": 240,
            "aspect_ratio": 1.333
        },
        "faces_detected": 0,
        "texture": {
            "laplacian_variance": 1645.627611258782,
            "edge_density": 0.0748046875
        },
        "colors": {
            "brightness_mean": 121.04609375,
            "saturation_mean": 58.78848958333333,
            "dominant_colors": [
                [
                    43,
                    45,
                    46
                ],
                [
                    225,
                    202,
                    177
                ],
                [
                    97,
                    107,
                    117
                ]
            ]
        },
        "text_present": false,
        "clip_embedding": [
            0.26306554675102234,
            0.3250364661216736,
            -0.22052457928657532,
            0.2143966406583786,
            -0.5111613869667053,
            0.27730539441108704,
            0.17289350926876068,
            0.1254546195268631,
            0.47803762555122375,
            0.39165356755256653,
            -0.4567899703979492,
            0.07611216604709625,
            0.681814968585968,
            0.38543468713760376,
            0.1549997329711914,
            0.2912890315055847,
            -0.17665527760982513,
            0.8594236373901367,
            0.5452830195426941,
            -0.11177670955657959,
            -0.07818856090307236,
            -0.1880452185869217,
            -0.3085259199142456,
            -0.8087047934532166,
            -0.4296107590198517,
            -0.16499562561511993,
            -0.02746504731476307,
            0.22083254158496857,
            -0.053066786378622055,
            0.24733665585517883,
            -0.1687624752521515,
            0.1577402651309967,
            -0.02620035782456398,
            0.1855788379907608,
            0.3298453986644745,
            -0.3065551221370697,
            0.3219023644924164,
            0.23290850222110748,
            0.18807044625282288,
            0.7083312273025513,
            -0.47271984815597534,
            0.16192646324634552,
            -0.09433262795209885,
            0.016300641000270844,
            0.3050510585308075,
            -1.3905056715011597,
            -0.03340814262628555,
            -0.13420850038528442,
            0.03896738961338997,
            -0.08538615703582764,
            -0.13525009155273438,
            -0.19196942448616028,
            0.48696526885032654,
            -0.246998593211174,
            0.14866386353969574,
            0.2582534849643707,
            0.5405206084251404,
            -0.47794362902641296,
            -0.04379712790250778,
            -0.19926868379116058,
            -0.7892483472824097,
            -0.18492703139781952,
            -0.15895012021064758,
            -0.2732197046279907,
            0.013013971038162708,
            -0.14549437165260315,
            0.3152080476284027,
            1.911694884300232,
            0.24919350445270538,
            0.09193623065948486,
            -0.04446297138929367,
            -0.05221923068165779,
            -0.15507522225379944,
            -0.07258754968643188,
            0.29575395584106445,
            0.09028354287147522,
            -0.13112588226795197,
            0.38870590925216675,
            -0.31349384784698486,
            0.2940295338630676,
            0.04689997062087059,
            0.1714949756860733,
            0.3079058825969696,
            0.3118746876716614,
            0.15405280888080597,
            0.1205090582370758,
            0.3948216140270233,
            0.15578196942806244,
            0.03804735839366913,
            -0.398660808801651,
            -0.08981437981128693,
            -0.5443053841590881,
            -7.066068172454834,
            -0.10155873000621796,
            -0.03351141884922981,
            -0.31684017181396484,
            -0.18155866861343384,
            -0.23418769240379333,
            0.2795037031173706,
            -1.3802521228790283,
            0.18942753970623016,
            -0.23548343777656555,
            -0.09981946647167206,
            -0.06967203319072723,
            0.6240743398666382,
            0.312572717666626,
            -0.6846866011619568,
            -0.39704132080078125,
            0.2042025476694107,
            -0.8036031126976013,
            0.2720574140548706,
            -0.28633546829223633,
            -0.3560943901538849,
            -0.08222630620002747,
            -0.04675514996051788,
            -0.19110479950904846,
            -0.42729488015174866,
            0.2832138240337372,
            0.37735557556152344,
            0.2380734235048294,
            -0.3318026065826416,
            0.2116163820028305,
            0.4487113356590271,
            -0.2665949761867523,
            0.04246394336223602,
            -0.25003108382225037,
            0.01336158812046051,
            0.2659129500389099,
            0.2582671642303467,
            0.52956223487854,
            0.08236599713563919,
            -0.09669169783592224,
            0.3770689070224762,
            0.8840441703796387,
            0.3618718683719635,
            -0.05553935468196869,
            0.7307661771774292,
            0.24100671708583832,
            0.04196299612522125,
            -0.353508323431015,
            0.039857421070337296,
            0.013187889009714127,
            -0.43179959058761597,
            0.14795611798763275,
            0.2512197196483612,
            -0.0019369604997336864,
            0.20964963734149933,
            0.254031240940094,
            -0.12174754589796066,
            -0.5974757671356201,
            -0.014097040519118309,
            -0.006942472420632839,
            0.8550227880477905,
            0.13494548201560974,
            0.10191987454891205,
            -0.5143337249755859,
            0.26504212617874146,
            -0.02888640947639942,
            0.34897103905677795,
            -0.2028806507587433,
            -0.38479292392730713,
            -0.09977764636278152,
            0.23432442545890808,
            0.4025551974773407,
            0.885209858417511,
            0.09060371667146683,
            0.22584490478038788,
            -0.13657906651496887,
            -0.015498857945203781,
            -0.2613912522792816,
            0.13002051413059235,
            0.20775534212589264,
            0.0145128034055233,
            -0.26847702264785767,
            -0.12644542753696442,
            -0.3731590807437897,
            0.0983191728591919,
            0.00867459550499916,
            -0.500306248664856,
            0.7507225275039673,
            0.09317470341920853,
            0.1739186942577362,
            -0.13560009002685547,
            0.25417864322662354,
            -0.13912281394004822,
            0.15301913022994995,
            0.15308989584445953,
            0.07385038584470749,
            -0.011428168043494225,
            0.24060678482055664,
            -0.15541648864746094,
            -0.13432437181472778,
            -0.5238069295883179,
            -0.5242890119552612,
            -0.6299659013748169,
            -0.2259434312582016,
            -0.0926600843667984,
            -0.29063597321510315,
            1.1546961069107056,
            0.23599377274513245,
            0.007445476483553648,
            -0.10503740608692169,
            0.4075533449649811,
            0.4661845564842224,
            -0.5792568325996399,
