{
    "image_path": "images/009.jpg",
    "mask_path": "masks/009.jpg",
    "mask_features": {
        "mask_area_ratio": 0.0841796875,
        "mask_bbox": {
            "x_min": 123,
            "y_min": 99,
            "x_max": 200,
            "y_max": 239
        },
        "mask_location": "edge_or_corner",
        "mask_fragments": 1
    },
    "image_features": {
        "resolution": {
            "width": 320,
            "height": 240,
            "aspect_ratio": 1.333
        },
        "faces_detected": 0,
        "texture": {
            "laplacian_variance": 1777.314235676914,
            "edge_density": 0.10692708333333334
        },
        "colors": {
            "brightness_mean": 130.72932291666666,
            "saturation_mean": 33.777981770833335,
            "dominant_colors": [
                [
                    211,
                    207,
                    204
                ],
                [
                    52,
                    56,
                    58
                ],
                [
                    132,
                    132,
                    132
                ]
            ]
        },
        "text_present": false,
        "clip_embedding": [
            0.20660743117332458,
            0.07489289343357086,
            0.3254653513431549,
            -0.0008722596103325486,
            -0.19608314335346222,
            -0.2338743954896927,
            0.31772011518478394,
            -1.3027751445770264,
            0.4173564910888672,
            0.2341012805700302,
            -0.3491659462451935,
            0.12922433018684387,
            0.11839768290519714,
            -0.04144847393035889,
            0.21667827665805817,
            0.21867352724075317,
            -0.4920872449874878,
            -0.14362956583499908,
            0.032967474311590195,
            -0.4008912444114685,
            0.8792760968208313,
            0.03771362826228142,
            0.23073816299438477,
            -0.47470271587371826,
            -0.02740522287786007,
            0.25174862146377563,
            0.490199476480484,
            -0.25522127747535706,
            0.17981530725955963,
            0.05014452338218689,
            -0.06514066457748413,
            0.25285831093788147,
            0.11124908924102783,
            -0.29627057909965515,
            0.112270787358284,
            0.015802884474396706,
            0.14854443073272705,
            0.003148332005366683,
            0.08731833100318909,
            -0.0490405298769474,
            0.2776781916618347,
            0.03784056752920151,
            -0.7996203303337097,
            0.026631157845258713,
            0.10821588337421417,
            -0.27882620692253113,
            0.15866954624652863,
            -0.3089613914489746,
            -0.24037538468837738,
            -0.35796892642974854,
            0.44771307706832886,
            -0.29571694135665894,
            0.32461386919021606,
            0.23192529380321503,
            0.17174957692623138,
            0.03772348538041115,
            0.2670898139476776,
            0.18869343400001526,
            -0.09052256494760513,
            0.10033337771892548,
            -0.718503475189209,
            0.26660817861557007,
            -0.19686079025268555,
            -0.32704147696495056,
            0.13815519213676453,
            -0.9028577208518982,
            0.2726185619831085,
            0.767155110836029,
            -0.3889213800430298,
            0.08331350237131119,
            0.24785228073596954,
            0.37331926822662354,
            -0.6229332685470581,
            -0.04329583793878555,
            0.06816788762807846,
            -0.12562628090381622,
            -0.7396813035011292,
            0.07992866635322571,
            0.0028391231317073107,
            -0.10162282735109329,
            -0.09444431215524673,
            -0.465897798538208,
            -0.1576886773109436,
            0.4406365752220154,
            0.30328014492988586,
            0.25394004583358765,
            0.40878409147262573,
            0.1248539537191391,
            -0.15064260363578796,
            0.09467338025569916,
            0.31268736720085144,
            -0.08653844147920609,
            -4.624175071716309,
            0.7631471157073975,
            -0.30654385685920715,
            -0.784915566444397,
            0.23163378238677979,
            -0.37822064757347107,
            -0.27612486481666565,
            -0.42037785053253174,
            -0.132958322763443,
            -0.06242324039340019,
            -0.0709829032421112,
            -0.16800078749656677,
            0.43817079067230225,
            0.15577605366706848,
            1.095332145690918,
            -0.2597792148590088,
            0.09475395828485489,
            -0.29989510774612427,
            0.2664624750614166,
            -1.1161065101623535,
            -0.06916119158267975,
            0.22308915853500366,
            0.26829826831817627,
            0.3710654079914093,
            0.0019298556726425886,
            0.18354351818561554,
            0.29280346632003784,
            -0.19948774576187134,
            0.0070330738089978695,
            -0.1909325271844864,
            -0.19864165782928467,
            -0.171654611825943,
            0.40281906723976135,
            -0.12600067257881165,
            -0.30848756432533264,
            0.15869589149951935,
            -0.11314289271831512,
            0.08788752555847168,
            0.07067875564098358,
            -0.2183283418416977,
            0.501920759677887,
            0.7946493625640869,
            -0.2901691496372223,
            -0.26249364018440247,
            0.6037880778312683,
            0.25928330421447754,
            -0.21020255982875824,
            0.2481454610824585,
            0.1438172608613968,
            -0.03047625534236431,
            0.07886061072349548,
            -0.09536774456501007,
            -0.2038617730140686,
            0.3939233124256134,
            -0.26218754053115845,
            0.2774229347705841,
            0.07411457598209381,
            -0.008129126392304897,
            0.35069015622138977,
            0.0002910716866608709,
            0.0335816815495491,
            0.3702651858329773,
            -0.21424157917499542,
            -0.0017470464808866382,
            -0.24221943318843842,
            0.018258465453982353,
            0.2015535533428192,
            0.29550880193710327,
            -0.09798391908407211,
            0.15158036351203918,
            -0.27138209342956543,
            0.13958436250686646,
            0.8333176374435425,
            0.09874806553125381,
            1.294411540031433,
            -0.16709557175636292,
            0.36748090386390686,
            0.1328134983778,
            -0.2867889404296875,
            -0.12798897922039032,
            -0.2191397249698639,
            -0.17909683287143707,
            0.2587689459323883,
            -0.011966007761657238,
            0.653108537197113,
            -0.24122922122478485,
            -0.09053651988506317,
            0.26533979177474976,
            -0.22599394619464874,
            -0.09105492383241653,
            -0.2148071676492691,
            -0.04568300023674965,
            -0.35659193992614746,
            -0.01791573129594326,
            0.3004232347011566,
            -0.20306545495986938,
            -0.0995311513543129,
            -0.017869088798761368,
            -0.09439011663198471,
            -0.4998225271701813,
            -0.23495227098464966,
            -0.378084272146225,
            -0.378400057554245,
            0.2021590918302536,
            0.06532557308673859,
            0.030824417248368263,
            0.7699252367019653,
            -0.09348614513874054,
            0.19565661251544952,
            0.2654956579208374,
            0.08437124639749527,
            0.3264893889427185,
