{
    "image_path": "images/010.jpg",
    "mask_path": "masks/010.jpg",
    "mask_features": {
        "mask_area_ratio": 0.11102864583333333,
        "mask_bbox": {
            "x_min": 41,
            "y_min": 222,
            "x_max": 170,
            "y_max": 303
        },
        "mask_location": "edge_or_corner",
        "mask_fragments": 1
    },
    "image_features": {
        "resolution": {
            "width": 240,
            "height": 320,
            "aspect_ratio": 0.75
        },
        "faces_detected": 0,
        "texture": {
            "laplacian_variance": 1832.574582502577,
            "edge_density": 0.19165364583333333
        },
        "colors": {
            "brightness_mean": 118.37729166666666,
            "saturation_mean": 104.91029947916667,
            "dominant_colors": [
                [
                    32,
                    60,
                    56
                ],
                [
                    85,
                    124,
                    134
                ],
                [
                    246,
                    222,
                    185
                ]
            ]
        },
        "text_present": false,
        "clip_embedding": [
            0.14071349799633026,
            0.3751906454563141,
            -0.014127987436950207,
            0.024257605895400047,
            -0.038018014281988144,
            -0.2535928785800934,
            0.11910402774810791,
            -0.1937382072210312,
            0.18475425243377686,
            -0.015408148989081383,
            0.05336662009358406,
            0.22026385366916656,
            0.1706554889678955,
            -0.21930722892284393,
            0.19707025587558746,
            0.192747563123703,
            1.2827463150024414,
            0.17029164731502533,
            0.24042023718357086,
            0.07130284607410431,
            0.22074207663536072,
            -0.30725032091140747,
            0.19892571866512299,
            -0.4744734764099121,
            -0.0521700382232666,
            0.1263304054737091,
            0.04713230952620506,
            -0.7115532159805298,
            0.06452581286430359,
            -0.13879413902759552,
            0.027914870530366898,
            -0.11481023579835892,
            -0.09265758097171783,
            0.0033232735004276037,
            0.16352830827236176,
            0.1422189176082611,
            0.029538771137595177,
            0.07412160187959671,
            -0.28828707337379456,
            0.956758439540863,
            0.3036465048789978,
            0.19255350530147552,
            -0.028552459552884102,
            -0.44854071736335754,
            0.5604033470153809,
            -2.4663021564483643,
            -0.019577305763959885,
            0.3658600151538849,
            0.4316355884075165,
            -0.0406169593334198,
            0.2914882004261017,
            -0.059995029121637344,
            -0.22670750319957733,
            -0.06061869114637375,
            -0.23601335287094116,
            -0.5878300070762634,
            0.4250589907169342,
            -0.007545948028564453,
            -0.8826730847358704,
            -0.40842315554618835,
            -0.024000363424420357,
            -0.08024276793003082,
            0.1379048377275467,
            0.5523788928985596,
            0.010550790466368198,
            0.28655216097831726,
            0.3580334484577179,
            -0.11666987836360931,
            -0.04865049198269844,
            -0.1565699428319931,
            0.12120825052261353,
            0.08051271736621857,
            0.07621201872825623,
            -0.3528412878513336,
            -0.2196054309606552,
            0.07965559512376785,
            -0.5540164113044739,
            -0.2773118317127228,
            -0.03949548304080963,
            -0.039955854415893555,
            0.007663562893867493,
            0.4210362732410431,
            0.6451128721237183,
            0.026210157200694084,
            -0.00958379078656435,
            0.2584037780761719,
            -0.05782325565814972,
            -0.21490304172039032,
            0.77141273021698,
            -0.48121705651283264,
            -0.11348550021648407,
            -0.4031082093715668,
            -6.254128456115723,
            -0.7935872673988342,
            0.19565872848033905,
            -0.14518392086029053,
            -0.31879520416259766,
            -0.4927479922771454,
            0.0586596354842186,
            -0.3935025930404663,
            0.2887163758277893,
            0.06509386748075485,
            0.23723195493221283,
            -0.2927071750164032,
            0.5629227161407471,
            0.4351999759674072,
            -0.6475376486778259,
            -0.49587342143058777,
            -0.2641710638999939,
            -0.4980945885181427,
            -0.0781586542725563,
            -0.49783560633659363,
            -0.1151234433054924,
            -0.019529761746525764,
            0.4465027451515198,
            0.2113349437713623,
            -0.40068376064300537,
            0.004186203237622976,
            0.2351362109184265,
            0.4449220299720764,
            0.7656034827232361,
            -0.31871122121810913,
            -0.1717541515827179,
            0.20509329438209534,
            -0.041815005242824554,
            -0.4360881745815277,
            -0.1072695180773735,
            -0.05686235427856445,
            -0.3222958743572235,
            0.13465166091918945,
            0.002647779416292906,
            0.10448697954416275,
            -0.03662465512752533,
            0.8325529098510742,
            0.26627928018569946,
            -0.29529979825019836,
            0.5426726341247559,
            0.09634052962064743,
            0.0598464272916317,
            0.04809454828500748,
            0.2300570011138916,
            0.03119579888880253,
            -0.21553774178028107,
            -0.21088160574436188,
            0.29630887508392334,
            0.38025736808776855,
            0.06144433841109276,
            0.5633969306945801,
            0.1759064495563507,
            0.20566411316394806,
            0.3966558277606964,
            0.11515054851770401,
            0.12512512505054474,
            0.3772164583206177,
            0.702300488948822,
            0.13143235445022583,
            0.4392199218273163,
            0.3837296664714813,
            -0.525740385055542,
            -0.35827964544296265,
            -0.24461893737316132,
            -0.41886457800865173,
            -0.24994756281375885,
            0.2548404335975647,
            -0.1394752413034439,
            0.06050923094153404,
            0.39685145020484924,
            0.4306412935256958,
            -0.4467479884624481,
            0.602689802646637,
            0.025148259475827217,
            0.18037934601306915,
            -0.471160888671875,
            -0.23194140195846558,
            -0.09410013258457184,
            -0.6384759545326233,
            1.5038645267486572,
            -0.06609136611223221,
            -0.6262391209602356,
            0.5715469717979431,
            0.3682481646537781,
            -0.23069673776626587,
            -0.17360757291316986,
            -0.1366502195596695,
            -0.26075389981269836,
            -0.36586135625839233,
            -0.26219141483306885,
            0.10806012898683548,
            0.35009440779685974,
            -0.17600299417972565,
            -0.408057302236557,
            0.24485521018505096,
            0.348712295293808,
            -0.4465463161468506,
            -1.2822072505950928,
            0.011670447885990143,
            -0.25673744082450867,
            0.09702515602111816,
            0.5899249911308289,
            -0.4460383951663971,
            0.10772664099931717,
            0.012747392058372498,
            0.535474419593811,
            -0.06863469630479813,
