{
    "image_path": "images/011.jpg",
    "mask_path": "masks/011.jpg",
    "mask_features": {
        "mask_area_ratio": 0.097421875,
        "mask_bbox": {
            "x_min": 119,
            "y_min": 77,
            "x_max": 218,
            "y_max": 210
        },
        "mask_location": "edge_or_corner",
        "mask_fragments": 1
    },
    "image_features": {
        "resolution": {
            "width": 240,
            "height": 320,
            "aspect_ratio": 0.75
        },
        "faces_detected": 0,
        "texture": {
            "laplacian_variance": 213.34425305836993,
            "edge_density": 0.028802083333333332
        },
        "colors": {
            "brightness_mean": 136.08326822916666,
            "saturation_mean": 82.713984375,
            "dominant_colors": [
                [
                    71,
                    126,
                    119
                ],
                [
                    31,
                    83,
                    67
                ],
                [
                    196,
                    196,
                    196
                ]
            ]
        },
        "text_present": false,
        "clip_embedding": [
            -0.573226809501648,
            -0.2507908344268799,
            -0.24804654717445374,
            -0.03735795617103577,
            0.3315970301628113,
            0.18436631560325623,
            -0.11700556427240372,
            -0.5695794224739075,
            -0.16523420810699463,
            -0.11207669228315353,
            0.12377066910266876,
            -0.16431115567684174,
            -0.3891409933567047,
            -0.10585569590330124,
            -0.2262253314256668,
            0.05683562904596329,
            0.5539154410362244,
            -0.06364119797945023,
            -0.10430695116519928,
            -0.025030845776200294,
            -0.33136114478111267,
            0.15526975691318512,
            -0.13461323082447052,
            -0.07132967561483383,
            -0.363267719745636,
            0.5948454737663269,
            -0.05262497439980507,
            0.37264615297317505,
            -0.053536560386419296,
            -0.22641298174858093,
            -0.03386884182691574,
            -0.4114914536476135,
            0.06270880997180939,
            -0.017978211864829063,
            0.5159239768981934,
            0.1862240880727768,
            0.18715743720531464,
            0.15844976902008057,
            -0.19220183789730072,
            1.0012917518615723,
            -0.25936955213546753,
            -0.24416492879390717,
            -0.10941138118505478,
            -0.05499051511287689,
            0.12302814424037933,
            -1.351578712463379,
            0.0918043702840805,
            0.24553604423999786,
            -0.5286008715629578,
            -0.20252153277397156,
            0.39751997590065,
            -0.02022293210029602,
            0.2646814286708832,
            -0.24594733119010925,
            -0.3834861218929291,
            -0.5392162799835205,
            0.7374201416969299,
            -0.08210962265729904,
            -0.27521300315856934,
            -0.37103524804115295,
            0.8735579252243042,
            -0.042590197175741196,
            0.4026586413383484,
            0.08278686553239822,
            -0.2692749798297882,
            -0.225675567984581,
            -0.4271143078804016,
            0.9873400330543518,
            -0.19654396176338196,
            -0.4330746531486511,
            -0.17530423402786255,
            0.1653626710176468,
            0.61806720495224,
            0.0132985208183527,
            -0.36660370230674744,
            0.040330272167921066,
            -0.7543264031410217,
            0.18340210616588593,
            -0.0863952487707138,
            -0.13629357516765594,
            0.232491597533226,
            -0.25119253993034363,
            0.08702061325311661,
            -0.043870847672224045,
            0.3804466426372528,
            0.626758337020874,
            0.10320223867893219,
            0.12176499515771866,
            -0.1289389282464981,
            0.06453093141317368,
            -0.32582712173461914,
            0.008386824280023575,
            -5.512615203857422,
            0.1601419597864151,
            -0.11604209989309311,
            0.3776164948940277,
            0.5228288769721985,
            -0.05462949723005295,
            0.0016388974618166685,
            -0.797569751739502,
            0.2866465449333191,
            -0.1826978623867035,
            -0.2895451486110687,
            -0.1343826949596405,
            0.3755144774913788,
            -0.2589021623134613,
            -0.8582608699798584,
            -0.33751291036605835,
            -0.14363408088684082,
            0.24621950089931488,
            -0.12811976671218872,
            -0.1293889582157135,
            -0.23423269391059875,
            0.020127231255173683,
            -0.11701668798923492,
            0.14763760566711426,
            -0.10078594088554382,
            0.05339449271559715,
            -0.1439681053161621,
            -0.5138636827468872,
            0.41015905141830444,
            0.20476636290550232,
            -0.18727673590183258,
            -0.4959118664264679,
            0.011936621740460396,
            0.046659719198942184,
            -0.029958825558423996,
            0.1910286247730255,
            -0.0956740453839302,
            0.813931941986084,
            0.3267647325992584,
            0.35487639904022217,
            0.06896807253360748,
            0.7590774893760681,
            -0.07325965911149979,
            0.005546552129089832,
            0.16783571243286133,
            -0.2850171625614166,
            -0.45515549182891846,
            -0.1678723692893982,
            -0.3507206439971924,
            0.025386400520801544,
            -0.3503449559211731,
            0.4891071617603302,
            -0.3720080554485321,
            0.21382002532482147,
            -0.05896461755037308,
            -0.02927384339272976,
            0.0023470649030059576,
            -0.2577093839645386,
            -0.13395418226718903,
            0.014817018061876297,
            1.5505495071411133,
            -0.4665847420692444,
            0.1117616519331932,
            0.10674944519996643,
            -0.4677272140979767,
            0.4721762537956238,
            0.11684318631887436,
            -0.47368481755256653,
            0.5341241955757141,
            0.055179718881845474,
            -0.5264155864715576,
            0.3289817273616791,
            0.45864129066467285,
            0.33690527081489563,
            -0.22356726229190826,
            0.3912545442581177,
            0.15007929503917694,
            0.16549542546272278,
            -0.13508018851280212,
            -0.14441555738449097,
            0.20070697367191315,
            -0.05265595391392708,
            -0.05420444905757904,
            -0.22571595013141632,
            -0.29411301016807556,
            -0.14673225581645966,
            0.1016848087310791,
            0.10458076745271683,
            -0.38300567865371704,
            -0.18715937435626984,
            0.42957061529159546,
            -0.30785009264945984,
            -0.06381750851869583,
            0.12386525422334671,
            -0.5080571174621582,
            -0.28190556168556213,
            0.24006392061710358,
            -0.21430367231369019,
            0.15151800215244293,
            0.154475599527359,
            0.09209265559911728,
            -0.0700342133641243,
            -1.0061019659042358,
            -0.41404545307159424,
            -0.24526247382164001,
            0.06688050180673599,
            -0.29004719853401184,
            -0.009225757792592049,
            0.3013996481895447,
            0.23867402970790863,
            0.03399933874607086,
            0.2697267532348633,
