{
    "image_path": "images/012.jpg",
    "mask_path": "masks/012.jpg",
    "mask_features": {
        "mask_area_ratio": 0.123359375,
        "mask_bbox": {
            "x_min": 20,
            "y_min": 186,
            "x_max": 184,
            "y_max": 273
        },
        "mask_location": "edge_or_corner",
        "mask_fragments": 1
    },
    "image_features": {
        "resolution": {
            "width": 240,
            "height": 320,
            "aspect_ratio": 0.75
        },
        "faces_detected": 0,
        "texture": {
            "laplacian_variance": 969.8935485024344,
            "edge_density": 0.123671875
        },
        "colors": {
            "brightness_mean": 133.237890625,
            "saturation_mean": 101.3439453125,
            "dominant_colors": [
                [
                    86,
                    127,
                    150
                ],
                [
                    50,
                    79,
                    100
                ],
                [
                    206,
                    180,
                    152
                ]
            ]
        },
        "text_present": false,
        "clip_embedding": [
            -0.11881576478481293,
            0.2512693703174591,
            -0.10581061244010925,
            -0.3079858124256134,
            0.13009564578533173,
            0.31528323888778687,
            0.18374638259410858,
            -1.018601655960083,
            0.49050337076187134,
            0.2947426736354828,
            0.049470238387584686,
            0.054216280579566956,
            -0.48310306668281555,
            0.5225790739059448,
            0.2760542035102844,
            0.19280385971069336,
            0.3248056173324585,
            0.010090325027704239,
            -0.5614311695098877,
            -0.2619183659553528,
            -0.43939805030822754,
            0.09518597275018692,
            0.08567354828119278,
            -0.27976807951927185,
            0.2501119375228882,
            0.4095192551612854,
            0.2673887312412262,
            0.18436524271965027,
            -0.24877247214317322,
            -0.04782244563102722,
            0.20334845781326294,
            0.03085467964410782,
            0.34848734736442566,
            -0.2360856533050537,
            0.4640392065048218,
            0.3449714779853821,
            -0.16811522841453552,
            0.07648923248052597,
            -0.6802029609680176,
            0.6559057831764221,
            -0.3474283516407013,
            -0.36458948254585266,
            0.4865747094154358,
            -0.13296723365783691,
            0.4619554579257965,
            -1.2136701345443726,
            0.3216346800327301,
            0.33617690205574036,
            -0.3696030080318451,
            0.1660798043012619,
            -0.24571716785430908,
            0.22570161521434784,
            0.031028680503368378,
            0.17155811190605164,
            0.00658622058108449,
            0.08742623776197433,
            0.8573508858680725,
            0.34349125623703003,
            -0.44182905554771423,
            -0.32930758595466614,
            -0.2920682728290558,
            -0.25189852714538574,
            0.47236090898513794,
            0.4691978991031647,
            0.33401045203208923,
            -0.06903453916311264,
            -0.3600546717643738,
            0.2837323248386383,
            -0.4522008001804352,
            0.47382640838623047,
            -0.03638102486729622,
            -0.04250216856598854,
            -0.5121349096298218,
            0.7858611345291138,
            -0.43800368905067444,
            -0.12585358321666718,
            -0.598669707775116,
            -0.13357295095920563,
            -0.21227313578128815,
            -0.17605899274349213,
            0.524865984916687,
            0.5115363597869873,
            -0.2927119731903076,
            -0.042234715074300766,
            0.40273213386535645,
            0.2826167047023773,
            0.5454424023628235,
            -0.009159959852695465,
            -0.1293909251689911,
            -0.10588793456554413,
            -0.09006942063570023,
            0.05458078160881996,
            -5.6597161293029785,
            0.037989772856235504,
            0.01493882667273283,
            0.24074597656726837,
            0.07091443240642548,
            -0.015364373102784157,
            -1.4451754093170166,
            0.7583428621292114,
            0.36329662799835205,
            -0.2790846824645996,
            0.6788323521614075,
            0.13189077377319336,
            1.1253907680511475,
            0.003512855852022767,
            1.395228385925293,
            -0.44132518768310547,
            -0.2129855751991272,
            0.03717026486992836,
            0.26285094022750854,
            -0.8819617629051208,
            -0.1889561265707016,
            0.05111713707447052,
            0.11289376765489578,
            -0.22202414274215698,
            -0.4539170265197754,
            0.05199102684855461,
            0.013904423452913761,
            -0.5189720392227173,
            -0.21285566687583923,
            -0.2418157309293747,
            0.013962176628410816,
            0.5837331414222717,
            0.10360109061002731,
            -0.04846595227718353,
            -0.21125732362270355,
            0.41528117656707764,
            -0.006262038368731737,
            0.11981426924467087,
            0.03606216236948967,
            0.5995360612869263,
            -0.02777910977602005,
            0.8146743774414062,
            -0.30820056796073914,
            0.13091902434825897,
            -0.43504494428634644,
            -0.27809587121009827,
            -0.42939427495002747,
            -0.20356447994709015,
            -0.2901138961315155,
            0.21042993664741516,
            0.2150467336177826,
            -0.019880354404449463,
            -0.4841163456439972,
            0.5688338279724121,
            0.4742559790611267,
            0.9266574382781982,
            -0.12813997268676758,
            0.12424953281879425,
            -0.20744609832763672,
            -0.16032075881958008,
            0.15623676776885986,
            -0.05177073925733566,
            -0.3743025064468384,
            0.14555755257606506,
            -0.40440624952316284,
            0.10293231904506683,
            -0.17753420770168304,
            -0.06767324358224869,
            -0.1166691929101944,
            0.23576335608959198,
            0.309932142496109,
            -0.19050171971321106,
            0.052684083580970764,
            -0.03843105211853981,
            0.28401172161102295,
            0.19337572157382965,
            -0.03457992896437645,
            0.24723298847675323,
            -0.2523009181022644,
            0.3068927526473999,
            0.2857631742954254,
            -0.31552037596702576,
            -0.08906590938568115,
            0.10195624828338623,
            0.25048643350601196,
            0.10156107693910599,
            0.1255708485841751,
            0.034620996564626694,
            -0.11928842961788177,
            0.13593031466007233,
            -0.412771075963974,
            -0.18072378635406494,
            -0.0664026215672493,
            -0.4107850193977356,
            -0.05326853320002556,
            -0.18900732696056366,
            0.19296669960021973,
            -0.10670425742864609,
            -0.38353392481803894,
            -0.06971602886915207,
            -0.027969328686594963,
            0.5311067700386047,
            -0.9268959760665894,
            -0.29590579867362976,
            0.3559211492538452,
            -0.04940538480877876,
            -0.053472526371479034,
            0.07865171879529953,
            0.1185779869556427,
            0.11083432286977768,
            -0.18518446385860443,
            -0.3934629559516907,
