{
    "image_path": "images/013.png",
    "mask_path": "masks/013.png",
    "mask_features": {
        "mask_area_ratio": 0.11256471893491124,
        "mask_bbox": {
            "x_min": 398,
            "y_min": 429,
            "x_max": 931,
            "y_max": 752
        },
        "mask_location": "edge_or_corner",
        "mask_fragments": 1
    },
    "image_features": {
        "resolution": {
            "width": 1248,
            "height": 832,
            "aspect_ratio": 1.5
        },
        "faces_detected": 0,
        "texture": {
            "laplacian_variance": 32.51946880972598,
            "edge_density": 0.02252161150147929
        },
        "colors": {
            "brightness_mean": 100.72008482803254,
            "saturation_mean": 43.659268290803745,
            "dominant_colors": [
                [
                    27,
                    29,
                    34
                ],
                [
                    82,
                    90,
                    102
                ],
                [
                    132,
                    141,
                    149
                ]
            ]
        },
        "text_present": false,
        "clip_embedding": [
            0.29123398661613464,
            0.334431529045105,
            0.06211981177330017,
            0.2791264057159424,
            -0.5767385363578796,
            -0.38297975063323975,
            0.18338261544704437,
            -0.027948474511504173,
            0.19677293300628662,
            -0.35699933767318726,
            0.14397582411766052,
            0.3089354336261749,
            -0.2518030107021332,
            -0.04922231659293175,
            0.2784785330295563,
            0.06670097261667252,
            0.5389988422393799,
            0.3454638123512268,
            0.19671782851219177,
            -0.009835044853389263,
            0.870856761932373,
            0.22217585146427155,
            0.13940906524658203,
            0.018122879788279533,
            -0.252327024936676,
            0.3402605950832367,
            -0.44700759649276733,
            -0.4004707932472229,
            -0.2874775230884552,
            -0.35922443866729736,
            0.1058584675192833,
            0.030068986117839813,
            0.0367177315056324,
            0.12519194185733795,
            0.5447698831558228,
            -0.1439945250749588,
            -0.3622104525566101,
            0.3248986005783081,
            0.05750860646367073,
            1.397871494293213,
            0.32514649629592896,
            0.38213634490966797,
            -0.48712262511253357,
            0.01629096455872059,
            -0.28086042404174805,
            -1.4929375648498535,
            0.41659364104270935,
            -0.1299213320016861,
            -0.21031373739242554,
            0.8650698065757751,
            0.35191166400909424,
            -0.01611730083823204,
            0.29906097054481506,
            -0.010130561888217926,
            -0.06822061538696289,
            0.2632443904876709,
            0.5325239300727844,
            -0.11982045322656631,
            -0.7102004289627075,
            -0.1078651025891304,
            0.33295297622680664,
            0.030022408813238144,
            0.10524735599756241,
            0.034215204417705536,
            -0.14805062115192413,
            0.20173335075378418,
            0.6565223336219788,
            0.4700838327407837,
            -0.005431054625660181,
            -0.0022170471493154764,
            0.03747488930821419,
            -0.07732407748699188,
            -0.08327440172433853,
            0.1266518384218216,
            -0.12704826891422272,
            -0.5825422406196594,
            -0.4187946617603302,
            -0.20182500779628754,
            -0.19822877645492554,
            0.22653494775295258,
            0.47139498591423035,
            0.22428913414478302,
            0.04833691939711571,
            0.2399750053882599,
            0.08261420577764511,
            0.266930490732193,
            0.24364124238491058,
            -0.26042628288269043,
            0.10598495602607727,
            -0.22013932466506958,
            0.051674455404281616,
            -0.18307054042816162,
            -6.098731517791748,
            1.4184597730636597,
            0.34148359298706055,
            0.2829395830631256,
            -0.26466017961502075,
            -0.40067344903945923,
            -0.14658324420452118,
            -0.1879146248102188,
            0.313260942697525,
            -0.1442406326532364,
            0.3017491102218628,
            0.36212462186813354,
            0.9012414813041687,
            -0.12200304865837097,
            -1.6474525928497314,
            -0.14160391688346863,
            0.006139457691460848,
            -0.16421544551849365,
            0.4373922646045685,
            -0.8762509822845459,
            -0.2523324191570282,
            -0.21652932465076447,
            0.008074993267655373,
            0.305303692817688,
            -0.18126775324344635,
            -0.24181634187698364,
            0.5990678668022156,
            -0.3899284601211548,
            0.11544940620660782,
            -0.5896629691123962,
            -0.023869456723332405,
            0.04848640784621239,
            -0.4129485785961151,
            -0.17823489010334015,
            0.0733947604894638,
            0.013380656018853188,
            0.17884717881679535,
            -0.15667766332626343,
            -0.5876043438911438,
            -0.3076927959918976,
            0.4479069113731384,
            0.8327964544296265,
            0.624725341796875,
            0.03850174695253372,
            0.206837996840477,
            -0.7564052939414978,
            -0.01569092459976673,
            0.3528536558151245,
            0.11208292841911316,
            -0.31014466285705566,
            -0.042122453451156616,
            0.10808996856212616,
            -0.3002617657184601,
            0.4930464029312134,
            -0.19027261435985565,
            0.784196674823761,
            -0.10791732370853424,
            -0.002393262227997184,
            0.14446011185646057,
            0.15256348252296448,
            1.60142982006073,
            0.058478280901908875,
            -0.28954365849494934,
            -0.48785239458084106,
            0.38310250639915466,
            -0.38330328464508057,
            0.1408339887857437,
            -0.08155085146427155,
            -0.3430387079715729,
            -0.5656090378761292,
            0.47729161381721497,
            0.32711371779441833,
            0.597411036491394,
            0.10980265587568283,
            1.0373705625534058,
            0.20754052698612213,
            0.24592098593711853,
            -0.09347082674503326,
            0.45732441544532776,
            0.05806402117013931,
            0.20436671376228333,
            -0.6082954406738281,
            -0.42381131649017334,
            -0.4781263470649719,
            1.7494465112686157,
            -0.008470178581774235,
            0.5822426080703735,
            0.48605459928512573,
            0.47920241951942444,
            -0.14823056757450104,
            -0.16182851791381836,
            -0.21887588500976562,
            -0.44875842332839966,
            0.29179784655570984,
            -0.07033879309892654,
            -0.06809934228658676,
            0.10921967774629593,
            -0.1904831826686859,
            -0.18271055817604065,
            -0.2346366047859192,
            0.15486274659633636,
            -0.6540751457214355,
            -0.31892475485801697,
            -0.2915284335613251,
            0.1290978491306305,
            -0.4156641662120819,
            -0.36455196142196655,
            -0.13687488436698914,
            -0.018183376640081406,
            -0.06500929594039917,
            0.20781315863132477,
            0.19213329255580902,
