{
    "image_path": "images/014.png",
    "mask_path": "masks/014.png",
    "mask_features": {
        "mask_area_ratio": 0.031384336890243905,
        "mask_bbox": {
            "x_min": 231,
            "y_min": 277,
            "x_max": 482,
            "y_max": 538
        },
        "mask_location": "edge_or_corner",
        "mask_fragments": 1
    },
    "image_features": {
        "resolution": {
            "width": 1312,
            "height": 800,
            "aspect_ratio": 1.64
        },
        "faces_detected": 0,
        "texture": {
            "laplacian_variance": 13.176329077082173,
            "edge_density": 0.012166539634146342
        },
        "colors": {
            "brightness_mean": 146.8269493140244,
            "saturation_mean": 33.40700362042683,
            "dominant_colors": [
                [
                    233,
                    217,
                    206
                ],
                [
                    142,
                    136,
                    132
                ],
                [
                    73,
                    72,
                    75
                ]
            ]
        },
        "text_present": false,
        "clip_embedding": [
            0.008213301189243793,
            0.18497800827026367,
            -0.31013932824134827,
            -0.01393328420817852,
            -0.3516896367073059,
            -0.3956793248653412,
            0.009176358580589294,
            -0.3844919502735138,
            0.12185028940439224,
            0.3921908736228943,
            -0.014054371044039726,
            -0.35195812582969666,
            0.1723068803548813,
            0.14771196246147156,
            0.877917468547821,
            -0.29106688499450684,
            0.40505218505859375,
            0.2500811517238617,
            0.2004234343767166,
            0.10532446205615997,
            -0.029638836160302162,
            -0.315593957901001,
            0.4231172502040863,
            0.2670195698738098,
            -0.550435483455658,
            0.13744454085826874,
            0.002834663726389408,
            -0.02846214920282364,
            -0.3968348503112793,
            -0.2414865791797638,
            -0.5271838307380676,
            -0.22356149554252625,
            0.18351544439792633,
            -0.21582351624965668,
            -0.3623467981815338,
            0.06778545677661896,
            0.03597084805369377,
            -0.05914473906159401,
            0.11191145330667496,
            0.8676525354385376,
            0.4247613847255707,
            -0.5359643697738647,
            -0.07974464446306229,
            -0.03282322734594345,
            0.4477292597293854,
            -1.221178650856018,
            0.5123669505119324,
            -0.04132405295968056,
            0.34859731793403625,
            0.38905325531959534,
            -0.10386954247951508,
            0.19094960391521454,
            -0.07286956906318665,
            -0.32036617398262024,
            -0.5236901640892029,
            0.4790925979614258,
            0.4706578552722931,
            -0.06733055412769318,
            -0.2730073034763336,
            -0.5211643576622009,
            0.2789493799209595,
            0.03615798056125641,
            0.45512911677360535,
            -0.3079566955566406,
            -0.3845179080963135,
            -0.03019064851105213,
            0.2002137452363968,
            1.0033979415893555,
            0.2902357876300812,
            0.22030146420001984,
            0.1467134803533554,
            0.5056472420692444,
            0.37252089381217957,
            -0.1404975801706314,
            0.03429955989122391,
            0.27398988604545593,
            0.12536199390888214,
            -0.34711870551109314,
            -0.12108069658279419,
            -0.41535988450050354,
            0.22209572792053223,
            0.09939589351415634,
            0.3038763105869293,
            0.21930661797523499,
            0.33997461199760437,
            0.9189853072166443,
            -0.4740684926509857,
            -0.11613000184297562,
            0.5892252326011658,
            0.11236264556646347,
            0.08581376820802689,
            -0.0643027126789093,
            -5.13615608215332,
            0.4526689052581787,
            0.5269390940666199,
            0.35950395464897156,
            0.01024931762367487,
            -0.3411995768547058,
            0.06751988083124161,
            -0.9040006399154663,
            0.30601727962493896,
            -0.17636141180992126,
            -0.06494060158729553,
            0.2809654176235199,
            0.4105181097984314,
            0.5494713187217712,
            -0.909248411655426,
            0.05235551670193672,
            0.026797860860824585,
            -0.16336429119110107,
            0.698928952217102,
            -0.4897381663322449,
            -0.06715313345193863,
            -0.04403897374868393,
            -0.28260287642478943,
            -0.033297162503004074,
            -0.30109918117523193,
            0.18166634440422058,
            0.3699795603752136,
            -0.36145803332328796,
            -0.33393967151641846,
            0.11955146491527557,
            0.25505632162094116,
            -0.5856907963752747,
            0.358776330947876,
            -0.15372249484062195,
            0.5068117380142212,
            -0.0625070258975029,
            -0.4557845890522003,
            -0.20903544127941132,
            -0.24763570725917816,
            -0.32288306951522827,
            0.590573251247406,
            0.8024656772613525,
            0.4659651517868042,
            -0.08120057731866837,
            0.6383510828018188,
            -0.1842336803674698,
            -0.7823390364646912,
            -0.25169920921325684,
            0.189814031124115,
            0.1445048749446869,
            0.16488082706928253,
            0.34907594323158264,
            0.028885871171951294,
            -0.06061936169862747,
            -0.2946184575557709,
            0.09407593309879303,
            -0.3675457537174225,
            0.2816489636898041,
            -0.26524651050567627,
            -0.3615914583206177,
            -0.08037211000919342,
            0.5921061038970947,
            0.17845870554447174,
            -0.5084869265556335,
            0.05116908252239227,
            0.2908999025821686,
            0.48128944635391235,
            -0.20548389852046967,
            -0.18374596536159515,
            -0.6521108150482178,
            0.31420326232910156,
            0.15807077288627625,
            0.26996904611587524,
            0.09623534232378006,
            -0.232993945479393,
            0.41054967045783997,
            -0.17936688661575317,
            0.1375945508480072,
            0.28445354104042053,
            -0.20297235250473022,
            -0.19943362474441528,
            -0.0759044662117958,
            0.3370325267314911,
            -0.4985010027885437,
            0.1349005550146103,
            -0.1712525337934494,
            -0.027779240161180496,
            0.3945750892162323,
            0.04935159906744957,
            -0.14127986133098602,
            -0.01881406456232071,
            0.05019892379641533,
            -0.35042575001716614,
            0.08501698821783066,
            -0.31957346200942993,
            -0.0954781323671341,
            -0.05361175164580345,
            -0.28843528032302856,
            0.12827430665493011,
            -0.1408473551273346,
            -0.3835158050060272,
            -0.307675302028656,
            -1.1539369821548462,
            0.1561891734600067,
            -0.23251649737358093,
            -0.23271381855010986,
            0.3898584544658661,
            0.36941349506378174,
            0.13985440135002136,
            0.14950443804264069,
            -0.6030046939849854,
            -0.2001827210187912,
