{
    "image_path": "images/015.jpg",
    "mask_path": "masks/015.jpg",
    "mask_features": {
        "mask_area_ratio": 0.06080134854771784,
        "mask_bbox": {
            "x_min": 9,
            "y_min": 179,
            "x_max": 119,
            "y_max": 228
        },
        "mask_location": "edge_or_corner",
        "mask_fragments": 1
    },
    "image_features": {
        "resolution": {
            "width": 320,
            "height": 241,
            "aspect_ratio": 1.328
        },
        "faces_detected": 0,
        "texture": {
            "laplacian_variance": 650.2771984705022,
            "edge_density": 0.04002852697095435
        },
        "colors": {
            "brightness_mean": 169.2552645228216,
            "saturation_mean": 6.205562759336099,
            "dominant_colors": [
                [
                    65,
                    66,
                    72
                ],
                [
                    201,
                    201,
                    202
                ],
                [
                    117,
                    120,
                    120
                ]
            ]
        },
        "text_present": false,
        "clip_embedding": [
            0.47313830256462097,
            -0.10658510774374008,
            0.09926927089691162,
            -0.2688984274864197,
            0.4430387318134308,
            -0.14512962102890015,
            -0.17334884405136108,
            -0.08335496485233307,
            -0.31051695346832275,
            0.08187934756278992,
            0.33647391200065613,
            -0.1306556910276413,
            0.37225937843322754,
            -0.1970699280500412,
            0.5130079984664917,
            -0.1796036660671234,
            -0.5991367101669312,
            -0.5171549916267395,
            0.07841265946626663,
            -0.03313451260328293,
            -0.4078899919986725,
            -0.017488157376646996,
            -0.12038818001747131,
            -0.59908527135849,
            -0.10010462254285812,
            0.19397737085819244,
            0.03509753197431564,
            0.22025564312934875,
            -0.44333744049072266,
            -0.04131820425391197,
            -0.1355941742658615,
            0.2652546167373657,
            0.5410054922103882,
            0.3640972077846527,
            -0.41850727796554565,
            -0.038762275129556656,
            -0.08255378901958466,
            0.19182085990905762,
            -0.3599642515182495,
            1.270065426826477,
            0.3654848635196686,
            -0.47223353385925293,
            0.31802698969841003,
            0.40674781799316406,
            0.09967750310897827,
            0.6780513525009155,
            0.3204791247844696,
            -0.14341196417808533,
            -0.22213290631771088,
            -0.09831909090280533,
            -0.4661155343055725,
            0.07814942300319672,
            -0.2926025688648224,
            -0.33337754011154175,
            -0.38257062435150146,
            0.09006563574075699,
            0.2949586510658264,
            0.18386416137218475,
            0.0631134882569313,
            0.6233741044998169,
            0.2103615403175354,
            -0.22037625312805176,
            0.4114859402179718,
            -0.07618207484483719,
            0.13854636251926422,
            -0.2682630121707916,
            0.1277543306350708,
            1.337260127067566,
            0.16676604747772217,
            -0.10231160372495651,
            -0.4521770179271698,
            0.7061182856559753,
            0.5143614411354065,
            0.31098225712776184,
            -0.18712569773197174,
            -0.15686556696891785,
            -0.24908757209777832,
            0.017875244840979576,
            -0.386312872171402,
            -0.06896376609802246,
            0.0902947187423706,
            0.22410114109516144,
            -0.05964851379394531,
            -0.6038663387298584,
            0.7058917284011841,
            -0.16332682967185974,
            -0.6215614080429077,
            0.27236878871917725,
            -0.28212273120880127,
            0.1282181441783905,
            -0.1161266565322876,
            -0.14655788242816925,
            -5.635244846343994,
            0.12810620665550232,
            0.6198551654815674,
            0.34779831767082214,
            -0.1269269436597824,
            -0.048720329999923706,
            0.07336382567882538,
            -0.7488027215003967,
            -0.016517357900738716,
            -0.06765951961278915,
            -0.22727921605110168,
            0.3177189826965332,
            -0.03369622677564621,
            -0.14618505537509918,
            -2.076497793197632,
            -0.26224449276924133,
            0.5294002294540405,
            0.14326037466526031,
            -0.16651849448680878,
            -0.5755084753036499,
            0.18088358640670776,
            -0.005054325331002474,
            0.07282201945781708,
            -0.12877491116523743,
            -0.3859003782272339,
            0.13551262021064758,
            0.18808136880397797,
            -0.6198180913925171,
            -0.08909648656845093,
            0.18957476317882538,
            0.31843093037605286,
            -0.09093452990055084,
            0.39499175548553467,
            -0.1497945636510849,
            -0.27066171169281006,
            0.09473135322332382,
            0.3241800367832184,
            0.12102500349283218,
            0.6200409531593323,
            0.13366256654262543,
            0.24098195135593414,
            0.8467536568641663,
            0.12202657759189606,
            -0.06180353835225105,
            0.20163896679878235,
            -0.02246834710240364,
            -0.20886249840259552,
            0.22665716707706451,
            -0.26344233751296997,
            0.2243993580341339,
            -0.05727407708764076,
            0.18034344911575317,
            -0.11636891216039658,
            0.17221587896347046,
            0.0919351801276207,
            -0.08477086573839188,
            -0.07928267121315002,
            0.0784928947687149,
            0.13120879232883453,
            -0.044548533856868744,
            0.3179529905319214,
            -0.1907331943511963,
            0.39836448431015015,
            -0.5111972689628601,
            -0.08334224671125412,
            0.3170301616191864,
            0.42621222138404846,
            -0.3099430501461029,
            -0.08207990974187851,
            -0.22381502389907837,
            0.5251337289810181,
            0.3426523506641388,
            0.6033559441566467,
            -0.3355315625667572,
            0.22619231045246124,
            -0.2254064381122589,
            0.36750322580337524,
            0.20819561183452606,
            0.44320154190063477,
            0.23162119090557098,
            0.008774158544838428,
            -0.38046595454216003,
            0.36984455585479736,
            0.4343535602092743,
            -0.03479229286313057,
            0.2786690592765808,
            -0.1145433709025383,
            -0.1846604198217392,
            -0.03973400592803955,
            0.4187270402908325,
            0.05189867317676544,
            -0.4645339548587799,
            0.2881557047367096,
            0.46589893102645874,
            0.13561725616455078,
            -0.34379851818084717,
            -0.1529010832309723,
            0.218097522854805,
            0.003993045073002577,
            0.17790064215660095,
            -0.021662697196006775,
            -0.40648987889289856,
            0.2140129953622818,
            -0.02651214599609375,
            0.6453275680541992,
            -0.24145705997943878,
            0.54437655210495,
            -0.31133368611335754,
            0.32608669996261597,
            -0.04847317188978195,
            -0.019816067069768906,
            0.054292481392621994,
