{
    "image_path": "images/016.png",
    "mask_path": "masks/016.png",
    "mask_features": {
        "mask_area_ratio": 0.04486437469835907,
        "mask_bbox": {
            "x_min": 508,
            "y_min": 418,
            "x_max": 653,
            "y_max": 894
        },
        "mask_location": "edge_or_corner",
        "mask_fragments": 1
    },
    "image_features": {
        "resolution": {
            "width": 1184,
            "height": 896,
            "aspect_ratio": 1.321
        },
        "faces_detected": 0,
        "texture": {
            "laplacian_variance": 23.73294923740224,
            "edge_density": 0.023481803511100387
        },
        "colors": {
            "brightness_mean": 109.01740373883929,
            "saturation_mean": 27.109447582347972,
            "dominant_colors": [
                [
                    32,
                    36,
                    33
                ],
                [
                    223,
                    222,
                    221
                ],
                [
                    101,
                    101,
                    98
                ]
            ]
        },
        "text_present": true,
        "clip_embedding": [
            -0.23058253526687622,
            0.32101577520370483,
            0.14410950243473053,
            0.07082553207874298,
            -0.09022092819213867,
            0.06813162565231323,
            0.13358965516090393,
            0.04248342290520668,
            -0.004965194035321474,
            0.2898590564727783,
            -0.12812539935112,
            -0.41853412985801697,
            -0.0812876969575882,
            0.399394154548645,
            0.5018206834793091,
            0.3301502466201782,
            0.0035627817269414663,
            0.14686335623264313,
            -0.03971726447343826,
            -0.04664328321814537,
            1.411544919013977,
            0.2693341374397278,
            -0.24381044507026672,
            -0.24210232496261597,
            0.13929635286331177,
            0.14590030908584595,
            0.4761115312576294,
            -0.2952098548412323,
            -0.004105688072741032,
            -0.07269714772701263,
            -0.08446277678012848,
            -0.13354402780532837,
            0.016490314155817032,
            0.027080753818154335,
            0.7466819286346436,
            0.006370950024574995,
            -0.23836857080459595,
            0.11442810297012329,
            -0.4839918911457062,
            -0.31463423371315,
            -0.32364898920059204,
            -0.08978720754384995,
            -0.29678720235824585,
            0.26644670963287354,
            0.2673420011997223,
            0.7873530983924866,
            0.1324116587638855,
            -0.018054423853754997,
            0.1443597972393036,
            -0.46282172203063965,
            0.6632604598999023,
            0.1432231366634369,
            0.05210430920124054,
            0.16838137805461884,
            -0.004858686588704586,
            -0.08989377319812775,
            0.5666335821151733,
            -0.14565807580947876,
            -0.25692328810691833,
            -0.4966932535171509,
            0.9534931778907776,
            0.1173548474907875,
            0.3488634526729584,
            -0.27625060081481934,
            -0.02667006477713585,
            0.20041941106319427,
            0.4565180540084839,
            0.8687678575515747,
            -0.27494606375694275,
            0.12726102769374847,
            0.09132388234138489,
            0.13254204392433167,
            -0.05278686061501503,
            -0.3393257260322571,
            0.053740911185741425,
            0.16523635387420654,
            0.05135989189147949,
            -0.1111295223236084,
            0.10209573805332184,
            -0.3593798875808716,
            0.2099214494228363,
            0.030132459476590157,
            -0.08631239086389542,
            0.5189563035964966,
            0.09293194860219955,
            0.5854629278182983,
            0.9589961767196655,
            0.19408583641052246,
            0.07251568883657455,
            -0.13179244101047516,
            0.10624825209379196,
            0.04476441070437431,
            -5.771854400634766,
            -0.06379542499780655,
            -0.09402066469192505,
            0.08725666254758835,
            -0.024979719892144203,
            0.05348662659525871,
            -0.34016093611717224,
            -0.2355676293373108,
            -0.03132664039731026,
            -0.33486735820770264,
            0.2994522154331207,
            0.2910933196544647,
            -0.1352461278438568,
            -0.18126608431339264,
            -0.8653114438056946,
            0.10239335894584656,
            0.4116135239601135,
            -0.012100793421268463,
            0.1185547485947609,
            -0.9140887260437012,
            -0.4002819061279297,
            0.3341345191001892,
            -0.015773747116327286,
            0.4208604693412781,
            0.42670977115631104,
            0.10319739580154419,
            0.42067593336105347,
            0.17002126574516296,
            -0.06844253093004227,
            0.8009225130081177,
            0.43968674540519714,
            0.2262425273656845,
            -0.1575910747051239,
            -0.13873355090618134,
            -0.027515584602952003,
            -0.19349706172943115,
            0.028779013082385063,
            0.4076892137527466,
            0.3574225902557373,
            -0.14273393154144287,
            0.04712430760264397,
            0.915744423866272,
            -0.42048636078834534,
            0.10596984624862671,
            0.36211061477661133,
            -0.2188728302717209,
            0.3225656747817993,
            -0.1759360432624817,
            -0.0938090905547142,
            0.08853565901517868,
            0.17194782197475433,
            -0.09429643303155899,
            -0.09592600166797638,
            0.5513204336166382,
            -0.37034326791763306,
            0.28763052821159363,
            0.07717035710811615,
            0.2521313726902008,
            0.2925005853176117,
            0.31504684686660767,
            0.7334631681442261,
            -0.041899602860212326,
            0.0766463354229927,
            0.023720398545265198,
            0.11599882692098618,
            0.23313981294631958,
            0.09034257382154465,
            -0.2001420557498932,
            -0.27674803137779236,
            -0.238556370139122,
            -0.6608965992927551,
            0.12595954537391663,
            0.4338440001010895,
            0.03564850986003876,
            1.507767915725708,
            -0.14535020291805267,
            0.10899215191602707,
            0.5548459887504578,
            0.15392126142978668,
            0.07561066746711731,
            0.177887961268425,
            -0.32244837284088135,
            -0.4750371277332306,
            0.34931573271751404,
            0.9361610412597656,
            -0.13212954998016357,
            -0.7347096800804138,
            -0.029665615409612656,
            0.13094010949134827,
            -0.19314563274383545,
            -0.26497381925582886,
            -0.12951017916202545,
            0.13904646039009094,
            -0.00040818267734721303,
            0.4071209728717804,
            -0.014050043188035488,
            -0.041687704622745514,
            0.1606035977602005,
            0.23442040383815765,
            0.08158640563488007,
            0.020107420161366463,
            -0.1989167183637619,
            0.7658974528312683,
            0.0931072011590004,
            -0.2202715426683426,
            -0.26379671692848206,
            0.49361807107925415,
            0.07230013608932495,
            -0.36262327432632446,
            -0.20927532017230988,
            0.15370693802833557,
            -0.5845605731010437,
