{
    "image_path": "images/017.png",
    "mask_path": "masks/017.png",
    "mask_features": {
        "mask_area_ratio": 0.18801189448287514,
        "mask_bbox": {
            "x_min": 689,
            "y_min": 83,
            "x_max": 1144,
            "y_max": 998
        },
        "mask_location": "center",
        "mask_fragments": 1
    },
    "image_features": {
        "resolution": {
            "width": 1499,
            "height": 999,
            "aspect_ratio": 1.501
        },
        "faces_detected": 1,
        "texture": {
            "laplacian_variance": 1360.019032384111,
            "edge_density": 0.09677055307475588
        },
        "colors": {
            "brightness_mean": 39.776169097716796,
            "saturation_mean": 119.69307599794591,
            "dominant_colors": [
                [
                    179,
                    192,
                    211
                ],
                [
                    10,
                    10,
                    14
                ],
                [
                    64,
                    84,
                    112
                ]
            ]
        },
        "text_present": false,
        "clip_embedding": [
            -0.18183323740959167,
            0.29518529772758484,
            0.042658720165491104,
            -0.052638087421655655,
            0.16165673732757568,
            0.4757932126522064,
            0.05721169337630272,
            -0.2226293385028839,
            -0.05917411297559738,
            0.0794181302189827,
            -0.3557763397693634,
            -0.07329481840133667,
            0.44773435592651367,
            -0.007544397376477718,
            0.38186410069465637,
            0.13535329699516296,
            -0.09698300063610077,
            0.05498199164867401,
            0.25481778383255005,
            -0.660348117351532,
            0.935371994972229,
            0.2854453921318054,
            -0.06094250828027725,
            -0.6005250215530396,
            0.040170639753341675,
            -0.35747024416923523,
            -0.0680587962269783,
            0.07419741898775101,
            0.006840416230261326,
            -0.1861150711774826,
            -0.1712692528963089,
            0.03770080953836441,
            -0.20730076730251312,
            -0.1281743049621582,
            0.599102258682251,
            -0.22532442212104797,
            0.03477216884493828,
            0.12009814381599426,
            0.1765584498643875,
            0.5282326936721802,
            -0.44891971349716187,
            -0.1809939295053482,
            0.04387916624546051,
            -0.12856878340244293,
            0.29741472005844116,
            1.049140453338623,
            0.3538146913051605,
            -0.1726035475730896,
            0.29386958479881287,
            0.2847181260585785,
            0.29642632603645325,
            0.023863814771175385,
            0.13307583332061768,
            -0.14145545661449432,
            -0.05518366023898125,
            0.4934549927711487,
            0.41772598028182983,
            -0.2251613438129425,
            0.05117269232869148,
            -0.19338469207286835,
            -0.22386279702186584,
            0.043613359332084656,
            0.16310203075408936,
            0.24963271617889404,
            -0.4521750807762146,
            -0.004287382122129202,
            -0.2439337521791458,
            -0.13865482807159424,
            0.07755769789218903,
            0.040694888681173325,
            0.21710152924060822,
            0.4172704815864563,
            -0.07398691028356552,
            -0.0071910349652171135,
            -0.05151589214801788,
            -0.39185845851898193,
            -0.3105084300041199,
            -0.05881218984723091,
            -0.23504967987537384,
            -0.21699552237987518,
            0.3082144856452942,
            -0.17039456963539124,
            0.09328489005565643,
            0.7992405295372009,
            0.15319614112377167,
            -0.03950244560837746,
            0.5915422439575195,
            -0.09982836991548538,
            0.20520666241645813,
            -0.13647261261940002,
            0.5234538912773132,
            -0.28341031074523926,
            -6.130842208862305,
            0.00546276057139039,
            0.09007635712623596,
            -0.1071026399731636,
            -0.19645056128501892,
            0.0870681181550026,
            -0.21016159653663635,
            -0.1297363042831421,
            -0.05143623426556587,
            -0.3333604633808136,
            -0.14896132051944733,
            -0.2349725365638733,
            1.102434515953064,
            0.3048083186149597,
            2.204954147338867,
            -0.1025129109621048,
            -0.3248283565044403,
            -0.07925163954496384,
            0.34686022996902466,
            -1.3416155576705933,
            -0.3962590992450714,
            0.023132383823394775,
            -0.08393936604261398,
            -0.17945246398448944,
            -0.32993242144584656,
            -0.09561233222484589,
            0.2698197364807129,
            -0.007356602232903242,
            -0.08946110308170319,
            -0.17063330113887787,
            0.22439546883106232,
            -0.0015582061605527997,
            0.06938596814870834,
            -0.15386679768562317,
            -0.24779680371284485,
            -0.05904558300971985,
            0.049292124807834625,
            0.318817675113678,
            0.6736394166946411,
            0.1719343066215515,
            0.0770421102643013,
            0.9151051044464111,
            -0.19008444249629974,
            -0.0985838919878006,
            -0.1533750295639038,
            0.10013685375452042,
            0.37762153148651123,
            0.12230338901281357,
            0.023286525160074234,
            -0.37161335349082947,
            -0.6495314836502075,
            0.49175015091896057,
            -0.03316411375999451,
            0.07343732565641403,
            -0.3718656599521637,
            -0.13880598545074463,
            -0.10377562791109085,
            0.1523435413837433,
            -0.29180559515953064,
            -0.12812289595603943,
            0.2890249788761139,
            -0.03815765306353569,
            -0.21313999593257904,
            -0.6772993803024292,
            -0.16841048002243042,
            -0.011735943146049976,
            -0.2584848999977112,
            0.15685564279556274,
            0.17350488901138306,
            -0.07612523436546326,
            0.34083661437034607,
            0.4734756052494049,
            -0.2730916142463684,
            0.3598962724208832,
            0.9339882135391235,
            0.3654157519340515,
            -0.28577399253845215,
            -0.018531663343310356,
            -0.14101435244083405,
            0.30315107107162476,
            0.09413783252239227,
            -0.08776897192001343,
            -0.1030549630522728,
            -0.2593478560447693,
            -0.1685081571340561,
            0.09482309222221375,
            0.5141093134880066,
            -0.06310655921697617,
            0.21893833577632904,
            -0.21618731319904327,
            0.2810996174812317,
            -0.08671608567237854,
            0.05228929966688156,
            0.3398176431655884,
            -0.2450278103351593,
            0.1102617159485817,
            0.20568205416202545,
            -0.007327100727707148,
            0.3312518000602722,
            0.4230957329273224,
            0.21458491683006287,
            0.042897433042526245,
            0.8203033804893494,
            0.3228287100791931,
            -0.181976780295372,
            -0.646432638168335,
            -0.31100204586982727,
            0.4072950780391693,
            -0.3132235109806061,
            -0.18519863486289978,
            0.0634392499923706,
            -0.5100128650665283,
