{
    "image_path": "images/018.jpg",
    "mask_path": "masks/018.jpg",
    "mask_features": {
        "mask_area_ratio": 0.35161458333333334,
        "mask_bbox": {
            "x_min": 39,
            "y_min": 43,
            "x_max": 311,
            "y_max": 198
        },
        "mask_location": "center",
        "mask_fragments": 1
    },
    "image_features": {
        "resolution": {
            "width": 320,
            "height": 240,
            "aspect_ratio": 1.333
        },
        "faces_detected": 0,
        "texture": {
            "laplacian_variance": 768.1052730263604,
            "edge_density": 0.07841145833333334
        },
        "colors": {
            "brightness_mean": 147.3903515625,
            "saturation_mean": 98.2782421875,
            "dominant_colors": [
                [
                    55,
                    105,
                    125
                ],
                [
                    21,
                    54,
                    76
                ],
                [
                    223,
                    201,
                    184
                ]
            ]
        },
        "text_present": false,
        "clip_embedding": [
            0.3459313213825226,
            0.26422175765037537,
            0.3399205803871155,
            -0.13878309726715088,
            -0.09329976886510849,
            -0.6048369407653809,
            0.1325778365135193,
            0.08187522739171982,
            0.3042987585067749,
            0.04760279506444931,
            -0.07989493012428284,
            0.4646432101726532,
            0.316098690032959,
            0.6272813677787781,
            0.4152754545211792,
            0.025315843522548676,
            1.3248889446258545,
            -0.1437034010887146,
            0.17669056355953217,
            0.015864526852965355,
            -0.4006993770599365,
            0.04224957153201103,
            0.15898284316062927,
            -0.5633258819580078,
            -0.5980690121650696,
            0.375603586435318,
            0.5590775012969971,
            0.1447163075208664,
            0.18725517392158508,
            -0.6144437193870544,
            0.35687050223350525,
            0.17054961621761322,
            -0.08769161999225616,
            0.08989103883504868,
            0.06308535486459732,
            0.08646287769079208,
            -0.46383562684059143,
            -0.21156050264835358,
            -0.04296019673347473,
            1.3232558965682983,
            -0.8754716515541077,
            -0.19561398029327393,
            -0.010061894543468952,
            0.13465221226215363,
            -0.04041385278105736,
            0.10991963744163513,
            -0.003684587776660919,
            -0.32922956347465515,
            0.144229456782341,
            -0.37765365839004517,
            0.3346191644668579,
            0.21892918646335602,
            0.2776670455932617,
            -0.15431751310825348,
            0.25362148880958557,
            0.1326928287744522,
            0.5884491801261902,
            0.05596129596233368,
            -0.4044163227081299,
            -0.3327253758907318,
            0.9234209060668945,
            0.12766610085964203,
            0.14789925515651703,
            -0.15741531550884247,
            0.3258243203163147,
            -0.5120579600334167,
            0.2024526447057724,
            0.20641294121742249,
            0.2854371964931488,
            -0.40873587131500244,
            -0.14286379516124725,
            -0.18946360051631927,
            0.18608354032039642,
            -0.013911813497543335,
            0.00715591898187995,
            -0.4135620594024658,
            -0.1844136118888855,
            -0.1050831750035286,
            0.012240314856171608,
            0.23437824845314026,
            -0.15226176381111145,
            0.16127097606658936,
            0.340399831533432,
            -0.7995452880859375,
            0.08078393340110779,
            0.21199233829975128,
            -0.5617214441299438,
            0.007576652802526951,
            0.1614127904176712,
            0.28727737069129944,
            0.29772472381591797,
            0.039161551743745804,
            -7.21751070022583,
            0.2158772200345993,
            -0.14880864322185516,
            -0.11950422823429108,
            0.21845489740371704,
            0.29236677289009094,
            -1.4659216403961182,
            -0.29199108481407166,
            -0.3215736746788025,
            -0.46970242261886597,
            -0.16083595156669617,
            -0.17828676104545593,
            0.13193993270397186,
            0.36133208870887756,
            -1.173165202140808,
            -0.07951001077890396,
            -0.5226078629493713,
            -0.7079690098762512,
            -0.2427665889263153,
            -0.3720363974571228,
            -0.2980932295322418,
            0.07056271284818649,
            0.28241613507270813,
            0.3466724455356598,
            -0.05872853845357895,
            0.03738069534301758,
            0.183895543217659,
            0.32429584860801697,
            -0.3027430772781372,
            -0.12689045071601868,
            0.6763581037521362,
            0.15961487591266632,
            0.15411587059497833,
            -0.32988396286964417,
            -0.004728129133582115,
            0.39006972312927246,
            -0.031616147607564926,
            -0.05065541714429855,
            0.676181972026825,
            -0.4583680331707001,
            0.07242045551538467,
            0.99112468957901,
            -0.36071842908859253,
            0.09009269624948502,
            0.5131528973579407,
            -0.23261846601963043,
            -0.23342052102088928,
            -0.5650687217712402,
            -0.28095558285713196,
            0.008321387693285942,
            -0.06513316184282303,
            0.14980901777744293,
            0.21919386088848114,
            0.43169063329696655,
            0.08779653906822205,
            0.5063020586967468,
            0.21350383758544922,
            -0.5553359985351562,
            0.1796593815088272,
            -0.15213096141815186,
            0.7027049660682678,
            -0.20166891813278198,
            0.22305962443351746,
            0.648881733417511,
            0.21817445755004883,
            0.5191837549209595,
            0.22400948405265808,
            0.10287940502166748,
            -0.6278497576713562,
            -0.07278826087713242,
            -0.08483867347240448,
            -0.11702271550893784,
            0.8404500484466553,
            0.09668972343206406,
            -0.05481370911002159,
            0.39842140674591064,
            -0.020193519070744514,
            0.5309785008430481,
            -0.1287001669406891,
            0.38727501034736633,
            -0.11900588124990463,
            -0.5846539735794067,
            -0.36796095967292786,
            0.19872719049453735,
            0.2391301691532135,
            0.3832085132598877,
            1.0123945474624634,
            -0.0771978572010994,
            -0.5603803992271423,
            -0.38396862149238586,
            -0.023341884836554527,
            -0.2877645194530487,
            -0.2331172525882721,
            -0.25086531043052673,
            -0.057816315442323685,
            -0.27064406871795654,
            -0.8349349498748779,
            0.09162423759698868,
            0.22691339254379272,
            -0.1419084370136261,
            -0.4919164478778839,
            0.09946202486753464,
            -0.3264722228050232,
            -0.08785942196846008,
            0.19564343988895416,
            -0.034323517233133316,
            0.047939788550138474,
            -0.3073631823062897,
            -0.15354189276695251,
            0.037571899592876434,
            -0.14903682470321655,
            0.06635192781686783,
            0.1109236478805542,
