{
    "image_path": "images/019.jpg",
    "mask_path": "masks/019.jpg",
    "mask_features": {
        "mask_area_ratio": 0.2703125,
        "mask_bbox": {
            "x_min": 57,
            "y_min": 45,
            "x_max": 248,
            "y_max": 214
        },
        "mask_location": "center",
        "mask_fragments": 1
    },
    "image_features": {
        "resolution": {
            "width": 320,
            "height": 240,
            "aspect_ratio": 1.333
        },
        "faces_detected": 0,
        "texture": {
            "laplacian_variance": 264.5467609151205,
            "edge_density": 0.031263020833333335
        },
        "colors": {
            "brightness_mean": 86.22466145833333,
            "saturation_mean": 113.7331640625,
            "dominant_colors": [
                [
                    123,
                    135,
                    142
                ],
                [
                    51,
                    94,
                    89
                ],
                [
                    30,
                    70,
                    62
                ]
            ]
        },
        "text_present": false,
        "clip_embedding": [
            0.6698218584060669,
            -0.14165161550045013,
            -0.03385179489850998,
            -0.02699495479464531,
            -0.0738057792186737,
            -0.37739041447639465,
            0.33059412240982056,
            0.555343747138977,
            0.18855425715446472,
            0.3656451106071472,
            0.13398641347885132,
            0.06208927929401398,
            0.5879753828048706,
            0.1916380524635315,
            0.4077407419681549,
            0.1836172640323639,
            0.8100860118865967,
            -0.0368681363761425,
            0.25603187084198,
            0.13948944211006165,
            -0.5115116238594055,
            -0.07038252800703049,
            0.3253188133239746,
            -0.8814685344696045,
            -0.2981090843677521,
            0.1205541118979454,
            0.406697541475296,
            0.3805910050868988,
            0.08916778117418289,
            -0.6503954529762268,
            -0.017072048038244247,
            -0.0358496718108654,
            -0.12917742133140564,
            0.15301291644573212,
            0.6784018874168396,
            0.12429751455783844,
            -0.03263312205672264,
            0.11181636154651642,
            0.21798951923847198,
            1.3552265167236328,
            -0.5132048726081848,
            -0.005908635910600424,
            0.4649893045425415,
            0.18030406534671783,
            0.22364886105060577,
            -0.09145981818437576,
            -0.18155841529369354,
            -0.0968671590089798,
            0.06323135644197464,
            -0.0360870361328125,
            0.2750012278556824,
            0.02599215880036354,
            0.35651183128356934,
            -0.38784492015838623,
            0.012483622878789902,
            0.11130725592374802,
            0.14989762008190155,
            0.06580939888954163,
            -0.18916690349578857,
            -0.27633893489837646,
            1.397751808166504,
            -0.01131484191864729,
            0.2132694274187088,
            -0.021587107330560684,
            0.22855544090270996,
            -0.0284114982932806,
            0.45234763622283936,
            -0.026689238846302032,
            0.05160181224346161,
            -0.31058984994888306,
            -0.4317825138568878,
            -0.1634792983531952,
            -0.05715291202068329,
            0.1599409580230713,
            0.09986912459135056,
            -0.2026963233947754,
            0.025716250762343407,
            0.03856101259589195,
            -0.12349901348352432,
            0.10100381076335907,
            -0.06418856233358383,
            -0.15865398943424225,
            0.1294879913330078,
            -0.594293475151062,
            0.2869173586368561,
            0.24331994354724884,
            -0.48538440465927124,
            -0.13417990505695343,
            0.5333071947097778,
            0.04125607758760452,
            -0.1807761937379837,
            -0.07888127863407135,
            -7.338848114013672,
            -0.04748203605413437,
            -0.10220412909984589,
            0.09901844710111618,
            -0.2824322581291199,
            0.3246435523033142,
            -1.6131168603897095,
            0.06812722235918045,
            0.35555824637413025,
            -0.18726366758346558,
            -0.34774625301361084,
            -0.0036266299430280924,
            -0.04571029171347618,
            -0.08588220924139023,
            -0.37674856185913086,
            0.3025215268135071,
            -0.4976103901863098,
            -0.635656476020813,
            -0.17658665776252747,
            -0.10399603843688965,
            -0.0033808511216193438,
            -0.027686992660164833,
            0.0462668277323246,
            -0.009229903109371662,
            0.09269017726182938,
            0.08439932018518448,
            0.5219568610191345,
            0.39825981855392456,
            0.1479359269142151,
            0.2627774477005005,
            0.3365651071071625,
            -0.0850619524717331,
            0.238761767745018,
            -0.2000410109758377,
            -0.33176708221435547,
            0.2943136692047119,
            -0.09668990224599838,
            -0.23568829894065857,
            0.608332633972168,
            -0.4830671548843384,
            0.13168054819107056,
            1.0150947570800781,
            -0.2208172082901001,
            -0.28827863931655884,
            0.20832589268684387,
            -0.25437673926353455,
            0.10572075843811035,
            -0.3304046392440796,
            0.2845240533351898,
            -0.29596400260925293,
            -0.04193367436528206,
            0.4548381268978119,
            -0.0601339228451252,
            0.2814137041568756,
            0.2788439989089966,
            0.11257332563400269,
            -0.0718386322259903,
            -0.3754236400127411,
            0.313127726316452,
            -0.038686949759721756,
            0.6457836031913757,
            -0.2168418914079666,
            0.36344626545906067,
            0.17814776301383972,
            -0.028245585039258003,
            0.4719684422016144,
            0.1622803807258606,
            0.15154874324798584,
            -0.44406718015670776,
            0.3720163404941559,
            -0.011972684413194656,
            0.006149752996861935,
            0.8395903706550598,
            0.246900737285614,
            -0.14129756391048431,
            -0.148463174700737,
            -0.27938589453697205,
            0.36631569266319275,
            0.038726113736629486,
            0.03208817541599274,
            -0.3519640862941742,
            -0.6054661870002747,
            -0.2292661964893341,
            -0.67242431640625,
            0.5254594683647156,
            0.06585860252380371,
            0.7360344529151917,
            -0.1592322289943695,
            -0.294169157743454,
            -0.3444434106349945,
            0.1031636893749237,
            0.0019612780306488276,
            0.0860593318939209,
            -0.4530555009841919,
            -0.10036569833755493,
            0.21763411164283752,
            0.018579186871647835,
            -0.05677814781665802,
            0.3186938762664795,
            0.02721160091459751,
            -0.19187740981578827,
            -0.14882588386535645,
            0.6531617641448975,
            -0.12441078573465347,
            0.10619890689849854,
            -0.2603554129600525,
            -0.6410757303237915,
            -0.010850002057850361,
            -0.09430629760026932,
            0.18222194910049438,
            0.42279937863349915,
            -0.26056158542633057,
            0.08810687810182571,
