{
    "image_path": "images/020.png",
    "mask_path": "masks/020.png",
    "mask_features": {
        "mask_area_ratio": 0.08889546633687259,
        "mask_bbox": {
            "x_min": 473,
            "y_min": 309,
            "x_max": 676,
            "y_max": 960
        },
        "mask_location": "center",
        "mask_fragments": 1
    },
    "image_features": {
        "resolution": {
            "width": 896,
            "height": 1184,
            "aspect_ratio": 0.757
        },
        "faces_detected": 2,
        "texture": {
            "laplacian_variance": 26.63922519448176,
            "edge_density": 0.02101306105212355
        },
        "colors": {
            "brightness_mean": 129.25984386311535,
            "saturation_mean": 103.31419767284025,
            "dominant_colors": [
                [
                    81,
                    148,
                    121
                ],
                [
                    210,
                    207,
                    206
                ],
                [
                    83,
                    85,
                    68
                ]
            ]
        },
        "text_present": false,
        "clip_embedding": [
            -0.08126377314329147,
            0.49944984912872314,
            0.427421510219574,
            -0.2848035991191864,
            -0.1935218721628189,
            -0.13511180877685547,
            0.21268682181835175,
            -0.09517855942249298,
            0.235086128115654,
            0.011352211236953735,
            0.18069440126419067,
            -0.34114930033683777,
            -0.08949146419763565,
            0.02450251579284668,
            0.33381548523902893,
            0.15755164623260498,
            1.2895066738128662,
            0.3901304602622986,
            -0.23318961262702942,
            -0.22105471789836884,
            0.8752388954162598,
            0.06251319497823715,
            0.022887926548719406,
            -0.428191602230072,
            -0.1486385017633438,
            -0.15571309626102448,
            -0.04964759573340416,
            -0.0724785104393959,
            -0.12884433567523956,
            -0.6536783576011658,
            0.1453116238117218,
            0.6283636093139648,
            0.1769917607307434,
            0.282194584608078,
            0.03259091079235077,
            0.005927146878093481,
            -0.5017238855361938,
            -0.16227847337722778,
            -0.46930935978889465,
            -0.15534408390522003,
            -0.21429860591888428,
            -0.24547286331653595,
            -0.19206777215003967,
            -0.25550615787506104,
            0.3156968355178833,
            -1.303343653678894,
            0.6416425704956055,
            -0.2743152678012848,
            0.49323582649230957,
            -0.0038501147646456957,
            0.1549490988254547,
            0.41818439960479736,
            0.11505924165248871,
            -0.2718832790851593,
            0.12237486988306046,
            0.058192066848278046,
            -0.5741340517997742,
            0.258460134267807,
            -0.3865220248699188,
            -0.3140242397785187,
            0.780044436454773,
            -0.17034335434436798,
            0.6239467859268188,
            0.28501996397972107,
            -0.33105966448783875,
            -0.4391133487224579,
            -0.07014184445142746,
            0.7775830626487732,
            -0.03855537623167038,
            -0.06773404777050018,
            0.3500191569328308,
            -0.08569616824388504,
            -0.5070024728775024,
            0.09401887655258179,
            0.05342845991253853,
            -0.3511999249458313,
            0.19375728070735931,
            0.16487357020378113,
            0.25041115283966064,
            -0.3584249019622803,
            0.49484094977378845,
            0.4043385684490204,
            -0.09203369915485382,
            -0.2839582562446594,
            0.2163361757993698,
            0.263888418674469,
            0.08927120268344879,
            -0.06554429233074188,
            0.11168082058429718,
            0.21213825047016144,
            0.1558469533920288,
            -0.15477153658866882,
            -5.674901485443115,
            0.37009769678115845,
            -0.1693193018436432,
            0.03703479468822479,
            -0.023507647216320038,
            0.014577419497072697,
            -0.6903274059295654,
            0.20661240816116333,
            0.3149721324443817,
            -0.05346490815281868,
            -0.35259026288986206,
            0.16112147271633148,
            -0.08614587038755417,
            0.23295645415782928,
            -1.2341156005859375,
            -0.4617224633693695,
            -0.32667016983032227,
            -0.061114151030778885,
            -0.24520301818847656,
            -0.8282065987586975,
            -0.3219836354255676,
            -0.18021555244922638,
            -0.1375988870859146,
            0.3063771426677704,
            0.405910462141037,
            -0.29807573556900024,
            -0.11989621818065643,
            -0.11764024943113327,
            0.1487695276737213,
            -0.03540922701358795,
            -0.18048293888568878,
            0.3069474399089813,
            0.15643790364265442,
            -0.2610672116279602,
            -0.1829131692647934,
            0.025243323296308517,
            -0.20051828026771545,
            0.09194563329219818,
            0.4784320592880249,
            0.0034039346501231194,
            0.030139746144413948,
            0.8804840445518494,
            0.0369316004216671,
            -0.024648597463965416,
            0.08989472687244415,
            -0.3126639723777771,
            -0.4832425117492676,
            -0.3557221591472626,
            0.19143357872962952,
            0.1065240204334259,
            -0.30618253350257874,
            -0.1543664038181305,
            0.08221979439258575,
            0.19508983194828033,
            -0.07705476880073547,
            0.47652971744537354,
            -0.01683877781033516,
            0.10833223909139633,
            -0.044807612895965576,
            -0.2551839351654053,
            0.7780472040176392,
            -0.01840291917324066,
            0.19163157045841217,
            -0.022670388221740723,
            0.09794013947248459,
            0.43043339252471924,
            0.1433286964893341,
            -0.0025764890015125275,
            -0.00682803662493825,
            -0.4864344000816345,
            -0.09731291234493256,
            0.1295458972454071,
            0.3301103413105011,
            -0.2004656344652176,
            -0.1270977109670639,
            0.14247269928455353,
            0.2666422426700592,
            0.09531709551811218,
            -0.3280367851257324,
            0.3324258327484131,
            -0.03511993959546089,
            -0.2666754126548767,
            -0.3042624592781067,
            0.281305730342865,
            1.7844457626342773,
            0.2856750190258026,
            -1.472814679145813,
            -0.49048274755477905,
            -0.18903106451034546,
            -0.4306458830833435,
            -0.18928676843643188,
            0.3699111044406891,
            -0.5066836476325989,
            -0.09942539781332016,
            0.24071389436721802,
            0.18045783042907715,
            -0.0424409955739975,
            -0.3229728937149048,
            -0.5055038332939148,
            0.14911046624183655,
            -0.10007362812757492,
            0.14726679027080536,
            -0.8448889255523682,
            -0.07203797996044159,
            -0.12284646183252335,
            -0.22523733973503113,
            0.5362565517425537,
            0.24700921773910522,
            -0.2794526219367981,
            0.5592824220657349,
            -0.09910684823989868,
            -0.46749556064605713,
