{
    "image_path": "images/021.png",
    "mask_path": "masks/021.png",
    "mask_features": {
        "mask_area_ratio": 0.10931938495415058,
        "mask_bbox": {
            "x_min": 487,
            "y_min": 514,
            "x_max": 1087,
            "y_max": 878
        },
        "mask_location": "edge_or_corner",
        "mask_fragments": 1
    },
    "image_features": {
        "resolution": {
            "width": 1184,
            "height": 896,
            "aspect_ratio": 1.321
        },
        "faces_detected": 0,
        "texture": {
            "laplacian_variance": 36.435262922754184,
            "edge_density": 0.02473926912403475
        },
        "colors": {
            "brightness_mean": 143.4167046859918,
            "saturation_mean": 68.67763162855937,
            "dominant_colors": [
                [
                    32,
                    50,
                    58
                ],
                [
                    158,
                    195,
                    187
                ],
                [
                    104,
                    141,
                    137
                ]
            ]
        },
        "text_present": false,
        "clip_embedding": [
            0.15028709173202515,
            -0.16118191182613373,
            0.2142716497182846,
            0.09976312518119812,
            0.2641240656375885,
            0.18322676420211792,
            0.07449819892644882,
            -0.23017708957195282,
            -0.07971668988466263,
            0.20496976375579834,
            0.2037174254655838,
            -0.15907980501651764,
            0.08542417734861374,
            -0.07620561867952347,
            0.1446574628353119,
            0.24830225110054016,
            0.12879276275634766,
            0.28913870453834534,
            -0.10663624107837677,
            0.037031881511211395,
            0.23120816051959991,
            0.5216040015220642,
            -0.17364518344402313,
            -0.16603529453277588,
            -0.10433629900217056,
            -0.36195555329322815,
            -0.9048777222633362,
            0.18579727411270142,
            -0.407695472240448,
            -0.5320008397102356,
            -0.26022377610206604,
            0.22224640846252441,
            0.4003494679927826,
            -0.17429599165916443,
            0.30487558245658875,
            -0.006908891722559929,
            0.23478750884532928,
            0.1301238238811493,
            -0.2687269151210785,
            1.177446722984314,
            -0.22042380273342133,
            0.42512232065200806,
            -0.09930042177438736,
            -0.06003647670149803,
            0.05875915661454201,
            -2.2246527671813965,
            0.1279185265302658,
            0.2618069648742676,
            0.3692065477371216,
            -0.056806739419698715,
            -0.4182165861129761,
            0.1393059641122818,
            0.16004763543605804,
            -0.10584217309951782,
            0.392616331577301,
            -0.4747107923030853,
            -0.021883640438318253,
            0.49524492025375366,
            -0.22065402567386627,
            0.7028959393501282,
            0.8503366112709045,
            -0.09024760872125626,
            0.5432383418083191,
            -0.22381560504436493,
            0.22607487440109253,
            -0.06437088549137115,
            0.18539950251579285,
            0.7776040434837341,
            0.006187260616570711,
            -0.47651946544647217,
            0.16530130803585052,
            0.16001799702644348,
            0.07893560826778412,
            0.13160987198352814,
            -0.18033935129642487,
            -0.3550108075141907,
            0.1342807561159134,
            -0.2735559642314911,
            -0.029024289920926094,
            0.12462623417377472,
            0.48931077122688293,
            0.027702361345291138,
            -0.045669008046388626,
            -0.06977484375238419,
            0.1571025550365448,
            0.019525950774550438,
            -1.3032803535461426,
            -0.17510999739170074,
            -0.3757902681827545,
            0.37068337202072144,
            0.5083925127983093,
            0.07565690577030182,
            -4.935388088226318,
            1.0038526058197021,
            0.04637238010764122,
            -0.23505786061286926,
            -0.41410747170448303,
            0.14748747646808624,
            0.697381854057312,
            -0.7183616161346436,
            0.1911705881357193,
            -0.24805697798728943,
            -0.6245191097259521,
            0.04180973395705223,
            0.9156228303909302,
            -0.04198881983757019,
            -0.9950575828552246,
            -0.799716591835022,
            -0.20729857683181763,
            -0.45983773469924927,
            -0.059220246970653534,
            -0.6550759077072144,
            0.03587488830089569,
            -0.05368087440729141,
            -0.24936628341674805,
            -0.37783586978912354,
            -0.35030636191368103,
            -0.13121286034584045,
            0.5137750506401062,
            -0.2031618058681488,
            -0.12435086071491241,
            0.03009059838950634,
            -0.4969702363014221,
            0.08749043196439743,
            0.17606452107429504,
            0.18147973716259003,
            0.01226808875799179,
            -0.034557122737169266,
            0.39655008912086487,
            0.04882539063692093,
            0.263065367937088,
            0.24345166981220245,
            0.286607950925827,
            0.7810571193695068,
            0.5816861391067505,
            -0.008431529626250267,
            0.0066498988308012486,
            -0.34099283814430237,
            -0.5044369101524353,
            0.026731589809060097,
            -0.44483682513237,
            -0.18225935101509094,
            0.490129292011261,
            0.5240460634231567,
            0.26030758023262024,
            0.4646393656730652,
            -0.010293170809745789,
            0.05892219394445419,
            -0.18229655921459198,
            0.10086436569690704,
            0.04564861208200455,
            -0.2316809892654419,
            1.3065060377120972,
            0.029826568439602852,
            -0.3602398931980133,
            0.2745822072029114,
            0.4431728720664978,
            -0.5244228839874268,
            -0.21234849095344543,
            -0.006504852790385485,
            0.20390008389949799,
            -0.4478646218776703,
            0.10516972839832306,
            -0.07649535685777664,
            0.8072595596313477,
            -0.03193246200680733,
            0.03413231670856476,
            0.06357916444540024,
            0.21869005262851715,
            -0.21175463497638702,
            0.27590927481651306,
            0.1533135324716568,
            0.08080925047397614,
            0.20007698237895966,
            -0.1330217570066452,
            -0.11965716630220413,
            1.5396966934204102,
            -0.12223890423774719,
            -0.2195555418729782,
            -0.05959262698888779,
            0.08027489483356476,
            0.007615407928824425,
            0.15776611864566803,
            -0.30000564455986023,
            -0.16895154118537903,
            -0.06317401677370071,
            0.1079104021191597,
            0.018862180411815643,
            0.3420546352863312,
            0.011585647240281105,
            -0.41107267141342163,
            0.23520836234092712,
            0.039773885160684586,
            -0.7803650498390198,
            -0.6003405451774597,
            -0.28594639897346497,
            -0.014883710071444511,
            0.25669553875923157,
            -0.3314859867095947,
            0.2648654282093048,
            0.17932721972465515,
            0.2059972882270813,
            0.3192268908023834,
            -0.26855751872062683,
