{
    "image_path": "images/022.png",
    "mask_path": "masks/022.png",
    "mask_features": {
        "mask_area_ratio": 0.022552430041913214,
        "mask_bbox": {
            "x_min": 238,
            "y_min": 969,
            "x_max": 483,
            "y_max": 1173
        },
        "mask_location": "edge_or_corner",
        "mask_fragments": 1
    },
    "image_features": {
        "resolution": {
            "width": 832,
            "height": 1248,
            "aspect_ratio": 0.667
        },
        "faces_detected": 0,
        "texture": {
            "laplacian_variance": 558.8932049010231,
            "edge_density": 0.09201838325936884
        },
        "colors": {
            "brightness_mean": 182.6259601901504,
            "saturation_mean": 62.218922391210555,
            "dominant_colors": [
                [
                    37,
                    96,
                    91
                ],
                [
                    92,
                    155,
                    148
                ],
                [
                    241,
                    242,
                    241
                ]
            ]
        },
        "text_present": false,
        "clip_embedding": [
            0.35770383477211,
            0.524146318435669,
            -0.0025548075791448355,
            0.03940378874540329,
            0.01541697233915329,
            0.10712844133377075,
            0.38128387928009033,
            0.16640649735927582,
            -0.03768610209226608,
            0.2453809529542923,
            0.05603142827749252,
            0.1012830063700676,
            -0.17521515488624573,
            0.26383987069129944,
            0.3369431793689728,
            0.0005592922680079937,
            -0.09987001121044159,
            0.14024093747138977,
            -0.2836170196533203,
            -0.5243372321128845,
            0.39254024624824524,
            0.017016788944602013,
            0.44777530431747437,
            0.2165791392326355,
            0.09016403555870056,
            -0.025880558416247368,
            0.3980792164802551,
            0.08183576166629791,
            0.0056527163833379745,
            -0.3160281777381897,
            0.8406423926353455,
            0.37498703598976135,
            0.15391100943088531,
            -0.061228152364492416,
            0.6253760457038879,
            -0.15919196605682373,
            -0.015927551314234734,
            -0.059145428240299225,
            -0.7711847424507141,
            1.5345747470855713,
            -0.23117583990097046,
            -0.4966566562652588,
            -0.1662672460079193,
            -0.08379768580198288,
            0.17850013077259064,
            -1.8091415166854858,
            -0.5574575066566467,
            -0.16849222779273987,
            -0.10700777918100357,
            0.2531871497631073,
            0.11195368319749832,
            0.17345574498176575,
            -0.21261291205883026,
            0.20782192051410675,
            -0.18544821441173553,
            -0.05181529000401497,
            0.11532716453075409,
            0.5383681058883667,
            0.12687404453754425,
            -0.017164034768939018,
            1.5226199626922607,
            -0.07853521406650543,
            0.49426060914993286,
            0.37132519483566284,
            -0.19186866283416748,
            -0.09927845001220703,
            -0.030842307955026627,
            0.04047491028904915,
            -0.02517143450677395,
            -0.3169209063053131,
            0.13244490325450897,
            0.05108940973877907,
            0.030017435550689697,
            -0.046201445162296295,
            -0.39584556221961975,
            -0.02206028625369072,
            0.1465902477502823,
            0.10903099179267883,
            -0.2164846658706665,
            -0.43830013275146484,
            0.2791176438331604,
            0.3926253914833069,
            -0.2584152817726135,
            -0.1644032597541809,
            0.3385670781135559,
            -0.16251693665981293,
            -0.4475492537021637,
            -0.23499798774719238,
            -0.0004972959286533296,
            -0.3192159831523895,
            0.1570432037115097,
            -0.15570466220378876,
            -7.498255252838135,
            0.34777796268463135,
            -0.03174698352813721,
            -0.0068798610009253025,
            0.11400492489337921,
            0.30034321546554565,
            -1.5414029359817505,
            0.1284552812576294,
            0.1859765350818634,
            -0.41921836137771606,
            0.027514280751347542,
            -0.03509420156478882,
            0.1312636286020279,
            0.1863887459039688,
            -0.44761961698532104,
            -0.2287375032901764,
            -0.10308809578418732,
            0.14393192529678345,
            0.10665805637836456,
            -0.22671377658843994,
            -0.23263366520404816,
            0.13317206501960754,
            -0.003155228216201067,
            0.2658962309360504,
            -0.6839491724967957,
            0.0008747107349336147,
            0.1365257352590561,
            -0.17695698142051697,
            0.48575446009635925,
            0.024344483390450478,
            -0.2299381047487259,
            -0.009930549189448357,
            -0.05359306558966637,
            -0.568539023399353,
            0.001448812079615891,
            0.2512558102607727,
            -0.07501296699047089,
            0.10666332393884659,
            0.7656036019325256,
            0.08897404372692108,
            0.21681536734104156,
            0.933559000492096,
            0.3695862591266632,
            0.40507957339286804,
            0.09195174276828766,
            -1.0488502979278564,
            -0.16723431646823883,
            -0.17375540733337402,
            0.13829830288887024,
            -0.03694041073322296,
            0.34082934260368347,
            -0.0044942935928702354,
            -0.3261098861694336,
            0.6169875264167786,
            -0.30769655108451843,
            0.4619814455509186,
            -0.08915852010250092,
            0.44496190547943115,
            0.07231258600950241,
            0.11246690899133682,
            1.204769492149353,
            -0.5965380072593689,
            0.050222042948007584,
            -0.040683675557374954,
            0.036386121064424515,
            -0.10366033017635345,
            -0.14305511116981506,
            -0.2758508026599884,
            -0.5983274579048157,
            0.0740806981921196,
            -0.027211923152208328,
            -0.012659276835620403,
            -0.4705083668231964,
            0.3361077904701233,
            -0.5244317650794983,
            0.0030540202278643847,
            -0.04896324500441551,
            0.4361191689968109,
            0.34173664450645447,
            0.39022186398506165,
            0.2591366469860077,
            -0.5603702664375305,
            0.18027158081531525,
            0.03286062926054001,
            0.7176416516304016,
            0.0882829800248146,
            -0.36980247497558594,
            -0.1982119381427765,
            -0.0758526623249054,
            -0.18560759723186493,
            -0.15750731527805328,
            -0.14083771407604218,
            0.18082751333713531,
            0.07652639597654343,
            0.04854292795062065,
            0.6903144717216492,
            -0.2158980816602707,
            0.17101332545280457,
            -0.24624930322170258,
            0.001759237959049642,
            -0.3052504062652588,
            0.12002702057361603,
            -1.2465275526046753,
            -0.3019227683544159,
            -0.1686021238565445,
            0.23113974928855896,
            -0.7296841144561768,
            0.20381514728069305,
            -0.13402004539966583,
            0.04884397238492966,
            -0.24359583854675293,
