{
    "image_path": "images/023.jpg",
    "mask_path": "masks/023.jpg",
    "mask_features": {
        "mask_area_ratio": 0.069140625,
        "mask_bbox": {
            "x_min": 106,
            "y_min": 66,
            "x_max": 232,
            "y_max": 124
        },
        "mask_location": "center",
        "mask_fragments": 1
    },
    "image_features": {
        "resolution": {
            "width": 320,
            "height": 240,
            "aspect_ratio": 1.333
        },
        "faces_detected": 0,
        "texture": {
            "laplacian_variance": 807.9461715759277,
            "edge_density": 0.06145833333333333
        },
        "colors": {
            "brightness_mean": 133.9166015625,
            "saturation_mean": 65.24989583333333,
            "dominant_colors": [
                [
                    156,
                    160,
                    157
                ],
                [
                    80,
                    137,
                    124
                ],
                [
                    54,
                    106,
                    87
                ]
            ]
        },
        "text_present": false,
        "clip_embedding": [
            0.6768958568572998,
            -0.20879210531711578,
            0.1480688452720642,
            0.2970044016838074,
            0.12331999093294144,
            -0.3708570599555969,
            0.20115065574645996,
            0.04806549474596977,
            0.33233463764190674,
            0.390784353017807,
            0.0027769478037953377,
            -0.23295173048973083,
            0.2826990783214569,
            0.14941230416297913,
            0.42757973074913025,
            0.0692005529999733,
            0.14613378047943115,
            -0.45964503288269043,
            -0.18688377737998962,
            0.10743585228919983,
            -0.46834173798561096,
            -0.14948737621307373,
            -0.08958392590284348,
            -0.3458935022354126,
            -0.19209466874599457,
            -0.026058847084641457,
            0.16707481443881989,
            0.04891707003116608,
            0.18307988345623016,
            -0.9418688416481018,
            -0.1017274484038353,
            0.011477245949208736,
            -0.3993288576602936,
            -0.292180597782135,
            0.1437259316444397,
            0.2520792782306671,
            0.08932667970657349,
            0.6911676526069641,
            0.3805259168148041,
            0.9736050367355347,
            -0.5104466080665588,
            0.13141435384750366,
            0.2572444677352905,
            -0.13432377576828003,
            0.4930093586444855,
            -0.9387370944023132,
            0.05675475671887398,
            -0.300083726644516,
            0.5823224782943726,
            -0.28559011220932007,
            0.32270529866218567,
            0.05216743052005768,
            0.1329706460237503,
            -0.30577552318573,
            0.26505473256111145,
            -0.059539083391427994,
            0.3885428011417389,
            0.08450081944465637,
            0.057055920362472534,
            -0.12536276876926422,
            0.19974951446056366,
            0.3539191782474518,
            0.2763725519180298,
            -0.007332144305109978,
            -0.04684623330831528,
            -0.26797598600387573,
            0.45057782530784607,
            0.6128759980201721,
            -0.037124235183000565,
            -0.3457140326499939,
            0.15443792939186096,
            -0.3692862093448639,
            -0.15756447613239288,
            -0.06037154421210289,
            0.41172561049461365,
            -0.1560288518667221,
            -0.12524746358394623,
            0.011744607239961624,
            -0.43193867802619934,
            -0.3743373453617096,
            -0.18205110728740692,
            -0.2699786126613617,
            -0.19375304877758026,
            0.07173088937997818,
            -0.334827721118927,
            0.3672790825366974,
            -0.837646484375,
            -0.05008160322904587,
            0.8009955286979675,
            -0.06520304828882217,
            0.026614097878336906,
            -0.11552060395479202,
            -5.8029985427856445,
            0.49736088514328003,
            -0.46738457679748535,
            -0.16701124608516693,
            -0.46743243932724,
            -0.12949231266975403,
            -0.9081459641456604,
            -0.3254367411136627,
            0.38003912568092346,
            -0.424911230802536,
            -0.2595821022987366,
            0.07017649710178375,
            0.20755809545516968,
            0.13738825917243958,
            -0.08263065665960312,
            -0.028561757877469063,
            -0.4118648171424866,
            -0.7249844074249268,
            -0.09404490888118744,
            -0.5225771069526672,
            -0.35153377056121826,
            -0.13492710888385773,
            0.15155856311321259,
            0.21121135354042053,
            -0.018334217369556427,
            0.16162016987800598,
            0.6463814377784729,
            0.32443544268608093,
            -0.3304383158683777,
            0.20474740862846375,
            0.17219935357570648,
            0.20002727210521698,
            0.041465796530246735,
            -0.1001274362206459,
            -0.37907731533050537,
            0.3870373070240021,
            0.1556350290775299,
            -0.3793353736400604,
            0.1871364861726761,
            -0.43133997917175293,
            0.268743097782135,
            0.9184236526489258,
            -0.08072428405284882,
            -0.09662424027919769,
            0.41017434000968933,
            -0.29003557562828064,
            -0.35797280073165894,
            -0.4863083064556122,
            0.10206957906484604,
            -0.1784355193376541,
            0.315122127532959,
            0.2349955290555954,
            0.26191216707229614,
            0.08421231806278229,
            0.22144463658332825,
            -0.30472448468208313,
            0.07585287094116211,
            -0.09013213217258453,
            0.7236577272415161,
            -0.11933735013008118,
            1.2085254192352295,
            0.32773566246032715,
            0.579542875289917,
            0.1325194537639618,
            0.12743578851222992,
            0.3608768880367279,
            0.3594226837158203,
            -0.2616402804851532,
            -0.2807280421257019,
            0.1498207151889801,
            -0.21048450469970703,
            -0.1863885521888733,
            0.6882623434066772,
            0.119072325527668,
            0.13523949682712555,
            0.27330535650253296,
            -0.35095518827438354,
            0.12233936786651611,
            0.17275859415531158,
            0.166730135679245,
            -0.09035363048315048,
            -0.8565883636474609,
            0.019998814910650253,
            -0.3511632978916168,
            0.9482907056808472,
            0.1276048719882965,
            0.25123414397239685,
            -0.12608245015144348,
            -0.39763587713241577,
            -0.6812413930892944,
            -0.19856782257556915,
            -0.3336203694343567,
            -0.20744076371192932,
            -0.07443010807037354,
            0.4926242530345917,
            -0.04234590008854866,
            0.0004381714970804751,
            0.19509392976760864,
            0.024077439680695534,
            -0.007674437947571278,
            -0.4872388243675232,
            -0.2780901789665222,
            -0.8442923426628113,
            0.030537378042936325,
            0.1958586871623993,
            0.02249916084110737,
            -0.22036120295524597,
            -0.03454906493425369,
            -0.0016020467737689614,
            0.5419466495513916,
            0.4369370937347412,
            0.1328771710395813,
            -0.10470287501811981,
