{
    "image_path": "images/024.png",
    "mask_path": "masks/024.png",
    "mask_features": {
        "mask_area_ratio": 0.07787580818965517,
        "mask_bbox": {
            "x_min": 640,
            "y_min": 263,
            "x_max": 854,
            "y_max": 861
        },
        "mask_location": "edge_or_corner",
        "mask_fragments": 1
    },
    "image_features": {
        "resolution": {
            "width": 1120,
            "height": 928,
            "aspect_ratio": 1.207
        },
        "faces_detected": 1,
        "texture": {
            "laplacian_variance": 30.79921953372964,
            "edge_density": 0.026494188731527094
        },
        "colors": {
            "brightness_mean": 149.04510660406405,
            "saturation_mean": 83.79327182112068,
            "dominant_colors": [
                [
                    71,
                    128,
                    106
                ],
                [
                    35,
                    51,
                    35
                ],
                [
                    239,
                    237,
                    222
                ]
            ]
        },
        "text_present": true,
        "clip_embedding": [
            -0.5801025629043579,
            -0.1388670802116394,
            -0.16739924252033234,
            0.2827087342739105,
            -0.0009770472534000874,
            -0.14368177950382233,
            -0.05817556381225586,
            -0.4726352095603943,
            0.4510333836078644,
            -0.016261328011751175,
            -0.14432401955127716,
            -0.37703245878219604,
            0.16270969808101654,
            -0.30280032753944397,
            -0.11310010403394699,
            0.064876988530159,
            1.1284587383270264,
            0.1766941398382187,
            0.004762164317071438,
            0.4952629506587982,
            0.2180154174566269,
            -0.12482113391160965,
            -0.31713104248046875,
            0.41443347930908203,
            -0.09900040924549103,
            0.4950886070728302,
            -0.12718023359775543,
            0.3461417555809021,
            -0.009282490238547325,
            -0.16876362264156342,
            0.16236183047294617,
            -0.11897790431976318,
            -0.02742900513112545,
            -0.4369455873966217,
            7.474589074263349e-05,
            -0.12763024866580963,
            0.288004606962204,
            0.21931202709674835,
            0.13354717195034027,
            0.06677678227424622,
            -0.011516173370182514,
            -0.0813039243221283,
            -0.4193803668022156,
            0.16020125150680542,
            0.5759603977203369,
            -1.462170958518982,
            0.3651699423789978,
            0.17942456901073456,
            -0.2452784776687622,
            -0.05760835483670235,
            0.33107537031173706,
            -0.051237765699625015,
            0.12757597863674164,
            0.02754615992307663,
            -0.1589851975440979,
            0.21472688019275665,
            -0.14923930168151855,
            -0.14484700560569763,
            -0.04605802893638611,
            -0.5514814853668213,
            0.7218907475471497,
            -0.4562782943248749,
            0.03551718220114708,
            0.2875673770904541,
            -0.10413757711648941,
            0.15737323462963104,
            -0.20926234126091003,
            0.2847937047481537,
            -0.11427341401576996,
            -0.5635881423950195,
            -0.07879463583230972,
            0.019316643476486206,
            0.5336791276931763,
            -0.17725840210914612,
            -0.23014231026172638,
            0.39584365487098694,
            -0.13942165672779083,
            0.08145087212324142,
            0.06608119606971741,
            -0.22752967476844788,
            0.40116608142852783,
            -0.0002614208497107029,
            -0.170919731259346,
            -0.4960155189037323,
            0.44820815324783325,
            -0.07297106832265854,
            -0.8254679441452026,
            -0.2534908950328827,
            -0.18235649168491364,
            0.16047874093055725,
            -0.4491522014141083,
            0.2031879872083664,
            -2.435432195663452,
            0.6321761608123779,
            -0.16626174747943878,
            -0.186870276927948,
            0.17170459032058716,
            0.4971008598804474,
            -0.24828024208545685,
            -0.4451949894428253,
            0.12263162434101105,
            -0.13672953844070435,
            -0.4233759939670563,
            0.19540216028690338,
            0.4683486521244049,
            0.38649460673332214,
            -0.8309302926063538,
            0.20672976970672607,
            -0.104082852602005,
            -0.046327024698257446,
            -0.3024316728115082,
            -0.30363979935646057,
            -0.27628904581069946,
            -0.15786835551261902,
            -0.42834070324897766,
            0.2923741340637207,
            0.29378366470336914,
            0.51132732629776,
            -0.24710111320018768,
            -0.695793867111206,
            0.18901804089546204,
            0.5261934399604797,
            0.006722163874655962,
            -0.39863598346710205,
            0.11181940138339996,
            -0.3323993384838104,
            0.02387569658458233,
            0.3727617859840393,
            -0.048069607466459274,
            0.7930810451507568,
            0.1267961710691452,
            0.32608264684677124,
            0.4065327048301697,
            0.6280503869056702,
            0.08644077181816101,
            -0.3115750849246979,
            0.11945274472236633,
            -0.2527153491973877,
            -0.39464008808135986,
            -0.38669246435165405,
            -0.6356979012489319,
            0.3558353781700134,
            -0.11466948688030243,
            0.02257523313164711,
            -0.1620970517396927,
            -0.030875645577907562,
            -0.11925160884857178,
            -0.023382723331451416,
            0.09190136939287186,
            0.14737379550933838,
            0.0032508193980902433,
            -0.1590273380279541,
            1.230112910270691,
            -0.8600149154663086,
            0.2589283287525177,
            -0.053748585283756256,
            -0.1324387639760971,
            0.017965378239750862,
            0.030772382393479347,
            -0.31749245524406433,
            0.4748285710811615,
            -0.3023245632648468,
            -0.5595298409461975,
            0.3362888693809509,
            0.43686798214912415,
            0.23915033042430878,
            0.4072718024253845,
            0.4073151648044586,
            0.2330620288848877,
            0.0717860758304596,
            0.17398667335510254,
            0.07067467272281647,
            0.1339028924703598,
            0.18612919747829437,
            0.36610177159309387,
            -0.5897053480148315,
            0.37340912222862244,
            0.0037555135786533356,
            -0.4269460439682007,
            -0.08825568854808807,
            -0.2377268522977829,
            -0.14446085691452026,
            0.3893752098083496,
            -0.18891747295856476,
            0.3019941449165344,
            -0.006859799847006798,
            -0.3312870264053345,
            -0.2966751456260681,
            0.46245047450065613,
            0.2509823441505432,
            -0.09695477038621902,
            0.33342790603637695,
            -0.02318676747381687,
            -0.23830822110176086,
            -0.4678720533847809,
            -0.6003444194793701,
            -0.2606758773326874,
            -0.0027665395755320787,
            0.16837850213050842,
            -0.4651447832584381,
            0.34173592925071716,
            0.3298570215702057,
            0.3351343870162964,
            0.23587733507156372,
