{
    "image_path": "images/025.png",
    "mask_path": "masks/025.png",
    "mask_features": {
        "mask_area_ratio": 0.1077960982746139,
        "mask_bbox": {
            "x_min": 721,
            "y_min": 208,
            "x_max": 1105,
            "y_max": 679
        },
        "mask_location": "edge_or_corner",
        "mask_fragments": 1
    },
    "image_features": {
        "resolution": {
            "width": 1184,
            "height": 896,
            "aspect_ratio": 1.321
        },
        "faces_detected": 0,
        "texture": {
            "laplacian_variance": 58.769679472271804,
            "edge_density": 0.03884852346766409
        },
        "colors": {
            "brightness_mean": 114.38599669703186,
            "saturation_mean": 40.454852836932915,
            "dominant_colors": [
                [
                    164,
                    166,
                    170
                ],
                [
                    74,
                    88,
                    89
                ],
                [
                    29,
                    39,
                    38
                ]
            ]
        },
        "text_present": false,
        "clip_embedding": [
            0.10081924498081207,
            0.1829220950603485,
            0.18355223536491394,
            -0.11942704766988754,
            -0.27560725808143616,
            0.21463464200496674,
            0.11022492498159409,
            -0.5265493392944336,
            0.3843158483505249,
            -0.18413695693016052,
            0.1721431016921997,
            -0.29556626081466675,
            0.14815211296081543,
            0.2555350959300995,
            0.8808040022850037,
            -0.10881020873785019,
            0.13366195559501648,
            0.5565506219863892,
            0.14931829273700714,
            -0.3683527708053589,
            0.3166460692882538,
            0.04575906693935394,
            0.39925330877304077,
            0.0871782973408699,
            -0.12678050994873047,
            -0.07326868176460266,
            -0.30699479579925537,
            -0.5187472105026245,
            -0.33496278524398804,
            -0.2946367859840393,
            -0.2858956754207611,
            0.042363911867141724,
            -0.1355331987142563,
            0.03874131664633751,
            -0.35134467482566833,
            0.02102586440742016,
            0.26127076148986816,
            0.22739116847515106,
            -0.14048802852630615,
            0.9034431576728821,
            -0.03262360021471977,
            -0.2673773467540741,
            -0.03922183811664581,
            -0.13897915184497833,
            0.8536974191665649,
            -0.9616538286209106,
            0.1791415810585022,
            0.07753543555736542,
            0.65782630443573,
            0.2709512412548065,
            0.2831500470638275,
            0.07968021184206009,
            0.3171311914920807,
            -0.2689981758594513,
            -0.19124187529087067,
            -0.2056385576725006,
            0.3983107805252075,
            -0.042518891394138336,
            -0.2530810534954071,
            -0.3664197325706482,
            0.17528095841407776,
            0.342247873544693,
            -0.1373603194952011,
            0.11469685286283493,
            -0.5610222816467285,
            -0.2820529043674469,
            0.01773131638765335,
            0.9002788662910461,
            -0.15682841837406158,
            0.19257739186286926,
            -0.1764449179172516,
            0.11344313621520996,
            0.28832972049713135,
            -0.8212921619415283,
            0.3161352872848511,
            -0.09064675122499466,
            0.26201269030570984,
            -0.42492011189460754,
            0.13825950026512146,
            -0.160171777009964,
            0.013133999891579151,
            0.36426836252212524,
            0.4229367673397064,
            0.3478885591030121,
            0.3576631546020508,
            0.40652069449424744,
            -0.6756727695465088,
            -0.14993928372859955,
            1.4494740962982178,
            -0.11871810257434845,
            -0.5032450556755066,
            -0.0744984894990921,
            -4.882917881011963,
            0.28597503900527954,
            0.44304728507995605,
            0.15917295217514038,
            -0.30981627106666565,
            -0.3373919129371643,
            -0.0674137994647026,
            0.0015249104471877217,
            0.30972108244895935,
            0.29914161562919617,
            0.285605788230896,
            0.6386045217514038,
            0.3356885313987732,
            0.5454927086830139,
            -1.497239351272583,
            -0.11597127467393875,
            0.2454528510570526,
            -0.0998859778046608,
            0.32766473293304443,
            -0.3891139626502991,
            -0.11364009976387024,
            -0.09569992870092392,
            -0.24476800858974457,
            0.020025435835123062,
            -0.17615431547164917,
            0.3459942936897278,
            0.32642361521720886,
            -0.07781639695167542,
            -0.19321255385875702,
            0.20689423382282257,
            -0.10333435237407684,
            0.11424069851636887,
            -0.18000251054763794,
            -0.1917770355939865,
            0.19471484422683716,
            0.3438352942466736,
            -0.20755426585674286,
            -0.26607099175453186,
            -0.296721875667572,
            -0.5415340065956116,
            0.16079090535640717,
            0.7546194195747375,
            0.4576297700405121,
            -0.21249958872795105,
            0.6985192894935608,
            -0.3099428713321686,
            -0.48778989911079407,
            0.0931309387087822,
            0.23202335834503174,
            0.28443020582199097,
            -0.026789939031004906,
            -0.1835317611694336,
            0.05716540291905403,
            -0.1519755870103836,
            -0.19706034660339355,
            -0.35696423053741455,
            -0.12602806091308594,
            0.4013044238090515,
            0.06119544059038162,
            -0.15989157557487488,
            0.3136006295681,
            0.1118348091840744,
            0.4188729524612427,
            -0.6945631504058838,
            0.33685845136642456,
            0.15173253417015076,
            -0.11951979249715805,
            0.09984251111745834,
            -0.5179454684257507,
            -0.6912742257118225,
            0.0007602084660902619,
            -0.028217650949954987,
            -0.12517429888248444,
            -0.09887296706438065,
            -0.21560144424438477,
            0.48662370443344116,
            0.12784478068351746,
            -0.031408119946718216,
            0.20615191757678986,
            -0.08611089736223221,
            -0.3737974464893341,
            -0.0014988075708970428,
            0.0159949641674757,
            -0.341705322265625,
            1.3366811275482178,
            0.061037369072437286,
            -0.48624712228775024,
            0.2925986349582672,
            0.36435404419898987,
            -0.16886913776397705,
            -0.4236982762813568,
            -0.03975377231836319,
            0.09241688251495361,
            0.3021601438522339,
            0.19576512277126312,
            -0.26004254817962646,
            0.19107404351234436,
            -0.07508295029401779,
            0.31039878726005554,
            0.24507060647010803,
            0.27072495222091675,
            -0.4171329736709595,
            -1.0114632844924927,
            0.015046900138258934,
            -0.14152584969997406,
            -0.7428538799285889,
            0.9433476328849792,
            0.2298561930656433,
            -0.0860610380768776,
            -0.0025732312351465225,
            -0.3719465434551239,
            0.21935342252254486,
