{
    "image_path": "images/026.png",
    "mask_path": "masks/026.png",
    "mask_features": {
        "mask_area_ratio": 0.09337294884169885,
        "mask_bbox": {
            "x_min": 360,
            "y_min": 124,
            "x_max": 593,
            "y_max": 770
        },
        "mask_location": "center",
        "mask_fragments": 1
    },
    "image_features": {
        "resolution": {
            "width": 1184,
            "height": 896,
            "aspect_ratio": 1.321
        },
        "faces_detected": 1,
        "texture": {
            "laplacian_variance": 19.066359391666477,
            "edge_density": 0.020340967362451737
        },
        "colors": {
            "brightness_mean": 139.75216333102074,
            "saturation_mean": 34.4994447921694,
            "dominant_colors": [
                [
                    46,
                    45,
                    42
                ],
                [
                    210,
                    230,
                    239
                ],
                [
                    134,
                    138,
                    139
                ]
            ]
        },
        "text_present": false,
        "clip_embedding": [
            -0.17468780279159546,
            0.43314439058303833,
            0.1624758541584015,
            -0.01700337417423725,
            -0.009474474005401134,
            0.11431165784597397,
            0.3249841630458832,
            0.17063067853450775,
            0.2642391622066498,
            -0.43358153104782104,
            0.29433372616767883,
            -0.5896931290626526,
            0.24683386087417603,
            0.36244016885757446,
            0.3984847664833069,
            0.146847665309906,
            1.2890455722808838,
            0.4802895784378052,
            -0.058656807988882065,
            0.17158469557762146,
            1.7354487180709839,
            0.36469408869743347,
            0.04257415607571602,
            -0.7870261669158936,
            -0.4305911660194397,
            0.2234143316745758,
            0.18494847416877747,
            -0.3850466012954712,
            -0.10642214864492416,
            -0.221106618642807,
            -0.5297964215278625,
            -0.21570955216884613,
            -0.017601214349269867,
            0.06696813553571701,
            0.44860708713531494,
            -0.17003172636032104,
            -0.052810993045568466,
            -0.20842619240283966,
            -0.029213741421699524,
            0.3893243372440338,
            0.03475432097911835,
            -0.024969642981886864,
            -0.08288079500198364,
            -0.1592978984117508,
            -0.17559650540351868,
            -0.12607188522815704,
            0.20316767692565918,
            0.08461945503950119,
            0.33289188146591187,
            0.0394534133374691,
            0.0337492935359478,
            0.23717555403709412,
            0.008527768775820732,
            -0.08585255593061447,
            -0.25057703256607056,
            -0.20262938737869263,
            -0.040810804814100266,
            0.1363537311553955,
            -0.588162362575531,
            0.0640912652015686,
            0.6313359141349792,
            -0.27109113335609436,
            0.4457096457481384,
            0.11750513315200806,
            -0.002322771353647113,
            -0.12922212481498718,
            -0.10819628834724426,
            1.2121943235397339,
            -0.3592448830604553,
            0.33976757526397705,
            -0.32337096333503723,
            0.4850406348705292,
            -0.11857882142066956,
            0.16603970527648926,
            -0.06779830902814865,
            -0.023715591058135033,
            -0.0687837228178978,
            0.1826189160346985,
            0.05131418630480766,
            -0.4094398617744446,
            1.0761600732803345,
            -0.13449007272720337,
            0.13619187474250793,
            0.10067111253738403,
            -0.12365871667861938,
            0.7842215299606323,
            0.7622441649436951,
            -0.06868313252925873,
            -0.14932720363140106,
            -0.34732091426849365,
            0.4193653464317322,
            -0.41431641578674316,
            -5.180821895599365,
            0.11627096682786942,
            0.3081096410751343,
            -0.01478405948728323,
            -0.12682178616523743,
            -0.41669052839279175,
            -0.2777552306652069,
            0.5255946516990662,
            0.07217675447463989,
            -0.2037777453660965,
            0.37130066752433777,
            0.1746363788843155,
            -0.20051699876785278,
            -0.3783729672431946,
            -0.9069381952285767,
            -0.2664518654346466,
            0.35577088594436646,
            0.07399968802928925,
            0.05638604983687401,
            -0.34060707688331604,
            -0.14216932654380798,
            -0.0010116997873410583,
            0.03924627602100372,
            0.4324037730693817,
            0.33302921056747437,
            -0.12350756675004959,
            0.5240735411643982,
            -0.29483911395072937,
            0.017336763441562653,
            0.42976582050323486,
            0.0002684967766981572,
            0.21242474019527435,
            -0.21168643236160278,
            0.04954436048865318,
            0.3752492666244507,
            -0.2398848980665207,
            0.3508746922016144,
            -0.022446811199188232,
            -0.014593875035643578,
            0.09727459400892258,
            -0.17636512219905853,
            0.8676636815071106,
            0.15301145613193512,
            0.2892489433288574,
            0.06269142776727676,
            -0.32006752490997314,
            -0.07939869910478592,
            -0.49468836188316345,
            -0.14066477119922638,
            0.0021316364873200655,
            0.2687475085258484,
            -0.024673163890838623,
            0.0411592498421669,
            0.4608485996723175,
            0.031460560858249664,
            0.6222141981124878,
            0.35055848956108093,
            0.20067675411701202,
            0.6474451422691345,
            -0.06903918832540512,
            0.42980727553367615,
            0.08055020868778229,
            -0.05888945609331131,
            0.036411646753549576,
            0.25918906927108765,
            0.017621465027332306,
            0.0998290628194809,
            0.1506320834159851,
            -0.7544975876808167,
            -0.7292428016662598,
            0.1656215339899063,
            0.5754669904708862,
            0.521692156791687,
            0.5812827348709106,
            1.4151370525360107,
            -0.043578289449214935,
            -0.00025118488701991737,
            0.19574935734272003,
            0.338433176279068,
            0.39838770031929016,
            0.003939020913094282,
            -0.2608145475387573,
            0.044238243252038956,
            -0.24318024516105652,
            2.0068562030792236,
            0.42979881167411804,
            -0.24396249651908875,
            0.3799492120742798,
            0.35128140449523926,
            -0.07652279734611511,
            -0.03608131781220436,
            0.19599862396717072,
            -0.12086537480354309,
            -0.0775030180811882,
            0.10228125751018524,
            -0.0033364566043019295,
            -0.14800886809825897,
            0.12264115363359451,
            -0.4705711007118225,
            0.21088308095932007,
            0.0066509488970041275,
            -0.4947204291820526,
            0.026656970381736755,
            0.04047317057847977,
            -0.18381473422050476,
            -0.21507374942302704,
            0.1984565407037735,
            0.11809894442558289,
            -0.046640340238809586,
            0.05686796084046364,
            0.37852001190185547,
