{
    "image_path": "images/027.jpg",
    "mask_path": "masks/027.jpg",
    "mask_features": {
        "mask_area_ratio": 0.356015625,
        "mask_bbox": {
            "x_min": 22,
            "y_min": 67,
            "x_max": 302,
            "y_max": 192
        },
        "mask_location": "center",
        "mask_fragments": 1
    },
    "image_features": {
        "resolution": {
            "width": 320,
            "height": 240,
            "aspect_ratio": 1.333
        },
        "faces_detected": 0,
        "texture": {
            "laplacian_variance": 1269.4118867511327,
            "edge_density": 0.09911458333333334
        },
        "colors": {
            "brightness_mean": 138.33877604166668,
            "saturation_mean": 35.869765625,
            "dominant_colors": [
                [
                    50,
                    51,
                    47
                ],
                [
                    209,
                    232,
                    240
                ],
                [
                    133,
                    138,
                    138
                ]
            ]
        },
        "text_present": false,
        "clip_embedding": [
            -0.1496773213148117,
            0.3402031362056732,
            0.315839946269989,
            0.2148493379354477,
            0.2942025661468506,
            0.11128824204206467,
            0.14415030181407928,
            -0.16471856832504272,
            0.17480890452861786,
            -0.49730727076530457,
            0.5026147961616516,
            -0.3108399510383606,
            0.22283421456813812,
            0.16767360270023346,
            0.47385546565055847,
            -0.1783551573753357,
            1.6699423789978027,
            0.42828720808029175,
            -0.1797630786895752,
            -0.23399999737739563,
            0.6179493069648743,
            0.18575572967529297,
            -0.11535654962062836,
            -0.42477062344551086,
            -0.5801928043365479,
            0.49888163805007935,
            0.4711313843727112,
            -0.45763900876045227,
            -0.04042312130331993,
            -0.20095811784267426,
            -0.32564777135849,
            -0.2807021141052246,
            0.16077668964862823,
            0.2381432056427002,
            0.1969422698020935,
            -0.2285645455121994,
            -0.22375528514385223,
            -0.36969131231307983,
            -0.044579654932022095,
            1.1408084630966187,
            0.14007513225078583,
            0.21752022206783295,
            0.09984485059976578,
            -0.17600619792938232,
            0.2152705043554306,
            -0.11859442293643951,
            -0.005990892183035612,
            -0.34540459513664246,
            0.1871633529663086,
            -0.38683652877807617,
            -0.3858356177806854,
            -0.13259929418563843,
            -0.07913196831941605,
            -0.28768178820610046,
            -0.2743162214756012,
            -0.5708807706832886,
            -0.30912724137306213,
            -0.026505837216973305,
            -0.6271312236785889,
            0.14615795016288757,
            0.7399390339851379,
            -0.42588505148887634,
            0.08073484152555466,
            0.09252974390983582,
            -0.06832573562860489,
            -0.3014122545719147,
            0.1610831320285797,
            0.3980584442615509,
            0.4766019880771637,
            -0.16354358196258545,
            -0.21609671413898468,
            -0.03564855456352234,
            0.19858600199222565,
            0.2773634195327759,
            -0.12350165098905563,
            -0.017921296879649162,
            -0.13790243864059448,
            -0.16742749512195587,
            -0.09745943546295166,
            0.10528183728456497,
            0.4844609498977661,
            -0.13296303153038025,
            0.4315066933631897,
            -0.4063827395439148,
            0.30457770824432373,
            0.802554726600647,
            0.15899375081062317,
            -0.0557442344725132,
            -0.23547884821891785,
            -0.1407678723335266,
            0.4013644754886627,
            -0.420647531747818,
            -6.427000999450684,
            0.06583567708730698,
            -0.2094857096672058,
            -0.03851521387696266,
            -0.2807020843029022,
            -0.33943280577659607,
            -0.6541971564292908,
            0.33969223499298096,
            -0.0924682691693306,
            -0.028224686160683632,
            0.19806666672229767,
            -0.2295224368572235,
            0.08417718857526779,
            -0.8091999292373657,
            -1.043441653251648,
            -0.24475066363811493,
            0.2916194200515747,
            -0.11845145374536514,
            0.24394184350967407,
            -0.3853178322315216,
            0.13966435194015503,
            -0.14274896681308746,
            0.20121417939662933,
            0.23809590935707092,
            0.1838657408952713,
            -0.06843211501836777,
            0.31287235021591187,
            -0.20229405164718628,
            0.22091062366962433,
            -0.6606073975563049,
            -0.18121527135372162,
            -0.01873529702425003,
            0.0670161098241806,
            -0.028649765998125076,
            0.2200000137090683,
            -0.19203685224056244,
            0.32563480734825134,
            0.0856296643614769,
            -0.014629933051764965,
            0.07659517973661423,
            -0.3312409520149231,
            0.8117204904556274,
            0.33262157440185547,
            0.09597650915384293,
            0.1308833509683609,
            0.3237397074699402,
            0.20921197533607483,
            -0.24140052497386932,
            -0.002140696858987212,
            -0.17816296219825745,
            0.00209416588768363,
            0.20966309309005737,
            -0.21222597360610962,
            0.05498731508851051,
            0.7818396687507629,
            0.35963174700737,
            0.03169316053390503,
            -0.21836623549461365,
            0.5137696862220764,
            0.04840034991502762,
            1.1135755777359009,
            0.20599284768104553,
            0.20759889483451843,
            0.01790129393339157,
            -0.026531321927905083,
            -0.3238106667995453,
            0.21022634208202362,
            0.3906114399433136,
            -0.9159286618232727,
            -0.9215183854103088,
            0.24606940150260925,
            0.637378454208374,
            0.6279856562614441,
            0.2253989428281784,
            0.7640942335128784,
            -0.04481637477874756,
            0.18710047006607056,
            0.42896926403045654,
            -0.1752905696630478,
            0.2903308868408203,
            0.23667486011981964,
            -0.14725545048713684,
            -0.07097940146923065,
            -0.06438346207141876,
            1.8643443584442139,
            0.19479644298553467,
            0.8036685585975647,
            0.12740474939346313,
            0.3169917166233063,
            0.02402765117585659,
            -0.05583816394209862,
            0.07166634500026703,
            -0.011308637447655201,
            0.09989286214113235,
            -0.5258969068527222,
            -0.17674143612384796,
            -0.07044603675603867,
            0.1454041302204132,
            -0.10916813462972641,
            -0.029280701652169228,
            0.13456134498119354,
            -0.4400536119937897,
            -0.15321853756904602,
            -0.2840817868709564,
            -0.2799230217933655,
            -0.048834122717380524,
            -0.469495564699173,
            0.5019251704216003,
            -0.33891189098358154,
            -0.09535766392946243,
            0.45718875527381897,
            -0.08075211942195892,
            -0.1494440883398056,
