{
    "image_path": "images/028.jpg",
    "mask_path": "masks/028.jpg",
    "mask_features": {
        "mask_area_ratio": 0.20206589958158996,
        "mask_bbox": {
            "x_min": 172,
            "y_min": 70,
            "x_max": 302,
            "y_max": 212
        },
        "mask_location": "edge_or_corner",
        "mask_fragments": 1
    },
    "image_features": {
        "resolution": {
            "width": 320,
            "height": 239,
            "aspect_ratio": 1.339
        },
        "faces_detected": 0,
        "texture": {
            "laplacian_variance": 4661.712714377532,
            "edge_density": 0.15938807531380753
        },
        "colors": {
            "brightness_mean": 157.73883368200836,
            "saturation_mean": 70.59110878661087,
            "dominant_colors": [
                [
                    29,
                    58,
                    61
                ],
                [
                    92,
                    154,
                    150
                ],
                [
                    210,
                    207,
                    205
                ]
            ]
        },
        "text_present": false,
        "clip_embedding": [
            0.6096220016479492,
            -0.04846492409706116,
            0.705650806427002,
            0.6311965584754944,
            0.09361136704683304,
            -0.3937465250492096,
            0.1936052292585373,
            -0.21864348649978638,
            -0.1300535947084427,
            0.3293333351612091,
            0.3455493450164795,
            -0.11017423123121262,
            0.04668903350830078,
            0.13796523213386536,
            0.8497341275215149,
            0.3562942445278168,
            0.5281774997711182,
            -0.2550732493400574,
            0.03867431730031967,
            0.19608445465564728,
            -0.21922624111175537,
            0.3994317650794983,
            0.1315961331129074,
            -0.5008958578109741,
            -0.5385478734970093,
            -0.1792820543050766,
            -0.09255219250917435,
            -0.2822892367839813,
            -0.1992836892604828,
            -0.2272757738828659,
            -0.0632290467619896,
            -0.18976129591464996,
            0.04144183546304703,
            -0.17589837312698364,
            0.2945154905319214,
            -0.17498160898685455,
            -0.11965063214302063,
            0.3794359564781189,
            -0.07745198905467987,
            1.0883878469467163,
            -0.24195705354213715,
            -0.2372530698776245,
            0.03904126212000847,
            -0.18541136384010315,
            0.27965378761291504,
            -0.29098910093307495,
            0.39350587129592896,
            0.07429872453212738,
            0.23260729014873505,
            -0.21647673845291138,
            0.15645849704742432,
            -0.5518997311592102,
            0.03531697764992714,
            0.21843880414962769,
            -0.036103274673223495,
            0.03838976472616196,
            0.440420538187027,
            0.5048360824584961,
            -0.30956482887268066,
            0.4079587161540985,
            -0.23882697522640228,
            0.1500215381383896,
            0.314805269241333,
            0.2332903891801834,
            -0.08487400412559509,
            -0.6351003050804138,
            0.606830894947052,
            1.4400362968444824,
            0.14074093103408813,
            -0.38350561261177063,
            0.04655017703771591,
            -0.063048355281353,
            -0.0850580558180809,
            -0.07237283885478973,
            -0.05240124836564064,
            -0.15369096398353577,
            0.17049278318881989,
            -0.26426446437835693,
            -0.5584079027175903,
            0.17933620512485504,
            -0.33594250679016113,
            -0.18626047670841217,
            0.2608696222305298,
            -1.0033187866210938,
            0.0921676978468895,
            0.4481848180294037,
            -0.6005724668502808,
            -0.13863855600357056,
            0.4566881060600281,
            -0.016846053302288055,
            0.2507765293121338,
            -0.09001585096120834,
            -5.776897430419922,
            0.21902035176753998,
            -0.1736600399017334,
            -0.2109830528497696,
            0.23573611676692963,
            0.30543261766433716,
            -0.439557820558548,
            -0.32484370470046997,
            -0.3968502879142761,
            -0.09846433252096176,
            -0.469372421503067,
            -0.33378398418426514,
            0.3327570855617523,
            -0.15232107043266296,
            -0.8571978211402893,
            0.10118566453456879,
            -0.021764356642961502,
            -0.44846659898757935,
            -0.3553871512413025,
            -0.5272975564002991,
            -0.10494235157966614,
            -0.2337251603603363,
            -0.13063709437847137,
            0.13388729095458984,
            0.11514371633529663,
            0.3199605345726013,
            -0.007690099999308586,
            -0.1453590840101242,
            -0.4164802134037018,
            0.1287858933210373,
            -0.22309917211532593,
            -0.0717676430940628,
            0.38789644837379456,
            -0.49955523014068604,
            -0.7901433706283569,
            0.1680498719215393,
            0.2399354726076126,
            0.011951315216720104,
            0.20406557619571686,
            -0.7216492295265198,
            0.13757991790771484,
            0.8752419948577881,
            0.3562215268611908,
            -0.4006960988044739,
            0.15031427145004272,
            -0.00025069518596865237,
            0.12092506140470505,
            -0.19736243784427643,
            -0.24877426028251648,
            0.024260656908154488,
            0.4812702238559723,
            0.39641663432121277,
            0.1402038335800171,
            0.2562107741832733,
            0.030483471229672432,
            0.010045262984931469,
            0.31468161940574646,
            -0.45527413487434387,
            -0.21106302738189697,
            0.16512340307235718,
            0.30165836215019226,
            -0.009223157539963722,
            0.15106528997421265,
            0.4160040318965912,
            0.07158865034580231,
            -0.20833057165145874,
            0.16307799518108368,
            0.15360407531261444,
            0.10368412733078003,
            -0.17726682126522064,
            -0.36877402663230896,
            0.384708434343338,
            1.0146278142929077,
            0.40031832456588745,
            -0.13310448825359344,
            -0.059684399515390396,
            0.1685413420200348,
            0.22389131784439087,
            0.15504568815231323,
            0.4182538688182831,
            0.28916606307029724,
            -0.3138459324836731,
            -0.3361145555973053,
            0.514337420463562,
            0.02657490037381649,
            0.46815457940101624,
            0.14939360320568085,
            0.32059404253959656,
            -0.12925325334072113,
            -0.3988816738128662,
            -0.016533534973859787,
            -0.6877558827400208,
            -0.2410186231136322,
            -0.2559860944747925,
            0.25239357352256775,
            -0.0740434005856514,
            -0.5086619853973389,
            0.1795673966407776,
            0.14285223186016083,
            0.17659367620944977,
            -0.6048435568809509,
            -0.07434571534395218,
            -0.9293000102043152,
            0.1870340257883072,
            0.13261066377162933,
            0.3435095548629761,
            0.6841835975646973,
            -0.39017581939697266,
            0.10884518921375275,
            0.30781009793281555,
            0.310992568731308,
            0.15300333499908447,
