{
    "image_path": "images/029.jpg",
    "mask_path": "masks/029.jpg",
    "mask_features": {
        "mask_area_ratio": 0.4096223958333333,
        "mask_bbox": {
            "x_min": 13,
            "y_min": 65,
            "x_max": 286,
            "y_max": 204
        },
        "mask_location": "center",
        "mask_fragments": 1
    },
    "image_features": {
        "resolution": {
            "width": 320,
            "height": 240,
            "aspect_ratio": 1.333
        },
        "faces_detected": 0,
        "texture": {
            "laplacian_variance": 2170.8460120101927,
            "edge_density": 0.167265625
        },
        "colors": {
            "brightness_mean": 99.7924609375,
            "saturation_mean": 84.57533854166667,
            "dominant_colors": [
                [
                    39,
                    53,
                    40
                ],
                [
                    139,
                    123,
                    115
                ],
                [
                    234,
                    223,
                    211
                ]
            ]
        },
        "text_present": false,
        "clip_embedding": [
            -0.03235933929681778,
            0.43583375215530396,
            0.03856268525123596,
            -0.13626448810100555,
            -0.23064115643501282,
            0.16179534792900085,
            0.2829110324382782,
            -0.8489842414855957,
            0.0017108602914959192,
            -0.34047818183898926,
            0.13591694831848145,
            0.08220778405666351,
            -0.11507946252822876,
            0.21696530282497406,
            0.461909681558609,
            0.5536542534828186,
            1.5638455152511597,
            0.24216149747371674,
            -0.20851045846939087,
            -0.058371882885694504,
            0.2561606764793396,
            -0.11478213965892792,
            0.27625957131385803,
            -0.3517960011959076,
            -0.2237563282251358,
            0.3886713981628418,
            0.39887377619743347,
            -0.195045605301857,
            0.10092920064926147,
            0.19811826944351196,
            -0.30976390838623047,
            -0.11983263492584229,
            0.08340820670127869,
            0.33929646015167236,
            0.5024425983428955,
            -0.306418240070343,
            0.20045629143714905,
            -0.4233661890029907,
            -0.1367422193288803,
            1.3692916631698608,
            0.32717835903167725,
            0.15718120336532593,
            -0.029751038178801537,
            -0.1198069378733635,
            0.12788428366184235,
            -0.43969494104385376,
            -0.12250978499650955,
            0.18578869104385376,
            0.20312780141830444,
            -0.11868736892938614,
            -0.32375380396842957,
            -0.11255630105733871,
            0.199002206325531,
            -0.10352472215890884,
            -0.23413126170635223,
            -0.6551329493522644,
            -0.4272671937942505,
            0.07292930781841278,
            -0.6676793098449707,
            0.12249777466058731,
            0.763701856136322,
            -0.7472301125526428,
            -0.029099151492118835,
            0.43973755836486816,
            0.08534278720617294,
            -0.4144664704799652,
            0.4191455841064453,
            0.285787969827652,
            -0.1270110160112381,
            -0.026541467756032944,
            -0.35457345843315125,
            0.034081317484378815,
            0.26981550455093384,
            0.23905335366725922,
            -0.12311940640211105,
            0.03863648697733879,
            -0.21387237310409546,
            -0.08610381931066513,
            0.05390196666121483,
            0.20097319781780243,
            0.18852978944778442,
            0.07781361043453217,
            0.506300151348114,
            -0.292102575302124,
            0.18894419074058533,
            0.5307649374008179,
            0.04552925378084183,
            0.06820941716432571,
            0.4898986220359802,
            -0.27985453605651855,
            0.05792731046676636,
            -0.5426502227783203,
            -5.66859769821167,
            -0.15383611619472504,
            0.014774379320442677,
            -0.16294364631175995,
            -0.1776980608701706,
            -0.10749980807304382,
            -0.44932568073272705,
            -0.04498572647571564,
            -0.25763043761253357,
            -0.11549374461174011,
            0.29816368222236633,
            -0.16600526869297028,
            0.11087998747825623,
            -0.35626789927482605,
            -0.7014437317848206,
            -0.3599550426006317,
            0.2775880992412567,
            -0.23275186121463776,
            0.04782584682106972,
            -0.27822187542915344,
            0.34121599793434143,
            0.25135987997055054,
            -0.01780616119503975,
            0.573407769203186,
            0.14533185958862305,
            -0.034670449793338776,
            0.12015804648399353,
            -0.406366765499115,
            0.8866404294967651,
            0.18942008912563324,
            -0.6138703227043152,
            -0.10084279626607895,
            0.4665217697620392,
            -0.0642373189330101,
            -0.11181686818599701,
            -0.35329121351242065,
            -0.10268879681825638,
            -0.15000037848949432,
            0.3579690456390381,
            -0.2263638973236084,
            -0.4795539975166321,
            0.7074556946754456,
            0.14459533989429474,
            0.33281537890434265,
            0.22049269080162048,
            0.3360728323459625,
            -0.16770146787166595,
            -0.15954650938510895,
            0.35100728273391724,
            -0.05369674414396286,
            0.2823624610900879,
            0.12832851707935333,
            0.15962755680084229,
            -0.17297272384166718,
            0.5165677070617676,
            0.5408305525779724,
            -0.030893772840499878,
            -0.14543777704238892,
            0.48606136441230774,
            0.6370044350624084,
            0.36608296632766724,
            0.07926873117685318,
            0.0020508398301899433,
            0.2925606966018677,
            0.12823033332824707,
            -0.10846824944019318,
            0.2554858326911926,
            0.4662598669528961,
            -0.7010379433631897,
            -0.32529377937316895,
            -0.05085941031575203,
            0.27929237484931946,
            0.3861258924007416,
            0.0999482274055481,
            0.7407366633415222,
            -0.00973448995500803,
            0.01726735197007656,
            0.504023551940918,
            -0.011761624366044998,
            0.3245605528354645,
            0.008262509480118752,
            -0.21831616759300232,
            -0.08675983548164368,
            -0.3537340760231018,
            1.6380228996276855,
            0.03651222959160805,
            0.2762746214866638,
            0.05525641515851021,
            0.39363765716552734,
            -0.17996647953987122,
            0.14793679118156433,
            0.26822835206985474,
            0.007648048456758261,
            -0.4792144000530243,
            -0.8491391539573669,
            -0.05142606794834137,
            -0.05022609978914261,
            0.004287597723305225,
            -0.019115149974822998,
            0.10002680867910385,
            0.32557040452957153,
            -0.5592865943908691,
            -0.09254453331232071,
            -0.04149061441421509,
            -0.11000320315361023,
            0.019733639433979988,
            -0.08186110109090805,
            0.027194516733288765,
            -0.052223194390535355,
            -0.5693497657775879,
            0.7333208918571472,
            -0.31358131766319275,
