{
    "image_path": "images/030.png",
    "mask_path": "masks/030.png",
    "mask_features": {
        "mask_area_ratio": 0.06938683940637065,
        "mask_bbox": {
            "x_min": 49,
            "y_min": 224,
            "x_max": 1139,
            "y_max": 578
        },
        "mask_location": "center",
        "mask_fragments": 2
    },
    "image_features": {
        "resolution": {
            "width": 1184,
            "height": 896,
            "aspect_ratio": 1.321
        },
        "faces_detected": 0,
        "texture": {
            "laplacian_variance": 25.327946812917162,
            "edge_density": 0.026379441662644786
        },
        "colors": {
            "brightness_mean": 103.69248838682432,
            "saturation_mean": 73.61077008928571,
            "dominant_colors": [
                [
                    235,
                    224,
                    214
                ],
                [
                    41,
                    53,
                    41
                ],
                [
                    139,
                    122,
                    116
                ]
            ]
        },
        "text_present": false,
        "clip_embedding": [
            -0.18741868436336517,
            0.6605190634727478,
            0.18830156326293945,
            -0.09841866046190262,
            -0.1574282944202423,
            0.18394754827022552,
            0.17840342223644257,
            -0.17496547102928162,
            0.0782909095287323,
            -0.43277105689048767,
            0.32377898693084717,
            -0.10679301619529724,
            0.12910892069339752,
            0.28638604283332825,
            0.3853524923324585,
            0.3130658268928528,
            1.2988954782485962,
            0.1587466150522232,
            -0.18450233340263367,
            -0.07122942805290222,
            0.2657606303691864,
            0.08509232103824615,
            0.48052728176116943,
            -0.21756470203399658,
            -0.3437197208404541,
            0.3082362413406372,
            0.38281580805778503,
            -0.5359845161437988,
            -0.00215171673335135,
            0.08629512786865234,
            -0.12875810265541077,
            -0.033518411219120026,
            -0.058591362088918686,
            0.2532919645309448,
            0.36066487431526184,
            -0.16654245555400848,
            0.21620170772075653,
            -0.32905304431915283,
            -0.09471969306468964,
            1.3114149570465088,
            0.7012638449668884,
            0.004440775606781244,
            -0.2508048415184021,
            -0.4075087904930115,
            0.010837511159479618,
            -1.03224515914917,
            -0.1431841254234314,
            0.017765481024980545,
            0.16572506725788116,
            -0.056742649525403976,
            -0.3943510353565216,
            -0.04713482782244682,
            0.294070303440094,
            -0.11674194782972336,
            -0.13880951702594757,
            -0.399802565574646,
            -0.4220415949821472,
            0.20475298166275024,
            -0.5655417442321777,
            0.2165617197751999,
            1.0567052364349365,
            -0.8777973055839539,
            0.1278921365737915,
            0.38720834255218506,
            -0.0858379378914833,
            -0.5547927021980286,
            0.2598882019519806,
            0.2817603349685669,
            -0.13590162992477417,
            0.10828185826539993,
            -0.27727073431015015,
            0.10054494440555573,
            0.19925720989704132,
            0.2818632423877716,
            -0.14366954565048218,
            -0.043393444269895554,
            -0.11452484875917435,
            -0.2015535682439804,
            0.008704818785190582,
            0.01679804176092148,
            0.3583458364009857,
            -0.081303171813488,
            0.2341577112674713,
            -0.23212920129299164,
            0.005783194210380316,
            0.5508091449737549,
            -0.043265022337436676,
            0.07722408324480057,
            0.7401959300041199,
            -0.2953282594680786,
            0.024472935125231743,
            -0.2268647998571396,
            -5.669033527374268,
            -0.06576424092054367,
            0.21177975833415985,
            0.18921048939228058,
            -0.16132846474647522,
            -0.16939882934093475,
            -0.12025967985391617,
            0.05506699159741402,
            -0.17765259742736816,
            -0.13600029051303864,
            0.2495846450328827,
            -0.3236111104488373,
            0.16563290357589722,
            -0.29893240332603455,
            -1.0211533308029175,
            -0.3653196692466736,
            0.0940561294555664,
            -0.07963785529136658,
            0.030084960162639618,
            -0.3628678619861603,
            0.3158782422542572,
            -0.0670589953660965,
            -0.17369599640369415,
            0.5111222267150879,
            -0.07017937302589417,
            -0.2694437503814697,
            0.1678326576948166,
            -0.562622606754303,
            0.7044854164123535,
            0.0722070038318634,
            -0.6431975364685059,
            -0.17061647772789001,
            0.1596871018409729,
            -0.3780226409435272,
            -0.06024003401398659,
            -0.09154518693685532,
            -0.10103195160627365,
            -0.36580368876457214,
            0.35370704531669617,
            -0.1764410138130188,
            -0.41577842831611633,
            0.7423974871635437,
            0.4319813549518585,
            0.6003121137619019,
            0.20947010815143585,
            0.09072129428386688,
            -0.09484036266803741,
            -0.021485744044184685,
            0.21850982308387756,
            -0.17896650731563568,
            0.2582639455795288,
            0.04167744889855385,
            0.06128904968500137,
            -0.2478247433900833,
            0.35952839255332947,
            0.33146050572395325,
            -0.18496136367321014,
            -0.010949426330626011,
            0.2957870662212372,
            0.5353631377220154,
            0.42803755402565,
            0.08017748594284058,
            -0.1557862013578415,
            0.24601879715919495,
            0.1907520890235901,
            -0.30803555250167847,
            0.26121339201927185,
            0.42075037956237793,
            -0.7080419063568115,
            -0.34330496191978455,
            -0.11330012232065201,
            0.37725070118904114,
            0.3107692003250122,
            -0.001705107162706554,
            0.6880335211753845,
            0.2532058358192444,
            0.17361460626125336,
            0.25876662135124207,
            0.12756913900375366,
            0.2948625683784485,
            0.027638882398605347,
            -0.2679806351661682,
            -0.0518086701631546,
            -0.22135820984840393,
            1.8536065816879272,
            0.0383443757891655,
            0.2507399618625641,
            -0.04287096485495567,
            0.3947179317474365,
            -0.25272947549819946,
            0.20795954763889313,
            0.19204317033290863,
            -0.01260105799883604,
            -0.314727246761322,
            -0.7746071219444275,
            -0.20840582251548767,
            -0.21418993175029755,
            -0.03332474082708359,
            -0.16193285584449768,
            0.08289749175310135,
            0.3152971565723419,
            -0.6237698197364807,
            -0.19710633158683777,
            0.37199822068214417,
            -0.1489589512348175,
            -0.024633822962641716,
            -0.34599363803863525,
            0.12998494505882263,
            -0.3365597426891327,
            -0.592748761177063,
            0.7999035120010376,
            -0.26198357343673706,
