{
    "image_path": "images/031.png",
    "mask_path": "masks/031.png",
    "mask_features": {
        "mask_area_ratio": 0.059228138573841696,
        "mask_bbox": {
            "x_min": 792,
            "y_min": 289,
            "x_max": 1127,
            "y_max": 542
        },
        "mask_location": "edge_or_corner",
        "mask_fragments": 1
    },
    "image_features": {
        "resolution": {
            "width": 1184,
            "height": 896,
            "aspect_ratio": 1.321
        },
        "faces_detected": 0,
        "texture": {
            "laplacian_variance": 12.257912414917461,
            "edge_density": 0.009985257299710424
        },
        "colors": {
            "brightness_mean": 120.87106358590734,
            "saturation_mean": 39.64620064400338,
            "dominant_colors": [
                [
                    52,
                    56,
                    67
                ],
                [
                    121,
                    127,
                    138
                ],
                [
                    220,
                    229,
                    231
                ]
            ]
        },
        "text_present": false,
        "clip_embedding": [
            0.07049692422151566,
            0.09652850031852722,
            0.2487422227859497,
            0.09026335179805756,
            0.08358632773160934,
            -0.7234238386154175,
            0.4725346267223358,
            -0.10998767614364624,
            -0.5367977023124695,
            -0.5000850558280945,
            0.37580227851867676,
            -0.18587644398212433,
            -0.05961664021015167,
            0.44860708713531494,
            0.6134533286094666,
            0.442425400018692,
            0.5515544414520264,
            0.1312413364648819,
            0.21186725795269012,
            -0.23105134069919586,
            0.8837073445320129,
            -0.2239363044500351,
            -0.22082822024822235,
            0.03377269208431244,
            0.001079210196621716,
            0.3704521059989929,
            0.185633584856987,
            -0.1057359129190445,
            -0.240238219499588,
            -0.06870653480291367,
            -0.2098434716463089,
            -0.2948482036590576,
            0.18207065761089325,
            -0.04113034904003143,
            -0.08653917163610458,
            -0.047503214329481125,
            -0.46497511863708496,
            -0.12849675118923187,
            -0.022304868325591087,
            0.3201907277107239,
            0.07390016317367554,
            0.5624558925628662,
            -0.2932448983192444,
            0.0015125959180295467,
            0.10588175058364868,
            1.0361335277557373,
            0.6207106709480286,
            -0.1987924724817276,
            -0.11838594824075699,
            -0.5130763053894043,
            0.19368770718574524,
            -0.38877126574516296,
            -0.1347295641899109,
            -0.10500592738389969,
            -0.010556082241237164,
            -0.13791148364543915,
            0.26672011613845825,
            -0.0815364271402359,
            0.03639182448387146,
            0.32006514072418213,
            -0.3423415422439575,
            -0.378465861082077,
            -0.10576416552066803,
            0.19657954573631287,
            0.17092765867710114,
            -0.47353827953338623,
            0.2407086342573166,
            0.44592398405075073,
            -0.1796448826789856,
            0.35390716791152954,
            0.11009874939918518,
            0.11623946577310562,
            -0.08278543502092361,
            -0.2771080434322357,
            -0.06430920958518982,
            -0.05622465908527374,
            -0.5294378995895386,
            -0.7966001629829407,
            -0.09374530613422394,
            0.13165494799613953,
            -0.07480643689632416,
            -0.07879220694303513,
            0.2400553822517395,
            -0.3830442428588867,
            0.019449390470981598,
            0.44634339213371277,
            0.6249158382415771,
            -0.3189995586872101,
            0.6744127869606018,
            -0.3165690004825592,
            0.41082367300987244,
            0.2561180591583252,
            -5.760141372680664,
            0.7756373882293701,
            -0.11100099235773087,
            0.007596813607960939,
            -0.14526517689228058,
            -0.39539313316345215,
            -0.09870874881744385,
            0.33814096450805664,
            0.061263665556907654,
            -0.08939936757087708,
            0.3024972081184387,
            0.32607027888298035,
            -0.27209925651550293,
            -0.061650581657886505,
            -2.684758186340332,
            0.34879109263420105,
            0.12850552797317505,
            0.07066921889781952,
            0.2625296413898468,
            -0.5626277327537537,
            0.1649627536535263,
            0.02030506357550621,
            0.34573107957839966,
            0.11809945106506348,
            0.22300785779953003,
            -0.19225062429904938,
            0.32289308309555054,
            -0.6397057771682739,
            0.573373019695282,
            -0.5200355052947998,
            0.32207778096199036,
            0.18457011878490448,
            0.41673699021339417,
            -0.17699222266674042,
            0.6231648921966553,
            0.168226957321167,
            -0.0742436870932579,
            0.05571627989411354,
            0.2286870926618576,
            -0.20828235149383545,
            -0.16463041305541992,
            0.8164313435554504,
            -0.14654991030693054,
            0.08689194172620773,
            0.03984835371375084,
            -0.5342612266540527,
            0.1522526741027832,
            -0.17209208011627197,
            0.1201067566871643,
            -0.15694299340248108,
            0.5033318996429443,
            0.2086724042892456,
            -0.36881223320961,
            0.17572113871574402,
            -0.07463426887989044,
            0.21434538066387177,
            -0.07738792151212692,
            -0.22769348323345184,
            0.40634122490882874,
            0.141178160905838,
            0.4262988567352295,
            0.748207688331604,
            0.10435887426137924,
            -0.18353044986724854,
            0.13948416709899902,
            -0.361772358417511,
            0.21765771508216858,
            0.07042410224676132,
            -0.46585744619369507,
            -0.6959600448608398,
            0.46590933203697205,
            0.21846048533916473,
            0.45373404026031494,
            0.0019403013866394758,
            1.289756178855896,
            0.31719985604286194,
            0.47891777753829956,
            0.157049760222435,
            0.056568440049886703,
            -0.1573036015033722,
            0.279997855424881,
            -0.06115609407424927,
            -0.10551181435585022,
            -0.09984013438224792,
            0.7128431797027588,
            0.2672085165977478,
            0.9868890047073364,
            -0.03853938356041908,
            0.19707879424095154,
            -0.19829826056957245,
            -0.5994085669517517,
            -0.01442739088088274,
            -0.33967477083206177,
            -0.23467953503131866,
            -0.5125696063041687,
            -0.15116985142230988,
            -0.17574211955070496,
            0.04768659174442291,
            0.2423231601715088,
            -0.20699109137058258,
            -0.08778438717126846,
            -0.3549451529979706,
            -0.8176397085189819,
            -0.45383021235466003,
            -0.023397065699100494,
            0.04740225896239281,
            0.24071604013442993,
            -0.12460736930370331,
            -0.275000661611557,
            -0.07388386875391006,
            0.06417720764875412,
            0.2500355839729309,
