{
    "image_path": "images/032.jpg",
    "mask_path": "masks/032.jpg",
    "mask_features": {
        "mask_area_ratio": 0.1640428870292887,
        "mask_bbox": {
            "x_min": 79,
            "y_min": 78,
            "x_max": 238,
            "y_max": 176
        },
        "mask_location": "center",
        "mask_fragments": 1
    },
    "image_features": {
        "resolution": {
            "width": 320,
            "height": 239,
            "aspect_ratio": 1.339
        },
        "faces_detected": 0,
        "texture": {
            "laplacian_variance": 826.7764608900404,
            "edge_density": 0.10349110878661087
        },
        "colors": {
            "brightness_mean": 119.3326359832636,
            "saturation_mean": 43.044469142259416,
            "dominant_colors": [
                [
                    118,
                    125,
                    136
                ],
                [
                    52,
                    58,
                    69
                ],
                [
                    219,
                    231,
                    232
                ]
            ]
        },
        "text_present": false,
        "clip_embedding": [
            0.19415166974067688,
            0.16909079253673553,
            0.06406330317258835,
            0.18142329156398773,
            0.04598638042807579,
            -0.5741682052612305,
            0.5740081071853638,
            -0.18482176959514618,
            -0.7618298530578613,
            -0.3792383074760437,
            0.3165312111377716,
            -0.13122352957725525,
            -0.010845801793038845,
            0.22884215414524078,
            0.6335383057594299,
            0.36441612243652344,
            0.9877033233642578,
            0.24227239191532135,
            0.035136204212903976,
            -0.2596420645713806,
            0.9123623967170715,
            -0.19392865896224976,
            -0.15611080825328827,
            -0.2095523476600647,
            -0.1435181349515915,
            0.4126443564891815,
            0.21513132750988007,
            -0.09321534633636475,
            -0.2873794734477997,
            -0.2437567412853241,
            -0.14308878779411316,
            -0.139339417219162,
            0.17934034764766693,
            -0.008799047209322453,
            0.08688971400260925,
            -0.1001920998096466,
            -0.5187511444091797,
            -0.054551586508750916,
            -0.18036825954914093,
            0.6102248430252075,
            0.091314896941185,
            0.5279963612556458,
            -0.2733047306537628,
            0.009186082519590855,
            0.22066234052181244,
            0.9700082540512085,
            0.5990306735038757,
            -0.26502156257629395,
            -0.09539148956537247,
            -0.5810487866401672,
            0.15924172103405,
            -0.47537660598754883,
            -0.023444266989827156,
            -0.17898879945278168,
            -0.17638571560382843,
            -0.1811690628528595,
            0.26068007946014404,
            -0.1537100076675415,
            -0.17267519235610962,
            0.2575807273387909,
            -0.1723836362361908,
            -0.4411713182926178,
            -0.122879259288311,
            0.17470507323741913,
            0.2627282738685608,
            -0.42876648902893066,
            0.27961981296539307,
            0.47705867886543274,
            -0.10457867383956909,
            0.14542031288146973,
            0.1175118237733841,
            -0.0588240846991539,
            0.12049459666013718,
            -0.19801373779773712,
            0.04628361389040947,
            -0.10407964885234833,
            -0.3741825819015503,
            -0.7564837336540222,
            -0.048591673374176025,
            0.3220211863517761,
            -0.006800947245210409,
            -0.05962512269616127,
            0.2340271919965744,
            -0.4220387935638428,
            0.12160490453243256,
            0.42828890681266785,
            0.5185169577598572,
            -0.3946568965911865,
            0.5160463452339172,
            -0.40600186586380005,
            0.35930871963500977,
            -0.014781367033720016,
            -5.814518451690674,
            0.446155846118927,
            -0.019473696127533913,
            0.06088031455874443,
            -0.12717242538928986,
            -0.2976110875606537,
            -0.005046292673796415,
            -0.12688204646110535,
            0.10327516496181488,
            0.05143401026725769,
            0.12826266884803772,
            0.1788102388381958,
            -0.2677322030067444,
            -0.23931317031383514,
            -2.7253074645996094,
            0.0898842141032219,
            0.06669072061777115,
            -0.025189613923430443,
            0.3416287302970886,
            -0.6679244041442871,
            0.24423260986804962,
            0.16837996244430542,
            0.2423473745584488,
            0.06770846247673035,
            0.24657705426216125,
            -0.4432410001754761,
            0.3200445771217346,
            -0.4857119917869568,
            0.5520381331443787,
            -0.6155600547790527,
            0.22232474386692047,
            0.17622968554496765,
            0.3912217319011688,
            -0.14184723794460297,
            0.5644161105155945,
            0.0719786062836647,
            0.08816584199666977,
            0.10740139335393906,
            0.2746748626232147,
            -0.06477447599172592,
            -0.20251478254795074,
            0.8194195628166199,
            -0.13700640201568604,
            0.05757303908467293,
            0.16516949236392975,
            -0.38742494583129883,
            0.14054559171199799,
            -0.11381950229406357,
            0.22666992247104645,
            -0.14659233391284943,
            0.45128506422042847,
            0.49496990442276,
            -0.4250548779964447,
            0.09596509486436844,
            0.13984732329845428,
            0.17915646731853485,
            -0.16019800305366516,
            -0.34285539388656616,
            0.5606390237808228,
            0.10385172069072723,
            0.7879813313484192,
            0.5909649729728699,
            0.07656621932983398,
            0.04823031276464462,
            0.19549791514873505,
            -0.2511497735977173,
            0.4753481447696686,
            0.03388157859444618,
            -0.6165279746055603,
            -0.6667680144309998,
            0.47782009840011597,
            0.036635443568229675,
            0.40340369939804077,
            0.030788224190473557,
            1.1716065406799316,
            0.36721929907798767,
            0.5157472491264343,
            0.1723421961069107,
            0.1638103574514389,
            -0.11029954254627228,
            0.2889174520969391,
            -0.1602770835161209,
            -0.2567707896232605,
            -0.23947247862815857,
            0.8285380005836487,
            0.16059130430221558,
            1.1595268249511719,
            -0.12519915401935577,
            0.09875237196683884,
            0.034935567528009415,
            -0.4476856291294098,
            0.05064940080046654,
            -0.24456484615802765,
            -0.27784788608551025,
            -0.46010375022888184,
            -0.19172810018062592,
            -0.1132851243019104,
            0.11292532086372375,
            0.28429991006851196,
            -0.13035471737384796,
            -0.13034522533416748,
            -0.39563268423080444,
            -0.7707374691963196,
            -0.4705440402030945,
            0.04854261130094528,
            0.02898051030933857,
            -0.07606669515371323,
            0.035732753574848175,
            -0.3662058115005493,
            0.0038504682015627623,
            0.07941345870494843,
            0.2795870900154114,
