{
    "image_path": "images/033.jpg",
    "mask_path": "masks/033.jpg",
    "mask_features": {
        "mask_area_ratio": 0.259375,
        "mask_bbox": {
            "x_min": 0,
            "y_min": 0,
            "x_max": 88,
            "y_max": 239
        },
        "mask_location": "edge_or_corner",
        "mask_fragments": 1
    },
    "image_features": {
        "resolution": {
            "width": 320,
            "height": 240,
            "aspect_ratio": 1.333
        },
        "faces_detected": 0,
        "texture": {
            "laplacian_variance": 3437.7101200993857,
            "edge_density": 0.16647135416666667
        },
        "colors": {
            "brightness_mean": 127.54934895833334,
            "saturation_mean": 71.05643229166667,
            "dominant_colors": [
                [
                    136,
                    129,
                    139
                ],
                [
                    44,
                    37,
                    84
                ],
                [
                    223,
                    222,
                    219
                ]
            ]
        },
        "text_present": false,
        "clip_embedding": [
            0.09772953391075134,
            -0.11427251249551773,
            0.18005135655403137,
            0.595580518245697,
            -0.0667346864938736,
            -0.24476942420005798,
            0.3860016465187073,
            -0.9087698459625244,
            0.37106072902679443,
            0.021857336163520813,
            0.24742108583450317,
            0.12403619289398193,
            0.6490744352340698,
            0.140411838889122,
            -0.08459111303091049,
            0.0466650053858757,
            0.5919439792633057,
            0.6890015602111816,
            0.02863014116883278,
            -0.13156281411647797,
            0.6248949766159058,
            0.26111897826194763,
            0.28455230593681335,
            -0.43300679326057434,
            -0.6693941950798035,
            -0.37662914395332336,
            -0.012600775808095932,
            -0.28259703516960144,
            -0.31500038504600525,
            0.13020354509353638,
            0.07530667632818222,
            -0.15763849020004272,
            -0.11624469608068466,
            -0.017616352066397667,
            0.5235921740531921,
            0.023470662534236908,
            -0.2630508840084076,
            0.3706413209438324,
            -0.2814621925354004,
            1.0634233951568604,
            0.15424533188343048,
            0.20803047716617584,
            -0.30469149351119995,
            0.03893403336405754,
            -0.0773731917142868,
            -0.6930763721466064,
            -0.06590744107961655,
            0.4413719177246094,
            -0.1892314851284027,
            -0.08416801691055298,
            0.054743796586990356,
            -0.6066045165061951,
            -0.29090550541877747,
            -0.15413105487823486,
            -0.29744184017181396,
            -0.2949855625629425,
            0.11354371905326843,
            -0.3218742311000824,
            0.47678321599960327,
            -0.0172449741512537,
            0.8086080551147461,
            0.15889482200145721,
            0.008313964121043682,
            -0.06861870735883713,
            -0.1507102996110916,
            -0.12078305333852768,
            0.44365158677101135,
            0.16509513556957245,
            0.11116121709346771,
            0.09776574373245239,
            -0.061389725655317307,
            -0.37769874930381775,
            -0.13008175790309906,
            -0.05835806578397751,
            0.2295144498348236,
            0.19732561707496643,
            -0.30958685278892517,
            0.018898438662290573,
            -0.5151522755622864,
            0.10111989080905914,
            0.14729765057563782,
            0.29292264580726624,
            -0.047180961817502975,
            0.265205442905426,
            0.18061690032482147,
            0.7388509511947632,
            -0.22498871386051178,
            0.2779827415943146,
            -0.00489044189453125,
            0.037751149386167526,
            0.00610440643504262,
            0.28915706276893616,
            -5.8420939445495605,
            1.5422191619873047,
            -0.23034384846687317,
            -0.2295236885547638,
            -0.6290084719657898,
            0.29573890566825867,
            0.46146225929260254,
            -0.6242396235466003,
            0.15210190415382385,
            0.25313901901245117,
            -0.41652360558509827,
            -0.23704944550991058,
            0.8543577194213867,
            0.2148919552564621,
            -0.9076992869377136,
            -0.05716799944639206,
            0.4870278835296631,
            0.06915624439716339,
            0.01992008462548256,
            -0.7919591665267944,
            -0.5352453589439392,
            0.4894118309020996,
            0.13683122396469116,
            -0.07072410732507706,
            0.11693773418664932,
            0.21695441007614136,
            0.3081468641757965,
            0.03842780366539955,
            0.032198917120695114,
            0.18100959062576294,
            -0.07098046690225601,
            -0.12983137369155884,
            -0.36800774931907654,
            -0.5040638446807861,
            -0.24943631887435913,
            -0.1307849884033203,
            0.11189069598913193,
            -0.11450204253196716,
            0.18464693427085876,
            0.010568316094577312,
            -0.09249820560216904,
            0.7729542851448059,
            0.3920389711856842,
            0.1515292376279831,
            0.006545154843479395,
            -0.16401754319667816,
            -0.5420212149620056,
            -0.08163939416408539,
            0.3552990257740021,
            -0.6025233864784241,
            -0.2499624788761139,
            0.46340909600257874,
            -0.387084037065506,
            0.14353157579898834,
            -0.39032167196273804,
            0.31829699873924255,
            -0.35376060009002686,
            -0.3093513250350952,
            0.03115222230553627,
            0.21839143335819244,
            1.3414610624313354,
            0.040646083652973175,
            -0.05603557825088501,
            -0.038331832736730576,
            -0.02304249070584774,
            -0.4432927966117859,
            0.7048612833023071,
            0.14776957035064697,
            -0.2596382200717926,
            -0.04683224856853485,
            -0.18920843303203583,
            -0.13179804384708405,
            0.3714257478713989,
            0.12004894763231277,
            0.7907971143722534,
            0.07739435881376266,
            0.5754905343055725,
            -0.27890563011169434,
            0.03581150248646736,
            0.5754035115242004,
            0.12210414558649063,
            0.1376306265592575,
            -0.3729097247123718,
            0.06793510913848877,
            0.6836022734642029,
            0.027283288538455963,
            0.5832560062408447,
            0.2219480723142624,
            0.20157042145729065,
            -0.289575457572937,
            -0.3716074228286743,
            -0.18819965422153473,
            -0.45905593037605286,
            0.18177840113639832,
            -0.41239213943481445,
            -0.06557445973157883,
            -0.25961944460868835,
            -0.249866783618927,
            0.3138226568698883,
            -0.2946666181087494,
            -0.10043933242559433,
            0.08879024535417557,
            0.44215109944343567,
            -0.43608322739601135,
            -0.17274324595928192,
            -0.34415963292121887,
            -0.673219621181488,
            0.2234429568052292,
            0.3422479033470154,
            -0.3527538478374481,
            0.2570534646511078,
            0.1899774968624115,
