{
    "image_path": "images/034.jpg",
    "mask_path": "masks/034.jpg",
    "mask_features": {
        "mask_area_ratio": 0.11448598130841121,
        "mask_bbox": {
            "x_min": 54,
            "y_min": 119,
            "x_max": 142,
            "y_max": 259
        },
        "mask_location": "center",
        "mask_fragments": 1
    },
    "image_features": {
        "resolution": {
            "width": 214,
            "height": 320,
            "aspect_ratio": 0.669
        },
        "faces_detected": 2,
        "texture": {
            "laplacian_variance": 1416.108130213124,
            "edge_density": 0.11839953271028038
        },
        "colors": {
            "brightness_mean": 106.5277453271028,
            "saturation_mean": 46.63530957943925,
            "dominant_colors": [
                [
                    34,
                    34,
                    39
                ],
                [
                    112,
                    113,
                    109
                ],
                [
                    153,
                    164,
                    166
                ]
            ]
        },
        "text_present": false,
        "clip_embedding": [
            -0.4064550995826721,
            0.14592087268829346,
            0.09225177019834518,
            -0.19193220138549805,
            -0.25464484095573425,
            -0.32457485795021057,
            0.10172175616025925,
            -0.2705587148666382,
            -0.26837098598480225,
            0.11281124502420425,
            0.2225029617547989,
            0.4007633328437805,
            0.7517435550689697,
            -0.38778427243232727,
            0.014139430597424507,
            -0.06763354688882828,
            0.8971997499465942,
            -0.008532892912626266,
            -0.13807247579097748,
            -0.11642619222402573,
            0.08858435600996017,
            -0.0958762988448143,
            -0.10996459424495697,
            -0.7557480931282043,
            -0.8278861045837402,
            0.38599881529808044,
            0.15873895585536957,
            -0.3012089133262634,
            0.30562344193458557,
            0.04243515804409981,
            0.16784684360027313,
            0.01903831772506237,
            0.18958264589309692,
            0.15379151701927185,
            -0.11487413197755814,
            0.051447685807943344,
            0.02278735302388668,
            0.6963755488395691,
            -0.39292454719543457,
            0.6734643578529358,
            0.24293547868728638,
            -0.15177714824676514,
            0.020972277969121933,
            -0.21042753756046295,
            0.204310804605484,
            0.7293325066566467,
            0.09680160135030746,
            0.13879531621932983,
            0.11720611900091171,
            0.15408626198768616,
            0.4552023112773895,
            -0.058296721428632736,
            0.39845624566078186,
            -0.3343268930912018,
            -0.3394622206687927,
            -0.020898206159472466,
            0.33438941836357117,
            0.19997835159301758,
            0.16893287003040314,
            0.23064924776554108,
            -0.5582894682884216,
            0.21273037791252136,
            -0.051886945962905884,
            -0.09405335783958435,
            0.009106737561523914,
            0.17835214734077454,
            0.4603770971298218,
            1.6403474807739258,
            0.17270207405090332,
            -0.03237299248576164,
            -0.00892524141818285,
            0.26500898599624634,
            -0.1288415640592575,
            -0.022085819393396378,
            -0.011626485735177994,
            0.2674098312854767,
            -0.1448834240436554,
            0.18789798021316528,
            -0.5182900428771973,
            0.20700481534004211,
            -0.08163950592279434,
            0.1845630407333374,
            0.303027480840683,
            -0.6169236302375793,
            0.1317419409751892,
            0.31454166769981384,
            -0.2446533888578415,
            0.006768425460904837,
            0.3013911247253418,
            -0.33438169956207275,
            0.214718297123909,
            0.0292799212038517,
            -5.46249532699585,
            -0.04057999327778816,
            0.274524062871933,
            0.0727829560637474,
            0.1003161072731018,
            -0.38357675075531006,
            0.43974414467811584,
            0.22311876714229584,
            0.3224068284034729,
            0.12195473909378052,
            -0.15693019330501556,
            -0.10278783738613129,
            -0.3601784110069275,
            0.09944271296262741,
            -2.581395387649536,
            -0.2895597517490387,
            -0.021895920857787132,
            -0.6332286596298218,
            0.04875600337982178,
            -0.6198050379753113,
            0.019178740680217743,
            -0.008628152310848236,
            -0.059478696435689926,
            -0.08651257306337357,
            -0.12488032132387161,
            -0.1973504275083542,
            0.6736382246017456,
            -0.3813891112804413,
            -0.4983533024787903,
            -0.2668476104736328,
            -0.26605239510536194,
            0.10548749566078186,
            -0.02235095202922821,
            0.07082083821296692,
            0.5275784134864807,
            -0.35669204592704773,
            -0.019029274582862854,
            -0.19942167401313782,
            0.2758806049823761,
            -0.19640135765075684,
            0.3317623436450958,
            0.8205450177192688,
            0.3738997280597687,
            -0.4036272168159485,
            0.7615771293640137,
            -0.08305678516626358,
            -0.4624876081943512,
            -0.0875953659415245,
            0.05978945270180702,
            0.39128410816192627,
            -0.7560542821884155,
            0.39804011583328247,
            -0.5535858869552612,
            -0.014096657745540142,
            0.04039424657821655,
            1.048892855644226,
            -0.09757879376411438,
            -0.19971443712711334,
            0.23251454532146454,
            0.01126618217676878,
            0.08581489324569702,
            0.44798219203948975,
            -0.14435534179210663,
            -0.6487658619880676,
            0.3125676214694977,
            0.4602111279964447,
            -0.02192051149904728,
            0.13657018542289734,
            -0.049035005271434784,
            0.18030790984630585,
            -0.15641015768051147,
            0.28830596804618835,
            0.13191339373588562,
            0.05203479528427124,
            0.3802471160888672,
            0.19357028603553772,
            0.507531464099884,
            -0.1126762256026268,
            0.11246850341558456,
            0.43504223227500916,
            0.15437591075897217,
            -0.46890559792518616,
            -0.10998641699552536,
            -0.049891289323568344,
            0.7905070185661316,
            -0.17523512244224548,
            -0.012220486998558044,
            -0.26351693272590637,
            -0.14408984780311584,
            0.43784236907958984,
            -0.06301973760128021,
            -0.3258340060710907,
            -0.11779870837926865,
            -0.19315074384212494,
            0.5644737482070923,
            -0.39222344756126404,
            -0.11786934733390808,
            0.17072740197181702,
            -0.22947557270526886,
            0.06371381133794785,
            -0.18871137499809265,
            -0.34238767623901367,
            -0.7405719757080078,
            0.4628483057022095,
            -0.07271433621644974,
            -0.09867826104164124,
            0.0750632956624031,
            -0.2891666293144226,
            0.19816912710666656,
            -0.08805985003709793,
            0.645015299320221,
            0.4604891538619995,
