{
    "image_path": "images/036.png",
    "mask_path": "masks/036.png",
    "mask_features": {
        "mask_area_ratio": 0.1452655571307915,
        "mask_bbox": {
            "x_min": 0,
            "y_min": 247,
            "x_max": 553,
            "y_max": 594
        },
        "mask_location": "edge_or_corner",
        "mask_fragments": 1
    },
    "image_features": {
        "resolution": {
            "width": 1184,
            "height": 896,
            "aspect_ratio": 1.321
        },
        "faces_detected": 0,
        "texture": {
            "laplacian_variance": 65.09461808081943,
            "edge_density": 0.03989578305984556
        },
        "colors": {
            "brightness_mean": 122.69830440094113,
            "saturation_mean": 34.76573811534749,
            "dominant_colors": [
                [
                    189,
                    192,
                    194
                ],
                [
                    143,
                    145,
                    148
                ],
                [
                    46,
                    61,
                    56
                ]
            ]
        },
        "text_present": false,
        "clip_embedding": [
            0.12582530081272125,
            0.2575173079967499,
            0.5456750988960266,
            -0.25319695472717285,
            0.015362364239990711,
            0.3618715703487396,
            0.0029032090678811073,
            -0.4035015106201172,
            0.5011595487594604,
            -0.1486188918352127,
            -0.03380316123366356,
            -0.181304469704628,
            0.16710209846496582,
            0.285733699798584,
            0.6479743719100952,
            -0.024781687185168266,
            0.35757219791412354,
            0.5414854288101196,
            0.15900856256484985,
            -0.2546638250350952,
            0.606791079044342,
            0.20027750730514526,
            0.13353155553340912,
            -0.16697780787944794,
            0.08254487812519073,
            -0.2273288071155548,
            -0.42781010270118713,
            -0.5859355330467224,
            -0.41477349400520325,
            -0.2892766296863556,
            -0.2029339075088501,
            0.520704984664917,
            -0.0793132558465004,
            -0.11980152130126953,
            -0.15204881131649017,
            0.049749016761779785,
            -0.053792569786310196,
            0.2863205373287201,
            -0.4544193744659424,
            0.7915325164794922,
            -0.0017657134449109435,
            -0.32944875955581665,
            -0.2349613755941391,
            -0.25172051787376404,
            0.7219297885894775,
            -0.5254942774772644,
            0.03922037035226822,
            -0.024248000234365463,
            0.7468995451927185,
            0.26735177636146545,
            0.043977752327919006,
            0.14747807383537292,
            0.3624846637248993,
            -0.11047442257404327,
            -0.03917353227734566,
            -0.6411637663841248,
            0.37685316801071167,
            -0.16833136975765228,
            -0.16460517048835754,
            -0.09617679566144943,
            0.3579986095428467,
            -0.06706331670284271,
            -0.12490878999233246,
            0.22123299539089203,
            -0.5316893458366394,
            -0.1938132494688034,
            -0.10896924138069153,
            1.0085079669952393,
            -0.5942550301551819,
            0.04386047273874283,
            -0.3469296097755432,
            0.21501517295837402,
            0.1635749191045761,
            -0.3906806409358978,
            0.24556341767311096,
            0.17654114961624146,
            0.21334633231163025,
            -0.351532518863678,
            0.09287980943918228,
            -0.3442761301994324,
            0.06193988397717476,
            0.26355522871017456,
            0.646538496017456,
            0.41002416610717773,
            0.054941825568675995,
            0.3097912073135376,
            -0.3145999610424042,
            -0.2839805781841278,
            1.1169086694717407,
            -0.21414372324943542,
            -0.18550866842269897,
            0.046690113842487335,
            -5.287538528442383,
            -0.18368300795555115,
            0.3227439522743225,
            0.011510344222187996,
            -0.38197603821754456,
            -0.598143458366394,
            -0.25187480449676514,
            0.13487401604652405,
            0.019577743485569954,
            0.2736126780509949,
            0.2124277949333191,
            0.43164587020874023,
            0.4606732428073883,
            0.34598973393440247,
            -1.5437047481536865,
            -0.3460123836994171,
            0.0741361677646637,
            -0.4049232006072998,
            -0.1309332549571991,
            -0.4455958902835846,
            0.10159590095281601,
            -0.20681539177894592,
            -0.2849491834640503,
            -0.005529353395104408,
            -0.21691127121448517,
            0.23435328900814056,
            0.24393175542354584,
            -0.2017482966184616,
            0.48618507385253906,
            0.0863567590713501,
            0.02020735666155815,
            0.39253634214401245,
            -0.22058551013469696,
            -0.3597021996974945,
            -0.16723302006721497,
            0.4033777713775635,
            -0.011847339570522308,
            -0.20824633538722992,
            -0.12736442685127258,
            -0.5212482213973999,
            -0.14824743568897247,
            0.826905369758606,
            0.638163685798645,
            -0.17600181698799133,
            0.28407472372055054,
            -0.142618328332901,
            -0.3904935121536255,
            0.042939670383930206,
            0.10493002086877823,
            0.21338777244091034,
            -0.015548422932624817,
            -0.21356497704982758,
            -0.02557995170354843,
            0.21955376863479614,
            -0.14556890726089478,
            -0.11182393878698349,
            -0.05728761851787567,
            0.24618081748485565,
            0.14271332323551178,
            0.20597919821739197,
            -0.03178720921278,
            -0.03441198170185089,
            0.25385281443595886,
            -0.21081766486167908,
            0.2828572392463684,
            0.17740218341350555,
            -0.5265962481498718,
            0.32961025834083557,
            -0.7542396187782288,
            -0.7130804061889648,
            -0.055073343217372894,
            0.1617501676082611,
            -0.21255765855312347,
            -0.11438116431236267,
            -0.0269452091306448,
            0.4072349965572357,
            -0.22697804868221283,
            0.22258129715919495,
            0.0033537631388753653,
            0.03658352792263031,
            -0.5636837482452393,
            -0.09142889827489853,
            -0.03237403929233551,
            -0.05225195735692978,
            1.8500341176986694,
            0.09878431260585785,
            -0.8293980956077576,
            0.24816328287124634,
            0.7296704053878784,
            -0.41425958275794983,
            -0.5209807753562927,
            -0.124796062707901,
            -0.09055820107460022,
            0.1724221557378769,
            0.3459607660770416,
            -0.34562546014785767,
            0.18064908683300018,
            0.08982585370540619,
            -0.24450400471687317,
            0.25989434123039246,
            0.15225493907928467,
            -0.4296078681945801,
            -0.9431120753288269,
            0.10419218242168427,
            0.0009154471335932612,
            -0.5503515005111694,
            0.7696897983551025,
            0.16991204023361206,
            -0.17097486555576324,
            0.22134169936180115,
            0.0369635708630085,
            0.2228090912103653,
