{
    "image_path": "images/037.jpg",
    "mask_path": "masks/037.jpg",
    "mask_features": {
        "mask_area_ratio": 0.10548177083333334,
        "mask_bbox": {
            "x_min": 174,
            "y_min": 111,
            "x_max": 269,
            "y_max": 220
        },
        "mask_location": "edge_or_corner",
        "mask_fragments": 1
    },
    "image_features": {
        "resolution": {
            "width": 320,
            "height": 240,
            "aspect_ratio": 1.333
        },
        "faces_detected": 0,
        "texture": {
            "laplacian_variance": 451.30522045067676,
            "edge_density": 0.032890625
        },
        "colors": {
            "brightness_mean": 138.13209635416666,
            "saturation_mean": 79.18524739583333,
            "dominant_colors": [
                [
                    177,
                    166,
                    153
                ],
                [
                    94,
                    92,
                    77
                ],
                [
                    55,
                    124,
                    119
                ]
            ]
        },
        "text_present": false,
        "clip_embedding": [
            0.036830924451351166,
            -0.19520533084869385,
            -0.23660582304000854,
            0.450127512216568,
            0.19232438504695892,
            0.35973644256591797,
            0.21487800776958466,
            0.3469381332397461,
            0.32232579588890076,
            0.5330198407173157,
            -0.0961083397269249,
            -0.26094767451286316,
            0.03432633727788925,
            0.6671561598777771,
            0.43095865845680237,
            0.30821549892425537,
            0.3827075958251953,
            0.1312996745109558,
            -0.11879812180995941,
            0.19518959522247314,
            0.055600930005311966,
            -0.07690921425819397,
            0.1795608401298523,
            -0.4048745930194855,
            -0.9956605434417725,
            0.0868285745382309,
            -0.06592205911874771,
            0.32323938608169556,
            -0.06667269021272659,
            -0.4862944781780243,
            -0.268078088760376,
            -0.3427068293094635,
            -0.03676972910761833,
            0.127672016620636,
            0.2414056956768036,
            -0.2186451554298401,
            -0.03605717048048973,
            0.361237496137619,
            -0.12427885085344315,
            1.5725244283676147,
            -0.6424663662910461,
            0.09213799238204956,
            0.3654263913631439,
            0.13423410058021545,
            0.3330335319042206,
            -1.8907115459442139,
            -0.326709508895874,
            0.16368095576763153,
            0.21273811161518097,
            0.14631855487823486,
            0.3078562617301941,
            0.11657431721687317,
            0.1854712963104248,
            -0.23038780689239502,
            0.28861203789711,
            0.12024807929992676,
            0.3274756371974945,
            -0.050515055656433105,
            0.14643950760364532,
            0.2533648610115051,
            0.4003264605998993,
            0.1029023826122284,
            0.6960306167602539,
            -0.27652204036712646,
            -0.24020105600357056,
            -0.45004239678382874,
            0.624006986618042,
            0.16780400276184082,
            0.385487824678421,
            -0.08847496658563614,
            -0.347688227891922,
            -0.014021717943251133,
            -0.2751620411872864,
            0.4304295480251312,
            0.14655902981758118,
            -0.28342515230178833,
            0.12052875757217407,
            -0.19524282217025757,
            -0.3442145884037018,
            -0.16169823706150055,
            0.1833295375108719,
            0.21896477043628693,
            0.4077739715576172,
            -0.009890958666801453,
            0.07507184147834778,
            0.38150888681411743,
            -1.0177851915359497,
            -0.42689383029937744,
            0.48789626359939575,
            0.06570331752300262,
            -0.3363383710384369,
            -0.11832026392221451,
            -6.7008514404296875,
            0.22205688059329987,
            -0.13799364864826202,
            0.30492231249809265,
            -0.6226543188095093,
            0.536159336566925,
            -1.501832127571106,
            -0.8055973649024963,
            0.2203555703163147,
            -0.40584757924079895,
            -0.2866114377975464,
            -0.10111219435930252,
            0.36817893385887146,
            0.028828375041484833,
            -0.7696321606636047,
            -0.16939297318458557,
            -0.36510273814201355,
            -0.29814034700393677,
            -0.3151245713233948,
            -0.5346705913543701,
            -0.31842106580734253,
            0.045298002660274506,
            -0.3311792314052582,
            0.35120102763175964,
            0.11201970279216766,
            0.3615816831588745,
            0.4086621105670929,
            0.39416542649269104,
            -0.12883102893829346,
            0.057320695370435715,
            0.5757153630256653,
            -0.002922029234468937,
            0.04628802090883255,
            -0.11538302898406982,
            -0.2953760325908661,
            0.20370876789093018,
            0.08538892865180969,
            -0.04650663211941719,
            0.24267739057540894,
            -0.4742352366447449,
            0.35407930612564087,
            0.9418396353721619,
            -0.12809135019779205,
            -0.07678171247243881,
            0.10886979103088379,
            -0.09128823131322861,
            -0.34674111008644104,
            -0.2103388011455536,
            0.05881344527006149,
            -0.5288479924201965,
            0.4480299651622772,
            0.4390071928501129,
            0.2838818430900574,
            0.3609635829925537,
            0.43643319606781006,
            0.15291114151477814,
            0.10141322016716003,
            -0.2689482569694519,
            0.28653717041015625,
            -0.14004625380039215,
            1.1236522197723389,
            -0.2131076157093048,
            0.32503414154052734,
            0.40406566858291626,
            -0.03285759687423706,
            0.13862133026123047,
            0.4897086024284363,
            -0.14785505831241608,
            -0.4489121437072754,
            0.4550632834434509,
            0.16831032931804657,
            0.16775913536548615,
            0.605697751045227,
            0.47001054883003235,
            -0.13657332956790924,
            0.018619323149323463,
            -0.011164872907102108,
            0.6542242765426636,
            -0.09934644401073456,
            0.08507219702005386,
            -0.32349345088005066,
            -0.492156058549881,
            -0.27298176288604736,
            -0.3478119969367981,
            0.6758894920349121,
            0.2527860105037689,
            0.23628678917884827,
            -0.5899164080619812,
            -0.6318498849868774,
            -0.6101392507553101,
            -0.05022585391998291,
            -0.35089030861854553,
            -0.013006915338337421,
            -0.23583969473838806,
            -0.15164273977279663,
            -0.16092878580093384,
            0.18845635652542114,
            -0.38097649812698364,
            0.18116183578968048,
            0.21987709403038025,
            -0.3708784580230713,
            -0.024876154959201813,
            -0.7450352907180786,
            -0.07509846240282059,
            0.13729649782180786,
            -0.08196572214365005,
            -0.21481917798519135,
            -0.495535671710968,
            0.08456877619028091,
            0.36137858033180237,
            0.03113420121371746,
            -0.3977135419845581,
