{
    "image_path": "images/038.png",
    "mask_path": "masks/038.png",
    "mask_features": {
        "mask_area_ratio": 0.09682956533542471,
        "mask_bbox": {
            "x_min": 397,
            "y_min": 503,
            "x_max": 935,
            "y_max": 753
        },
        "mask_location": "edge_or_corner",
        "mask_fragments": 1
    },
    "image_features": {
        "resolution": {
            "width": 1184,
            "height": 896,
            "aspect_ratio": 1.321
        },
        "faces_detected": 0,
        "texture": {
            "laplacian_variance": 50.48240202691367,
            "edge_density": 0.05101690697393822
        },
        "colors": {
            "brightness_mean": 129.7470015006636,
            "saturation_mean": 50.76122764086631,
            "dominant_colors": [
                [
                    45,
                    39,
                    51
                ],
                [
                    115,
                    107,
                    105
                ],
                [
                    204,
                    203,
                    204
                ]
            ]
        },
        "text_present": false,
        "clip_embedding": [
            0.004405186045914888,
            0.0009606957319192588,
            0.31528720259666443,
            0.5302698612213135,
            -0.04048645868897438,
            -0.2536105215549469,
            0.26508480310440063,
            0.19037233293056488,
            0.7471579909324646,
            -0.1049848198890686,
            0.42417311668395996,
            -0.09292224794626236,
            0.7661634087562561,
            0.25979718565940857,
            0.058210622519254684,
            0.013056022115051746,
            0.13596296310424805,
            0.7234029769897461,
            0.1209690123796463,
            -0.09818440675735474,
            0.8574826717376709,
            0.3462192416191101,
            0.3202827274799347,
            -0.32397034764289856,
            -0.5315232872962952,
            -0.23156632483005524,
            -0.055339373648166656,
            -0.35454124212265015,
            -0.47062233090400696,
            0.18236598372459412,
            0.0966719314455986,
            -0.05276605486869812,
            -0.17786920070648193,
            -0.3765440583229065,
            0.5732982754707336,
            0.07830189913511276,
            -0.2662936747074127,
            0.628336489200592,
            -0.32217341661453247,
            1.1161340475082397,
            0.4740481674671173,
            0.33406227827072144,
            -0.17180579900741577,
            0.04407748952507973,
            -0.22250153124332428,
            -0.6584250926971436,
            0.04115555062890053,
            0.1339278519153595,
            0.0506376214325428,
            0.09469076246023178,
            0.17542773485183716,
            -0.3957890570163727,
            -0.29963842034339905,
            -0.058060333132743835,
            -0.29467692971229553,
            -0.13825254142284393,
            0.13809362053871155,
            -0.12600460648536682,
            0.6813833117485046,
            0.14869944751262665,
            0.38343939185142517,
            0.42936456203460693,
            -0.004065847955644131,
            0.17597101628780365,
            0.05149407312273979,
            -0.045639291405677795,
            0.4096759259700775,
            0.07758358865976334,
            0.07997139543294907,
            0.11090564727783203,
            -0.23850686848163605,
            -0.39742401242256165,
            -0.11370781064033508,
            -0.0831541121006012,
            0.07423751056194305,
            0.0487251877784729,
            -0.27397575974464417,
            0.045321304351091385,
            -0.40978407859802246,
            -0.13065294921398163,
            0.20670922100543976,
            0.07177824527025223,
            -0.006848790682852268,
            0.5321413278579712,
            0.041488662362098694,
            0.6222396492958069,
            0.06051146239042282,
            0.1902965009212494,
            -0.08435772359371185,
            -0.06351707130670547,
            -0.17255528271198273,
            0.08094221353530884,
            -6.169525146484375,
            1.6013628244400024,
            0.023657916113734245,
            -0.07982394099235535,
            -0.6495721340179443,
            0.09169336408376694,
            0.48686522245407104,
            -0.6100982427597046,
            0.3081921935081482,
            -0.013348136097192764,
            -0.513120710849762,
            -0.010624803602695465,
            0.6173794269561768,
            0.18573564291000366,
            -1.867050290107727,
            0.4929172992706299,
            0.47597092390060425,
            -0.145603209733963,
            0.23269471526145935,
            -0.9409744739532471,
            -0.7012913823127747,
            0.1821019947528839,
            0.01345732156187296,
            0.2807908356189728,
            -0.08242004364728928,
            0.18359217047691345,
            0.4473888576030731,
            -0.12885673344135284,
            0.06615487486124039,
            0.08243618905544281,
            0.02360590733587742,
            -0.027814704924821854,
            -0.7434525489807129,
            -0.20235095918178558,
            -0.1721384972333908,
            0.10387667268514633,
            -0.001584141282364726,
            -0.10284384340047836,
            0.06623303890228271,
            0.12590672075748444,
            0.016085496172308922,
            0.8571390509605408,
            0.2724706828594208,
            0.20786243677139282,
            -0.13478730618953705,
            -0.256333589553833,
            -0.3019254207611084,
            0.08929288387298584,
            0.25553542375564575,
            -0.565113365650177,
            -0.13713301718235016,
            0.22476637363433838,
            -0.3955790102481842,
            0.10703390091657639,
            -0.4252299964427948,
            0.3095957934856415,
            -0.30134090781211853,
            -0.23128508031368256,
            0.052523721009492874,
            -0.049240004271268845,
            1.4144762754440308,
            0.017778104171156883,
            0.09397606551647186,
            -0.1715988963842392,
            -0.07114972174167633,
            -0.4751416742801666,
            0.47290563583374023,
            -0.014400973916053772,
            -0.36912867426872253,
            -0.2542194128036499,
            -0.23935671150684357,
            0.25692930817604065,
            0.19992782175540924,
            0.12155735492706299,
            0.35859620571136475,
            0.25722792744636536,
            0.39362552762031555,
            -0.2507200837135315,
            0.14427925646305084,
            0.368282288312912,
            -0.044051580131053925,
            -0.09439871460199356,
            -0.4503396451473236,
            0.044743627309799194,
            0.9146334528923035,
            0.1895272582769394,
            0.3699686527252197,
            0.48549553751945496,
            0.13794386386871338,
            -0.44876614212989807,
            -0.563465416431427,
            -0.12818391621112823,
            -0.43814900517463684,
            0.26103219389915466,
            -0.1433853656053543,
            -0.09350383281707764,
            -0.29957228899002075,
            -0.04467618837952614,
            0.18945835530757904,
            -0.14987577497959137,
            -0.051009587943553925,
            -0.23272192478179932,
            0.2415006309747696,
            -0.27030080556869507,
            -0.0737931877374649,
            -0.3493480384349823,
            -0.45994970202445984,
            0.21454660594463348,
            0.0791831687092781,
            -0.16486717760562897,
            0.05450905114412308,
