{
    "image_path": "images/039.jpg",
    "mask_path": "masks/039.jpg",
    "mask_features": {
        "mask_area_ratio": 0.05053385416666667,
        "mask_bbox": {
            "x_min": 129,
            "y_min": 69,
            "x_max": 185,
            "y_max": 153
        },
        "mask_location": "center",
        "mask_fragments": 1
    },
    "image_features": {
        "resolution": {
            "width": 320,
            "height": 240,
            "aspect_ratio": 1.333
        },
        "faces_detected": 0,
        "texture": {
            "laplacian_variance": 3323.877273714023,
            "edge_density": 0.22557291666666668
        },
        "colors": {
            "brightness_mean": 113.75522135416666,
            "saturation_mean": 63.90438802083333,
            "dominant_colors": [
                [
                    40,
                    56,
                    46
                ],
                [
                    100,
                    114,
                    108
                ],
                [
                    209,
                    191,
                    171
                ]
            ]
        },
        "text_present": false,
        "clip_embedding": [
            -0.17263579368591309,
            0.35144051909446716,
            0.17127840220928192,
            0.08129287511110306,
            -0.4805314838886261,
            0.16364267468452454,
            -0.06018826737999916,
            -1.0646450519561768,
            0.4380383789539337,
            0.6636732220649719,
            -0.1478823870420456,
            -0.1344955563545227,
            0.025771362707018852,
            0.17969830334186554,
            -0.009609092958271503,
            0.0662238821387291,
            -0.2924032509326935,
            0.4639887809753418,
            0.29349949955940247,
            -0.01460046973079443,
            -0.12836143374443054,
            0.0013561589876189828,
            -0.33767595887184143,
            -0.7880045175552368,
            -0.13082104921340942,
            -0.5387018322944641,
            -0.3767709732055664,
            0.04185546562075615,
            -0.1336948573589325,
            -0.11594554781913757,
            0.3540728688240051,
            0.2151736319065094,
            0.10284103453159332,
            0.022196345031261444,
            0.7264549732208252,
            -0.29883819818496704,
            0.073490671813488,
            0.29387304186820984,
            -0.06790333986282349,
            0.745219886302948,
            -0.36115968227386475,
            -0.4090445637702942,
            -0.2726234495639801,
            0.06430956721305847,
            0.7549653649330139,
            -1.9010708332061768,
            -0.09912720322608948,
            0.24998925626277924,
            0.28677108883857727,
            0.22927479445934296,
            0.22672219574451447,
            -0.0754820927977562,
            0.25487014651298523,
            0.15071971714496613,
            -0.04027920588850975,
            -0.3711163401603699,
            1.0555493831634521,
            -0.05911097303032875,
            -0.07957672327756882,
            0.00412004254758358,
            -0.7264924049377441,
            0.01925036497414112,
            -0.3469606339931488,
            -0.07523807138204575,
            -0.08507325500249863,
            -0.0036153520923107862,
            0.4708358645439148,
            1.5171144008636475,
            -0.2021232396364212,
            -0.10735274851322174,
            0.4895293712615967,
            -0.23958523571491241,
            -0.20875875651836395,
            -0.12952546775341034,
            0.15884748101234436,
            0.053597018122673035,
            -0.059903278946876526,
            0.037292543798685074,
            -0.3360837697982788,
            0.24309569597244263,
            -0.15130731463432312,
            0.528330385684967,
            0.45714157819747925,
            0.8887913823127747,
            0.002280263928696513,
            0.11677154153585434,
            0.7540437579154968,
            0.2366616427898407,
            0.5235346555709839,
            -0.49561208486557007,
            -0.3773844838142395,
            0.1514524668455124,
            -5.823006629943848,
            -0.23649056255817413,
            0.014740917831659317,
            -0.4694412052631378,
            0.01891453005373478,
            -0.023021351546049118,
            0.020269615575671196,
            -0.5678812265396118,
            0.09426344186067581,
            -0.14225277304649353,
            0.33619070053100586,
            0.2896331250667572,
            0.46188876032829285,
            0.39881736040115356,
            -0.2564038932323456,
            -0.3713260889053345,
            0.17284631729125977,
            -0.6625043749809265,
            -0.2529662847518921,
            -0.5528616905212402,
            -0.3235454857349396,
            -0.36249226331710815,
            0.0285246130079031,
            -0.36196887493133545,
            -0.4418277144432068,
            0.512632429599762,
            0.07958902418613434,
            0.1308731883764267,
            0.04467206075787544,
            -0.13340112566947937,
            -0.11345262080430984,
            -0.06922251731157303,
            0.04574742913246155,
            -0.36374431848526,
            0.48214563727378845,
            -0.09230206906795502,
            0.057509895414114,
            0.3198312520980835,
            -0.02795886993408203,
            -0.2215365320444107,
            0.2316126823425293,
            0.756259560585022,
            0.09978803247213364,
            -0.43194082379341125,
            0.9206750988960266,
            0.04408269748091698,
            -0.29803919792175293,
            0.03297528252005577,
            -0.09333714097738266,
            0.35808688402175903,
            -0.3327239751815796,
            0.15854021906852722,
            0.4370506703853607,
            -0.13222646713256836,
            0.011559268459677696,
            0.6415573954582214,
            -0.24400785565376282,
            -0.3855457603931427,
            0.23426322638988495,
            0.09947318583726883,
            0.46957141160964966,
            -0.10425109416246414,
            -0.288189172744751,
            0.15615549683570862,
            0.33511048555374146,
            -0.02224879525601864,
            -0.09289761632680893,
            -0.3860018849372864,
            -0.20333142578601837,
            -0.36187729239463806,
            -0.21286825835704803,
            0.029339002445340157,
            0.150919109582901,
            0.04128445312380791,
            0.27121293544769287,
            0.05282963439822197,
            0.3293914496898651,
            0.06478065997362137,
            0.4190010130405426,
            0.1317494660615921,
            -0.07617480307817459,
            -0.24175406992435455,
            0.04841569811105728,
            -0.5813732743263245,
            0.45236852765083313,
            -0.04084694758057594,
            -0.25304675102233887,
            0.43262985348701477,
            0.010630990378558636,
            -0.09547838568687439,
            -0.24901658296585083,
            -0.5060222744941711,
            -0.06046722084283829,
            -0.003268757602199912,
            0.12214664369821548,
            -0.37716761231422424,
            -0.1208270862698555,
            0.12491554766893387,
            0.022201789543032646,
            -0.13790744543075562,
            0.126365527510643,
            -0.7983588576316833,
            -1.2558101415634155,
            -0.2653385102748871,
            0.02541886828839779,
            -0.35616302490234375,
            1.0299556255340576,
            -0.20680741965770721,
            0.36009132862091064,
            -0.03654461354017258,
            0.03978150710463524,
            0.6458923816680908,
