{
    "image_path": "images/040.png",
    "mask_path": "masks/040.png",
    "mask_features": {
        "mask_area_ratio": 0.024881605936293436,
        "mask_bbox": {
            "x_min": 320,
            "y_min": 348,
            "x_max": 539,
            "y_max": 497
        },
        "mask_location": "center",
        "mask_fragments": 1
    },
    "image_features": {
        "resolution": {
            "width": 1184,
            "height": 896,
            "aspect_ratio": 1.321
        },
        "faces_detected": 0,
        "texture": {
            "laplacian_variance": 40.754021244916586,
            "edge_density": 0.04605114321911197
        },
        "colors": {
            "brightness_mean": 113.04833136009894,
            "saturation_mean": 62.201872247526545,
            "dominant_colors": [
                [
                    40,
                    55,
                    45
                ],
                [
                    100,
                    114,
                    107
                ],
                [
                    210,
                    191,
                    171
                ]
            ]
        },
        "text_present": false,
        "clip_embedding": [
            -0.048419736325740814,
            0.5287288427352905,
            0.3799993693828583,
            0.02051154524087906,
            -0.4645598530769348,
            0.2867603898048401,
            -0.1134817898273468,
            -0.1746475249528885,
            0.4182482361793518,
            0.6609933972358704,
            0.04662490636110306,
            -0.13093996047973633,
            0.31431543827056885,
            0.20163051784038544,
            0.20257844030857086,
            0.06970138102769852,
            -0.11175356060266495,
            0.5955597162246704,
            0.1176251545548439,
            -0.08079783618450165,
            0.022879447788000107,
            0.12126258760690689,
            -0.2557888925075531,
            -0.8236560225486755,
            -0.0013935492606833577,
            -0.25772106647491455,
            -0.19753174483776093,
            -0.1534692496061325,
            -0.06256167590618134,
            0.03273121640086174,
            0.2603590190410614,
            0.1635103076696396,
            0.06560102850198746,
            -0.10680487751960754,
            0.13086780905723572,
            -0.1579744964838028,
            0.011394265107810497,
            0.40013620257377625,
            -0.24242359399795532,
            1.0220117568969727,
            -0.04356060177087784,
            -0.08557116240262985,
            -0.2799506187438965,
            -0.16299888491630554,
            0.4820900857448578,
            -1.002156138420105,
            -0.12131410837173462,
            0.06755803525447845,
            0.1663188487291336,
            0.18142086267471313,
            0.14877863228321075,
            -0.060446593910455704,
            0.17970414459705353,
            0.017374232411384583,
            0.0870070531964302,
            -0.469826340675354,
            0.9642611742019653,
            -0.056677062064409256,
            -0.14164184033870697,
            -0.12176090478897095,
            -0.7473465204238892,
            0.007128585129976273,
            -0.11791234463453293,
            0.12941737473011017,
            -0.068027563393116,
            0.1356954574584961,
            0.29382413625717163,
            1.6551159620285034,
            -0.07719343900680542,
            -0.32747218012809753,
            0.34584102034568787,
            -0.15832079946994781,
            -0.15176627039909363,
            0.09848293662071228,
            -0.031355541199445724,
            -0.014511154033243656,
            -0.07340630888938904,
            3.259580989833921e-05,
            -0.18265311419963837,
            0.14739741384983063,
            -0.056176431477069855,
            0.34000489115715027,
            0.5718613862991333,
            0.9062480330467224,
            -0.025341827422380447,
            0.0839671790599823,
            1.0639973878860474,
            0.1578972190618515,
            0.5964375138282776,
            -0.4378200173377991,
            -0.09146174043416977,
            0.0005933747161179781,
            -5.987694263458252,
            -0.05672542005777359,
            0.1508302241563797,
            -0.3874482214450836,
            0.01596311293542385,
            -0.1744183897972107,
            0.16348910331726074,
            -0.605778694152832,
            0.25774598121643066,
            -0.13751313090324402,
            0.24722561240196228,
            0.40976712107658386,
            0.2879994213581085,
            0.4954560697078705,
            -1.3349133729934692,
            -0.26511868834495544,
            0.11404523253440857,
            -0.7067953944206238,
            -0.3178810477256775,
            -0.38163381814956665,
            -0.4852433502674103,
            -0.29819294810295105,
            0.09852731972932816,
            -0.09916874766349792,
            -0.47978001832962036,
            0.5316435098648071,
            0.19910715520381927,
            0.07288200408220291,
            0.15807987749576569,
            -0.4147345721721649,
            -0.25549957156181335,
            0.21339742839336395,
            -0.12855395674705505,
            -0.37743261456489563,
            0.2071753293275833,
            0.2774185538291931,
            0.15660740435123444,
            0.10130307078361511,
            -0.15167437493801117,
            -0.2568599283695221,
            0.08309777081012726,
            0.8436068296432495,
            0.3948814868927002,
            -0.42695724964141846,
            0.8925678133964539,
            -0.25264623761177063,
            0.0077516320161521435,
            0.06305410712957382,
            -0.04488254711031914,
            0.52386474609375,
            -0.1868027150630951,
            0.07030211389064789,
            0.3468986749649048,
            0.02637745440006256,
            -0.09390024095773697,
            0.6541182994842529,
            -0.201708123087883,
            -0.33919069170951843,
            0.44483107328414917,
            -0.16675366461277008,
            0.929695188999176,
            -0.06717374175786972,
            -0.1355946809053421,
            0.3173374831676483,
            0.44516390562057495,
            -0.06431937217712402,
            -0.20988166332244873,
            -0.3549034297466278,
            -0.4520539343357086,
            -0.4473858177661896,
            -0.3404170274734497,
            0.17598886787891388,
            0.15941549837589264,
            -0.019218508154153824,
            0.32138538360595703,
            0.2577257752418518,
            0.15464556217193604,
            0.2860976457595825,
            0.3543059229850769,
            0.17993730306625366,
            -0.10180294513702393,
            -0.42305105924606323,
            -0.1426781266927719,
            -0.6183872818946838,
            0.7100914120674133,
            0.10356684774160385,
            -0.3460882008075714,
            0.43294644355773926,
            0.0396977923810482,
            -0.3077707290649414,
            -0.271165668964386,
            -0.4371750056743622,
            -0.05436648055911064,
            0.03425994887948036,
            0.17712201178073883,
            -0.12734036147594452,
            0.006108974572271109,
            0.14147596061229706,
            -0.054969701915979385,
            -0.06596006453037262,
            0.16751731932163239,
            -0.9313210844993591,
            -1.2862910032272339,
            -0.10137005895376205,
            -0.1092475950717926,
            -0.3546401262283325,
            0.8962665796279907,
            -0.4412221908569336,
            0.2588270902633667,
            0.07614175230264664,
            0.08708912879228592,
            0.8437243103981018,
