{
    "image_path": "images/041.jpg",
    "mask_path": "masks/041.jpg",
    "mask_features": {
        "mask_area_ratio": 0.29115885416666665,
        "mask_bbox": {
            "x_min": 94,
            "y_min": 58,
            "x_max": 319,
            "y_max": 206
        },
        "mask_location": "center",
        "mask_fragments": 1
    },
    "image_features": {
        "resolution": {
            "width": 320,
            "height": 240,
            "aspect_ratio": 1.333
        },
        "faces_detected": 0,
        "texture": {
            "laplacian_variance": 1309.2439578448825,
            "edge_density": 0.14541666666666667
        },
        "colors": {
            "brightness_mean": 114.48171875,
            "saturation_mean": 98.795703125,
            "dominant_colors": [
                [
                    117,
                    182,
                    176
                ],
                [
                    80,
                    138,
                    131
                ],
                [
                    31,
                    49,
                    37
                ]
            ]
        },
        "text_present": false,
        "clip_embedding": [
            0.028575558215379715,
            -0.06419256329536438,
            0.34076958894729614,
            0.14828245341777802,
            0.18810361623764038,
            -0.334023118019104,
            0.355971097946167,
            -0.6319497227668762,
            0.4752085208892822,
            0.23466981947422028,
            -0.24690307676792145,
            0.18957971036434174,
            -0.2656199634075165,
            0.3576088845729828,
            -0.12673035264015198,
            0.299674391746521,
            0.5637226104736328,
            0.2709641754627228,
            0.16176198422908783,
            0.3263043165206909,
            -0.38955870270729065,
            0.19798584282398224,
            0.37181228399276733,
            -0.46318352222442627,
            -0.539301872253418,
            -0.14088256657123566,
            -0.23680835962295532,
            0.48096606135368347,
            0.1773666888475418,
            -0.4955473840236664,
            0.021836064755916595,
            -0.03302156552672386,
            0.5392390489578247,
            0.4597616493701935,
            -0.03240234777331352,
            -0.1942785382270813,
            0.10603170841932297,
            -0.1707119196653366,
            0.18385417759418488,
            1.1520048379898071,
            -0.7529281973838806,
            -0.34220293164253235,
            0.4406245946884155,
            0.18990708887577057,
            0.3362830579280853,
            -1.3252553939819336,
            0.6847874522209167,
            0.07520746439695358,
            0.08370374143123627,
            -0.2464236170053482,
            0.2742707431316376,
            0.12549376487731934,
            0.04201161861419678,
            0.11241733282804489,
            -0.09536651521921158,
            -0.044213488698005676,
            0.29857268929481506,
            0.2115049660205841,
            -0.18198418617248535,
            0.023035774007439613,
            1.1220349073410034,
            -0.15273259580135345,
            0.4055950343608856,
            0.08111903816461563,
            -0.13473747670650482,
            -0.3855648636817932,
            0.6537197828292847,
            0.343471497297287,
            0.41836094856262207,
            0.30684351921081543,
            -0.18743079900741577,
            -0.037709593772888184,
            0.24329721927642822,
            0.3552699685096741,
            0.22920572757720947,
            -0.24429991841316223,
            -0.5618956685066223,
            0.10450240969657898,
            -0.37394145131111145,
            -0.010855816304683685,
            0.10983549058437347,
            -0.0332639142870903,
            0.1608331948518753,
            -0.16182491183280945,
            0.1779957264661789,
            0.12902729213237762,
            -0.3084775507450104,
            0.07475786656141281,
            0.6165639758110046,
            0.2770237326622009,
            0.23947416245937347,
            -0.4825371205806732,
            -7.142027854919434,
            0.20756487548351288,
            -0.516578197479248,
            0.2898619472980499,
            0.17729485034942627,
            -0.18552884459495544,
            -1.516504168510437,
            0.5867247581481934,
            -0.08158205449581146,
            -0.36973777413368225,
            -0.2998194694519043,
            -0.18359538912773132,
            0.3277035653591156,
            -0.2532599866390228,
            0.3541945219039917,
            -0.07586392760276794,
            -0.07736386358737946,
            -0.5634833574295044,
            -0.014703284949064255,
            -0.4801759719848633,
            -0.04982059448957443,
            0.13232247531414032,
            -0.08827195316553116,
            -0.2545413374900818,
            -0.0426575131714344,
            -0.08432287722826004,
            0.40110236406326294,
            0.24125820398330688,
            -0.45480284094810486,
            -0.21052314341068268,
            0.21806101500988007,
            -0.12628315389156342,
            -0.169398695230484,
            -0.16434012353420258,
            -0.19070009887218475,
            0.34292498230934143,
            -0.15183670818805695,
            -0.05564352124929428,
            0.36949488520622253,
            -0.4725891649723053,
            0.5878238677978516,
            0.9018543362617493,
            -0.21363183856010437,
            0.12868814170360565,
            0.5697051286697388,
            -0.4058188199996948,
            -0.01927816867828369,
            -0.41459396481513977,
            -0.00972013920545578,
            0.37767237424850464,
            0.48067352175712585,
            0.5912240147590637,
            0.3727641701698303,
            -0.11029990017414093,
            0.20489946007728577,
            -0.16272838413715363,
            -0.09500446170568466,
            -0.11787506937980652,
            0.2265097051858902,
            0.06408670544624329,
            0.8957124948501587,
            -0.19686640799045563,
            0.02832719124853611,
            0.060848161578178406,
            0.4442466199398041,
            0.3769470155239105,
            0.4159887731075287,
            -0.22241535782814026,
            -0.2824612855911255,
            -0.08242006599903107,
            -0.04813256114721298,
            -0.06715674698352814,
            0.6063563823699951,
            0.442990779876709,
            -0.6222761273384094,
            0.1401810348033905,
            0.4665309488773346,
            0.1601579338312149,
            0.14944219589233398,
            0.5299018621444702,
            0.3333526849746704,
            -0.3829798698425293,
            0.08723818510770798,
            0.16067659854888916,
            0.3821057081222534,
            0.5466999411582947,
            0.1609613001346588,
            -0.1245008185505867,
            -0.47735974192619324,
            -0.5218215584754944,
            0.08561418205499649,
            -0.28601449728012085,
            -0.3802061676979065,
            -0.11093097925186157,
            0.1026410385966301,
            -0.050468165427446365,
            -0.35085585713386536,
            -0.16757714748382568,
            0.17471309006214142,
            -0.1352340430021286,
            -0.11363045871257782,
            -0.12873804569244385,
            -1.0113106966018677,
            -0.010130195878446102,
            -0.1351826936006546,
            0.1914021223783493,
            -0.6772848963737488,
            -0.4636678695678711,
            -0.2971917390823364,
            -0.1278245598077774,
            0.3825681805610657,
            0.1923687607049942,
            0.1816445142030716,
