{
    "image_path": "images/042.jpg",
    "mask_path": "masks/042.jpg",
    "mask_features": {
        "mask_area_ratio": 0.18865885416666667,
        "mask_bbox": {
            "x_min": 99,
            "y_min": 25,
            "x_max": 217,
            "y_max": 169
        },
        "mask_location": "center",
        "mask_fragments": 1
    },
    "image_features": {
        "resolution": {
            "width": 320,
            "height": 240,
            "aspect_ratio": 1.333
        },
        "faces_detected": 0,
        "texture": {
            "laplacian_variance": 2952.217921803792,
            "edge_density": 0.17209635416666666
        },
        "colors": {
            "brightness_mean": 125.631328125,
            "saturation_mean": 50.87450520833333,
            "dominant_colors": [
                [
                    127,
                    122,
                    120
                ],
                [
                    57,
                    54,
                    67
                ],
                [
                    230,
                    230,
                    228
                ]
            ]
        },
        "text_present": false,
        "clip_embedding": [
            0.06708921492099762,
            -0.30435603857040405,
            0.08980000019073486,
            0.31187692284584045,
            -0.1772267073392868,
            -0.22357378900051117,
            0.47708624601364136,
            -1.1531842947006226,
            0.1011715829372406,
            -0.09869746118783951,
            0.14828559756278992,
            0.2551468312740326,
            0.6867636442184448,
            0.22396907210350037,
            -0.17415684461593628,
            -0.1388196498155594,
            0.6241949796676636,
            0.3843865990638733,
            0.10275612771511078,
            -0.1259911060333252,
            0.670661985874176,
            0.1737031191587448,
            0.20795108377933502,
            -0.14520354568958282,
            -0.28453707695007324,
            -0.24782651662826538,
            -0.13753215968608856,
            -0.05771936476230621,
            -0.25636884570121765,
            0.030863100662827492,
            0.3200162649154663,
            0.10721836239099503,
            -0.07198397815227509,
            -0.12712371349334717,
            0.624011754989624,
            0.20292328298091888,
            -0.4520264267921448,
            0.42034289240837097,
            -0.07761842757463455,
            1.4807875156402588,
            0.25427916646003723,
            0.2679826021194458,
            -0.1398247927427292,
            -0.09314900636672974,
            -0.21515971422195435,
            -0.6388534307479858,
            -0.02866942621767521,
            0.49564433097839355,
            -0.22502516210079193,
            0.1254475712776184,
            0.10455893725156784,
            -0.79954993724823,
            -0.4467511475086212,
            0.0024896557442843914,
            -0.3583233952522278,
            -0.36977946758270264,
            0.6622012257575989,
            -0.4695296287536621,
            0.19287312030792236,
            -0.0870671346783638,
            0.4991333782672882,
            0.46403828263282776,
            0.1609792411327362,
            -0.22397445142269135,
            0.048014480620622635,
            -0.10475534200668335,
            0.45854562520980835,
            0.13667088747024536,
            0.05783235654234886,
            0.2507208287715912,
            0.11482508480548859,
            -0.3301716446876526,
            0.043212853372097015,
            -0.4035174548625946,
            0.23088182508945465,
            0.13507311046123505,
            -0.2218611240386963,
            -0.11470060795545578,
            -0.4871917963027954,
            0.38077569007873535,
            -0.01805843971669674,
            0.22202879190444946,
            -0.14480675756931305,
            0.26501989364624023,
            -0.0039001007098704576,
            0.39485353231430054,
            -0.2464337944984436,
            0.17427034676074982,
            -0.07260584831237793,
            -0.09995142370462418,
            0.05826234444975853,
            -0.06023086979985237,
            -5.3321852684021,
            1.0569959878921509,
            -0.051053743809461594,
            -0.24894142150878906,
            -0.6670743227005005,
            0.20062775909900665,
            0.21047309041023254,
            -0.2694932520389557,
            -0.06196364760398865,
            0.28799381852149963,
            -0.3166812062263489,
            -0.16989631950855255,
            0.7590208053588867,
            -0.034992821514606476,
            -0.6471112966537476,
            -0.039990272372961044,
            0.567314624786377,
            -0.014279790222644806,
            0.16667048633098602,
            -0.5601258277893066,
            -0.44750648736953735,
            0.3485408425331116,
            0.42420223355293274,
            0.18589425086975098,
            0.4437201917171478,
            -0.12781444191932678,
            0.2927779257297516,
            0.33134400844573975,
            0.32561933994293213,
            0.11593244969844818,
            0.038911789655685425,
            -0.08118469268083572,
            -0.15681174397468567,
            -0.22495679557323456,
            0.07329905033111572,
            -0.3107667863368988,
            -0.02525610662996769,
            -0.39940816164016724,
            -0.08154436945915222,
            0.007701984141021967,
            0.11643605679273605,
            0.7464490532875061,
            0.36745983362197876,
            0.18688653409481049,
            0.12829457223415375,
            -0.1131371408700943,
            -0.25602155923843384,
            -0.18116648495197296,
            0.06877554953098297,
            -0.6107152104377747,
            -0.20185254514217377,
            0.4743913412094116,
            -0.598656415939331,
            0.19537656009197235,
            -0.4661495089530945,
            0.5293622016906738,
            -0.13131174445152283,
            -0.16800028085708618,
            0.3884739875793457,
            -0.05260764807462692,
            1.3758713006973267,
            0.029017750173807144,
            0.083135686814785,
            0.025961991399526596,
            -0.13338424265384674,
            -0.35581034421920776,
            0.7733194828033447,
            -0.00341972173191607,
            -0.4013805091381073,
            0.152718648314476,
            -0.10185745358467102,
            -0.11955036967992783,
            0.24490942060947418,
            0.0820673257112503,
            0.9386463165283203,
            -0.11528901755809784,
            0.4789610803127289,
            -0.3705131411552429,
            0.22077979147434235,
            0.4052070379257202,
            0.16093070805072784,
            0.09581577032804489,
            -0.2993673086166382,
            0.286986768245697,
            0.5975233316421509,
            0.029798822477459908,
            0.34748297929763794,
            0.463886559009552,
            0.3517076075077057,
            -0.12319636344909668,
            -0.2937208116054535,
            -0.15963895618915558,
            -0.6022453904151917,
            0.26549121737480164,
            -0.17544694244861603,
            0.24055196344852448,
            -0.397865891456604,
            -0.11607901751995087,
            0.4465721845626831,
            -0.5905457139015198,
            -0.13743989169597626,
            -0.054689861834049225,
            0.348876029253006,
            -0.30148202180862427,
            -0.1395856887102127,
            -0.5206848382949829,
            -0.7693060636520386,
            0.22892151772975922,
            0.28450530767440796,
            -0.1728622168302536,
            0.16244253516197205,
            0.17835058271884918,
