{
    "image_path": "images/043.jpg",
    "mask_path": "masks/043.jpg",
    "mask_features": {
        "mask_area_ratio": 0.3017578125,
        "mask_bbox": {
            "x_min": 24,
            "y_min": 125,
            "x_max": 239,
            "y_max": 308
        },
        "mask_location": "edge_or_corner",
        "mask_fragments": 1
    },
    "image_features": {
        "resolution": {
            "width": 240,
            "height": 320,
            "aspect_ratio": 0.75
        },
        "faces_detected": 1,
        "texture": {
            "laplacian_variance": 222.08937833641903,
            "edge_density": 0.07399739583333333
        },
        "colors": {
            "brightness_mean": 123.726796875,
            "saturation_mean": 63.16786458333333,
            "dominant_colors": [
                [
                    233,
                    187,
                    155
                ],
                [
                    98,
                    110,
                    115
                ],
                [
                    54,
                    55,
                    59
                ]
            ]
        },
        "text_present": false,
        "clip_embedding": [
            -0.16007326543331146,
            0.482276052236557,
            0.12651126086711884,
            -0.10764894634485245,
            0.014133523218333721,
            -0.10628976672887802,
            0.4566504657268524,
            -0.4566894769668579,
            0.8678974509239197,
            0.1451386958360672,
            0.09075447916984558,
            -0.2817617356777191,
            0.43029719591140747,
            0.18284872174263,
            0.24775618314743042,
            0.07743488252162933,
            2.636681079864502,
            0.2097867727279663,
            -0.3201092779636383,
            -0.3368299901485443,
            1.2474490404129028,
            0.006317305378615856,
            0.17680248618125916,
            0.17368680238723755,
            -0.7652950286865234,
            0.0629161149263382,
            -0.44825494289398193,
            -0.47444388270378113,
            -0.14679977297782898,
            -0.4216609001159668,
            -0.2575148940086365,
            -0.047151580452919006,
            0.22891733050346375,
            0.314712256193161,
            -0.34262076020240784,
            -0.05578610673546791,
            0.1890374720096588,
            0.3246684968471527,
            -0.11593402177095413,
            -0.12160231173038483,
            -0.014689319767057896,
            -0.25101524591445923,
            0.06458281725645065,
            -0.052654463797807693,
            0.32781657576560974,
            0.8302043080329895,
            -0.003782902378588915,
            -0.1833023875951767,
            0.49580690264701843,
            0.43253234028816223,
            0.4570745527744293,
            0.13752293586730957,
            0.5048827528953552,
            0.08145495504140854,
            -0.11027608811855316,
            -0.10826095938682556,
            -0.030997294932603836,
            0.42107465863227844,
            -0.6709820628166199,
            -0.2619430720806122,
            0.3446742296218872,
            0.1425931602716446,
            0.5808585286140442,
            -0.02948378585278988,
            -0.2451706975698471,
            -0.09934361279010773,
            0.13372649252414703,
            1.731735110282898,
            -0.2195020169019699,
            0.34956803917884827,
            -0.3069136440753937,
            0.22303955256938934,
            -0.3327881395816803,
            0.29890453815460205,
            -0.043689239770174026,
            -0.003322283737361431,
            0.31163251399993896,
            -0.6501556038856506,
            -0.0025759711861610413,
            0.2654389441013336,
            0.092145174741745,
            -0.00916194450110197,
            0.15590937435626984,
            -0.04876876249909401,
            -0.010510492138564587,
            0.7889617085456848,
            -0.1890421062707901,
            0.021894089877605438,
            0.8284377455711365,
            -0.28419727087020874,
            0.05242282524704933,
            0.16917066276073456,
            -6.809390068054199,
            -1.0926222801208496,
            0.3080381751060486,
            0.15411074459552765,
            -0.23569045960903168,
            0.20135542750358582,
            -0.21731385588645935,
            -0.40219053626060486,
            0.46728160977363586,
            -0.12829388678073883,
            0.6793580651283264,
            0.17021684348583221,
            0.38023635745048523,
            0.2139032781124115,
            0.4314567744731903,
            -0.12844090163707733,
            0.46509599685668945,
            -0.7843241691589355,
            0.27013006806373596,
            0.24610298871994019,
            -0.07132204622030258,
            0.3980632722377777,
            -0.22462111711502075,
            -0.26387834548950195,
            -0.4654693305492401,
            -0.20365731418132782,
            0.32323041558265686,
            -0.1853322833776474,
            0.05400624871253967,
            -0.6547456979751587,
            -0.14150574803352356,
            0.05433746427297592,
            -0.033522311598062515,
            -0.10366980731487274,
            0.2016914039850235,
            -0.2038971483707428,
            -0.3285576105117798,
            0.08709827065467834,
            -0.10036373138427734,
            -0.15841856598854065,
            0.30701944231987,
            0.9212445020675659,
            0.23206807672977448,
            0.033102285116910934,
            0.5269184112548828,
            -0.3313111662864685,
            -0.4264148771762848,
            -0.28888171911239624,
            0.21886946260929108,
            0.32653242349624634,
            -0.36085036396980286,
            -0.09408992528915405,
            -0.5642731189727783,
            -0.025225413963198662,
            0.3928792476654053,
            0.48683229088783264,
            -0.2597545087337494,
            -0.17056900262832642,
            0.03825230896472931,
            -0.24902763962745667,
            -0.01204508077353239,
            0.2186659574508667,
            -0.22470368444919586,
            -0.6036597490310669,
            -0.009882376529276371,
            0.4926815927028656,
            -0.40491122007369995,
            -0.2767181098461151,
            -0.29792851209640503,
            -0.7392675280570984,
            0.16767151653766632,
            -0.2901240289211273,
            0.03991924598813057,
            0.39681199193000793,
            0.45510026812553406,
            0.2498512715101242,
            -0.03956834226846695,
            -0.009893392212688923,
            -0.052378542721271515,
            -0.23552581667900085,
            0.06380494683980942,
            -0.11584284156560898,
            0.24469727277755737,
            -0.14283379912376404,
            1.1001614332199097,
            -0.16135109961032867,
            -0.2563146650791168,
            0.18497811257839203,
            0.24497711658477783,
            -0.26091691851615906,
            0.15528911352157593,
            0.04884587228298187,
            -0.5884042978286743,
            0.12472743541002274,
            0.047661662101745605,
            -0.06616207957267761,
            -0.15575118362903595,
            -0.16622509062290192,
            0.27302780747413635,
            0.15600664913654327,
            0.06785639375448227,
            0.07820551097393036,
            -0.8291894197463989,
            0.038246944546699524,
            0.100098617374897,
            -0.21867462992668152,
            0.9011205434799194,
            0.15214094519615173,
            0.11153087764978409,
            0.1368463784456253,
            -0.06838025152683258,
            -0.2789229154586792,
