{
    "image_path": "images/044.jpg",
    "mask_path": "masks/044.jpg",
    "mask_features": {
        "mask_area_ratio": 0.20561197916666665,
        "mask_bbox": {
            "x_min": 90,
            "y_min": 28,
            "x_max": 250,
            "y_max": 214
        },
        "mask_location": "center",
        "mask_fragments": 1
    },
    "image_features": {
        "resolution": {
            "width": 320,
            "height": 240,
            "aspect_ratio": 1.333
        },
        "faces_detected": 0,
        "texture": {
            "laplacian_variance": 939.4596666639541,
            "edge_density": 0.08473958333333333
        },
        "colors": {
            "brightness_mean": 108.69451822916666,
            "saturation_mean": 77.12399739583333,
            "dominant_colors": [
                [
                    185,
                    160,
                    140
                ],
                [
                    223,
                    225,
                    230
                ],
                [
                    64,
                    77,
                    68
                ]
            ]
        },
        "text_present": false,
        "clip_embedding": [
            0.3321058452129364,
            -0.08634842187166214,
            0.2633834183216095,
            0.5871658325195312,
            0.31050625443458557,
            -0.07569777965545654,
            0.3835819959640503,
            0.07109467685222626,
            0.13509078323841095,
            0.23742909729480743,
            -0.1698588877916336,
            -0.12093343585729599,
            0.3306390643119812,
            -0.13502642512321472,
            0.05907737463712692,
            0.2751061022281647,
            0.5560843348503113,
            -0.04942569136619568,
            0.9166509509086609,
            0.15434154868125916,
            -0.46972864866256714,
            0.07118164002895355,
            0.1923748254776001,
            0.12959200143814087,
            -0.42770832777023315,
            0.31888458132743835,
            0.013894305564463139,
            0.472177654504776,
            0.10892318189144135,
            0.05305209010839462,
            -0.0564015731215477,
            -0.018011441454291344,
            -0.2078678011894226,
            0.3148006498813629,
            0.051200203597545624,
            -0.21302711963653564,
            -0.20903964340686798,
            -0.08655989915132523,
            -0.09008939564228058,
            0.9816347360610962,
            -0.29204851388931274,
            0.09727484732866287,
            -0.17012783885002136,
            0.49597567319869995,
            -0.09918086230754852,
            -1.2507120370864868,
            0.1116700991988182,
            0.24904194474220276,
            -0.35943326354026794,
            0.1387762874364853,
            -0.2627474069595337,
            -0.40254640579223633,
            -0.0029120405670255423,
            0.23432019352912903,
            -0.042301785200834274,
            -0.006541993003338575,
            -0.5660240054130554,
            -0.0863739401102066,
            -0.3842505216598511,
            0.09051093459129333,
            0.10508378595113754,
            -0.016207722947001457,
            0.3537885248661041,
            -0.48863524198532104,
            -0.01982046663761139,
            -0.5342068672180176,
            0.5645288825035095,
            0.8842952847480774,
            0.28598833084106445,
            0.05595313757658005,
            -0.19664046168327332,
            -0.1677635759115219,
            0.06517357379198074,
            -0.014786452986299992,
            -0.4024900197982788,
            -0.39190903306007385,
            -0.12251139432191849,
            -0.15855605900287628,
            -0.5928767323493958,
            -0.37884607911109924,
            0.09150923788547516,
            -0.16637971997261047,
            0.3813590109348297,
            -0.7744721174240112,
            0.45248958468437195,
            0.44204896688461304,
            -0.48291274905204773,
            -0.06448006629943848,
            -0.48095062375068665,
            -0.49019521474838257,
            0.053270768374204636,
            -0.5138964056968689,
            -5.938417434692383,
            0.09129022806882858,
            -0.47228527069091797,
            0.03131864592432976,
            -0.03146854788064957,
            -0.03290092945098877,
            0.22225196659564972,
            -1.3778278827667236,
            0.13615134358406067,
            -0.3026178777217865,
            0.11112917214632034,
            0.16688407957553864,
            0.7825078368186951,
            0.37991705536842346,
            -0.9493911862373352,
            -0.011722993105649948,
            -0.3210541903972626,
            0.18709364533424377,
            0.05914007127285004,
            -0.3847905993461609,
            -0.36128273606300354,
            0.04713224247097969,
            -0.0650685504078865,
            -0.08436229825019836,
            -0.3625379502773285,
            -0.0318254753947258,
            0.005487261805683374,
            -0.04126817733049393,
            0.4560745358467102,
            0.1152832955121994,
            -0.01857697404921055,
            -0.47275876998901367,
            0.2780112624168396,
            -0.191024050116539,
            -0.20650000870227814,
            0.13128411769866943,
            0.2383238971233368,
            0.22967709600925446,
            0.4111631214618683,
            -0.19057223200798035,
            -0.24965353310108185,
            0.8244641423225403,
            0.08100496232509613,
            -0.03171199932694435,
            0.32025647163391113,
            0.7070457339286804,
            -0.1521957516670227,
            0.054422520101070404,
            0.2862308919429779,
            -0.23893669247627258,
            0.7614824175834656,
            -0.15247347950935364,
            0.2819470465183258,
            0.18968436121940613,
            -0.09697338193655014,
            -0.10621557384729385,
            -0.19453096389770508,
            0.012789331376552582,
            0.5039022564888,
            -0.01454744953662157,
            0.2025669813156128,
            0.05916804075241089,
            0.016388367861509323,
            -0.17193004488945007,
            -0.03283535689115524,
            -0.09121043235063553,
            -0.15268701314926147,
            -0.2425757795572281,
            0.18360529839992523,
            0.008211040869355202,
            -0.15767782926559448,
            0.24535085260868073,
            0.6904755234718323,
            0.2775980234146118,
            0.8373886942863464,
            -0.015584162436425686,
            -0.13242892920970917,
            0.17035944759845734,
            0.24212144315242767,
            0.3309991955757141,
            -0.15044182538986206,
            0.14129400253295898,
            -0.6371110677719116,
            -0.050219278782606125,
            0.3411961793899536,
            -0.11791837960481644,
            0.6566572189331055,
            0.39986851811408997,
            0.007087656296789646,
            0.19394004344940186,
            0.047474998980760574,
            -0.3301658034324646,
            -0.1292582005262375,
            -0.051293469965457916,
            0.2036772072315216,
            -0.8773045539855957,
            0.14027251303195953,
            0.2630712389945984,
            0.3213537633419037,
            -0.2646480202674866,
            0.006237110123038292,
            -0.5391451716423035,
            0.058791618794202805,
            -0.00107825908344239,
            0.3141351342201233,
            -0.06771527975797653,
            0.8353485465049744,
            -0.5798477530479431,
            -0.36229562759399414,
            -0.5261039137840271,
            0.07626408338546753,
            0.11252100765705109,
