{
    "image_path": "images/045.jpg",
    "mask_path": "masks/045.jpg",
    "mask_features": {
        "mask_area_ratio": 0.4134191176470588,
        "mask_bbox": {
            "x_min": 6,
            "y_min": 44,
            "x_max": 312,
            "y_max": 196
        },
        "mask_location": "center",
        "mask_fragments": 1
    },
    "image_features": {
        "resolution": {
            "width": 320,
            "height": 238,
            "aspect_ratio": 1.345
        },
        "faces_detected": 0,
        "texture": {
            "laplacian_variance": 1487.0813351811312,
            "edge_density": 0.1091780462184874
        },
        "colors": {
            "brightness_mean": 116.58232668067227,
            "saturation_mean": 58.25542279411765,
            "dominant_colors": [
                [
                    72,
                    58,
                    50
                ],
                [
                    163,
                    144,
                    133
                ],
                [
                    219,
                    203,
                    195
                ]
            ]
        },
        "text_present": false,
        "clip_embedding": [
            0.3626827597618103,
            -0.04799921065568924,
            -0.01102674100548029,
            0.023775745183229446,
            0.16203849017620087,
            -0.08574312180280685,
            0.023515520617365837,
            0.23431068658828735,
            0.2165086567401886,
            -0.15175586938858032,
            0.26050758361816406,
            -0.12525182962417603,
            0.905626654624939,
            -0.14498376846313477,
            0.23565317690372467,
            -0.02685926854610443,
            0.3641877770423889,
            -0.13431696593761444,
            0.22639432549476624,
            0.05240854248404503,
            -0.3665216565132141,
            0.019069179892539978,
            0.22208969295024872,
            0.49843698740005493,
            -0.2342599630355835,
            0.39215368032455444,
            0.053019534796476364,
            0.33116114139556885,
            -0.0010286920005455613,
            -0.22504636645317078,
            0.15474966168403625,
            0.17580802738666534,
            -0.16051161289215088,
            0.17213334143161774,
            0.31753578782081604,
            0.4552997350692749,
            -0.2700537145137787,
            0.2023821473121643,
            0.15380151569843292,
            1.7697827816009521,
            0.24432140588760376,
            -0.30682966113090515,
            0.30470576882362366,
            0.17117013037204742,
            0.06047889590263367,
            -1.7980009317398071,
            0.38916850090026855,
            -0.019679345190525055,
            -0.1715405136346817,
            -0.21147020161151886,
            -0.33044707775115967,
            -0.2749573588371277,
            -0.0196550190448761,
            0.055486731231212616,
            0.29604125022888184,
            -0.11458806693553925,
            -0.7339789867401123,
            0.07893992215394974,
            -0.26144638657569885,
            0.12667500972747803,
            -0.12784381210803986,
            -0.0036403092090040445,
            -0.1970791220664978,
            0.41782912611961365,
            0.24019432067871094,
            -0.06709803640842438,
            0.7720202207565308,
            0.02154582552611828,
            0.0609041228890419,
            -0.056845199316740036,
            0.06614664942026138,
            0.013805930502712727,
            0.03831024840474129,
            -0.5593037605285645,
            -0.41379955410957336,
            0.09467778354883194,
            -0.09201103448867798,
            -0.15002791583538055,
            -0.21062175929546356,
            -0.04539982229471207,
            0.04383862763643265,
            0.1353479027748108,
            0.20513032376766205,
            -0.8909661173820496,
            0.03365239128470421,
            -0.04723227769136429,
            0.07231447100639343,
            -0.5228185653686523,
            -0.08291437476873398,
            -0.14957913756370544,
            0.14295250177383423,
            -0.5959942936897278,
            -5.3997483253479,
            -0.26156628131866455,
            -0.015074444003403187,
            0.16660435497760773,
            0.17619332671165466,
            -0.1995140016078949,
            0.9222784042358398,
            -0.5342467427253723,
            0.3616497814655304,
            0.038869936019182205,
            -0.8093293309211731,
            0.04463885352015495,
            0.219004288315773,
            0.24390852451324463,
            -2.6084747314453125,
            -0.13749942183494568,
            0.030440952628850937,
            -0.2046217918395996,
            -0.02907375432550907,
            0.17563927173614502,
            0.29537928104400635,
            0.2777819037437439,
            0.3587344288825989,
            -0.5272762775421143,
            -0.2158282995223999,
            -0.5388839244842529,
            -0.042535413056612015,
            -0.03346967697143555,
            0.5897265076637268,
            0.3847755193710327,
            -0.6117908954620361,
            -0.3273136019706726,
            -0.26823192834854126,
            -0.17322109639644623,
            -0.23648510873317719,
            0.2207886427640915,
            0.10052820295095444,
            0.4346258044242859,
            0.61085444688797,
            -0.07925724983215332,
            0.06370852887630463,
            0.7469938397407532,
            0.43768906593322754,
            -0.013624457642436028,
            -0.01039312407374382,
            0.7239214777946472,
            -0.17778541147708893,
            -0.21223516762256622,
            0.41172143816947937,
            -0.10800214856863022,
            0.6736859083175659,
            -0.275831937789917,
            0.4197310209274292,
            0.1128755658864975,
            -0.16083763539791107,
            -0.039569973945617676,
            -0.311093270778656,
            -0.10441022366285324,
            0.4297327399253845,
            0.08763531595468521,
            0.37794584035873413,
            0.09156914800405502,
            -0.2310507446527481,
            -0.22086864709854126,
            0.3808494210243225,
            -0.15461277961730957,
            -0.5043067336082458,
            -0.04678567871451378,
            0.09200955182313919,
            -0.4162338972091675,
            0.012017752043902874,
            0.3191308379173279,
            0.007032852154225111,
            -0.30294525623321533,
            0.15944264829158783,
            -0.10066225379705429,
            -0.33951282501220703,
            -0.2622024714946747,
            0.22847063839435577,
            0.039611976593732834,
            0.11291804909706116,
            -0.12208884209394455,
            -0.47991055250167847,
            -0.003763976041227579,
            0.09595208615064621,
            -0.1273096650838852,
            -0.6251848340034485,
            -0.020555872470140457,
            0.8033027648925781,
            0.22448179125785828,
            -0.04218842834234238,
            -0.5338073968887329,
            -0.003003378165885806,
            0.1207040324807167,
            -0.1850091516971588,
            -0.6986387968063354,
            -0.20232269167900085,
            -0.0983637124300003,
            0.43659844994544983,
            -0.002859227592125535,
            0.38476455211639404,
            -0.23584596812725067,
            -0.4101160168647766,
            0.08099827170372009,
            -0.3308482766151428,
            0.3821883201599121,
            0.1479649692773819,
            -0.05552174896001816,
            -0.2960759401321411,
            -0.4316674470901489,
            0.25863343477249146,
            -0.2564079761505127,
