{
    "image_path": "images/046.jpg",
    "mask_path": "masks/046.jpg",
    "mask_features": {
        "mask_area_ratio": 0.282265625,
        "mask_bbox": {
            "x_min": 55,
            "y_min": 11,
            "x_max": 219,
            "y_max": 252
        },
        "mask_location": "center",
        "mask_fragments": 1
    },
    "image_features": {
        "resolution": {
            "width": 240,
            "height": 320,
            "aspect_ratio": 0.75
        },
        "faces_detected": 0,
        "texture": {
            "laplacian_variance": 752.5944493103027,
            "edge_density": 0.07569010416666666
        },
        "colors": {
            "brightness_mean": 104.03783854166667,
            "saturation_mean": 107.81411458333334,
            "dominant_colors": [
                [
                    189,
                    155,
                    136
                ],
                [
                    153,
                    103,
                    75
                ],
                [
                    61,
                    44,
                    33
                ]
            ]
        },
        "text_present": false,
        "clip_embedding": [
            0.34566164016723633,
            0.048229847103357315,
            0.32596009969711304,
            0.37097135186195374,
            0.12125680595636368,
            -0.16715508699417114,
            0.21831084787845612,
            -0.27412429451942444,
            0.48226451873779297,
            0.18607929348945618,
            -0.03045092150568962,
            -0.12988163530826569,
            0.44917985796928406,
            0.07922286540269852,
            -0.31568557024002075,
            0.2334970235824585,
            1.0708976984024048,
            0.16561588644981384,
            0.2675221264362335,
            -0.19019757211208344,
            -0.17444920539855957,
            -0.2968325614929199,
            0.06673113256692886,
            -0.11667190492153168,
            0.04227044805884361,
            0.4135628342628479,
            0.05158286541700363,
            0.13507908582687378,
            0.23045183718204498,
            -0.10264923423528671,
            -0.0004981993697583675,
            0.07782254368066788,
            -0.40496471524238586,
            0.06606481224298477,
            0.2582683861255646,
            0.1663585752248764,
            -0.3156203329563141,
            0.23408707976341248,
            -0.346084862947464,
            1.0909755229949951,
            -0.05409078672528267,
            0.027860481292009354,
            0.06266937404870987,
            0.45401012897491455,
            0.27629613876342773,
            -2.8694465160369873,
            0.03889590874314308,
            0.41392308473587036,
            -0.5520627498626709,
            0.14017228782176971,
            0.12731654942035675,
            -0.7351160049438477,
            0.08548873662948608,
            0.12050766497850418,
            0.14206944406032562,
            -0.2951814830303192,
            -0.9950295686721802,
            0.13696888089179993,
            -0.4821656346321106,
            -0.032460153102874756,
            0.4970899522304535,
            0.1786804348230362,
            0.2102569043636322,
            -0.3345741331577301,
            0.0727427527308464,
            -0.2028122991323471,
            0.5843440294265747,
            0.5081526041030884,
            -0.2192917764186859,
            -0.42070892453193665,
            -0.21202540397644043,
            -0.046179600059986115,
            -0.02104375511407852,
            -0.3647859990596771,
            -0.22439958155155182,
            -0.34418582916259766,
            -0.3837816119194031,
            -0.36921003460884094,
            -0.6674649119377136,
            -0.12185447663068771,
            -0.24652954936027527,
            -0.13640719652175903,
            -0.041599951684474945,
            -0.08731752634048462,
            0.07692918181419373,
            0.2622835338115692,
            -0.543802797794342,
            -0.1613902896642685,
            -0.4459289014339447,
            -0.4248286485671997,
            -0.09603380411863327,
            -0.37634333968162537,
            -5.569295883178711,
            -0.054797008633613586,
            -0.4250558614730835,
            -0.015679439529776573,
            -0.0360163114964962,
            -0.14968474209308624,
            0.17247207462787628,
            -1.1921764612197876,
            0.051409762352705,
            0.10341547429561615,
            -0.48359212279319763,
            -0.14568965137004852,
            0.8056756258010864,
            0.516212522983551,
            0.1295124590396881,
            0.07408951967954636,
            -0.2981550693511963,
            0.060496170073747635,
            0.12319447845220566,
            -0.8184949159622192,
            -0.23675128817558289,
            0.22197198867797852,
            0.24841764569282532,
            -0.21500137448310852,
            -0.07921571284532547,
            0.14015766978263855,
            0.004592102952301502,
            0.13109749555587769,
            0.13160718977451324,
            -0.250530868768692,
            -0.10776759684085846,
            -0.3037172853946686,
            -0.0488223172724247,
            -0.1366754174232483,
            -0.12352548539638519,
            0.174015074968338,
            0.23597192764282227,
            -0.07816334813833237,
            0.24410511553287506,
            -0.026644976809620857,
            -0.11740589141845703,
            0.7567565441131592,
            0.22826574742794037,
            0.1323983073234558,
            0.3503180742263794,
            0.45419520139694214,
            -0.007660127244889736,
            -0.1446794718503952,
            0.21601083874702454,
            -0.23047766089439392,
            0.21807162463665009,
            -0.1650715172290802,
            0.25581812858581543,
            0.4675677418708801,
            -0.018707577139139175,
            0.05856570973992348,
            -0.2529553771018982,
            0.37158066034317017,
            0.6077603101730347,
            0.24303725361824036,
            -0.022788304835557938,
            0.5008581876754761,
            0.3527492880821228,
            -0.17431782186031342,
            0.13004674017429352,
            0.2001670002937317,
            -0.5926162004470825,
            -0.17608225345611572,
            -0.09833341836929321,
            -0.11015165597200394,
            0.18512654304504395,
            0.24814467132091522,
            0.5210939049720764,
            -0.004354046192020178,
            0.2839013338088989,
            0.1376170665025711,
            0.016281206160783768,
            0.13144560158252716,
            0.3213849365711212,
            0.31567487120628357,
            -0.11220714449882507,
            0.12130840867757797,
            -0.04371945187449455,
            -0.11173395812511444,
            1.4823734760284424,
            0.10916317999362946,
            -0.2891238033771515,
            0.7557477355003357,
            0.4014953672885895,
            -0.2458980232477188,
            0.36336520314216614,
            -0.16778643429279327,
            -0.20572322607040405,
            0.08944743126630783,
            0.21431680023670197,
            -0.46290460228919983,
            -0.02855180762708187,
            0.46274489164352417,
            0.07567659020423889,
            -0.06642552465200424,
            0.07480858266353607,
            -0.5028685331344604,
            0.03926950320601463,
            0.09600841999053955,
            0.049161285161972046,
            -0.3834937810897827,
            0.3259434998035431,
            -0.4655948877334595,
            -0.1787339299917221,
            -0.553155779838562,
            0.45027410984039307,
            0.14429977536201477,
