{
    "image_path": "images/047.jpg",
    "mask_path": "masks/047.jpg",
    "mask_features": {
        "mask_area_ratio": 0.0523046875,
        "mask_bbox": {
            "x_min": 83,
            "y_min": 104,
            "x_max": 165,
            "y_max": 180
        },
        "mask_location": "center",
        "mask_fragments": 1
    },
    "image_features": {
        "resolution": {
            "width": 320,
            "height": 240,
            "aspect_ratio": 1.333
        },
        "faces_detected": 0,
        "texture": {
            "laplacian_variance": 509.00288563622365,
            "edge_density": 0.0391015625
        },
        "colors": {
            "brightness_mean": 136.6503515625,
            "saturation_mean": 92.7540625,
            "dominant_colors": [
                [
                    215,
                    185,
                    137
                ],
                [
                    134,
                    128,
                    107
                ],
                [
                    97,
                    87,
                    57
                ]
            ]
        },
        "text_present": false,
        "clip_embedding": [
            -0.29068392515182495,
            0.0591888390481472,
            0.08574926108121872,
            0.4546720087528229,
            -0.11485050618648529,
            -0.1538465917110443,
            0.15609489381313324,
            -0.8137402534484863,
            0.36171916127204895,
            0.5842974781990051,
            -0.0546509213745594,
            -0.5496596693992615,
            0.07259928435087204,
            0.33601096272468567,
            -0.10445502400398254,
            0.012567308731377125,
            0.5866354703903198,
            0.07815328985452652,
            0.26991623640060425,
            0.07412350177764893,
            -0.22670648992061615,
            -0.1686130166053772,
            0.08984175324440002,
            0.1051047146320343,
            0.14603577554225922,
            0.2141202837228775,
            0.09671458601951599,
            0.47783035039901733,
            0.12331938743591309,
            0.1797664910554886,
            -0.12922929227352142,
            0.02677006646990776,
            0.013561048544943333,
            0.5175256133079529,
            0.19749759137630463,
            0.0681336522102356,
            -0.2814231812953949,
            0.08396860957145691,
            -0.13748568296432495,
            1.134833812713623,
            -0.026116101071238518,
            0.037512730807065964,
            -0.15733252465724945,
            0.796824038028717,
            0.45394259691238403,
            -1.255631685256958,
            0.17255254089832306,
            0.5686986446380615,
            -0.49503374099731445,
            0.10546111315488815,
            -0.25956082344055176,
            -0.5190271139144897,
            -0.05833984911441803,
            -0.14981584250926971,
            -0.41960328817367554,
            0.20744621753692627,
            -0.2388327419757843,
            -0.047226548194885254,
            0.13456454873085022,
            0.10298622399568558,
            -0.20014452934265137,
            -0.14556290209293365,
            0.03733821213245392,
            -0.3535938560962677,
            0.3732457458972931,
            0.019923171028494835,
            0.4116195738315582,
            0.8343490362167358,
            0.09151988476514816,
            -0.2246575951576233,
            -0.1958506554365158,
            0.3144926130771637,
            0.19646292924880981,
            -0.21003103256225586,
            -0.21793755888938904,
            -0.4417612552642822,
            0.16579434275627136,
            -0.1294521689414978,
            -0.20998336374759674,
            0.04645669460296631,
            -0.21848900616168976,
            -0.39881473779678345,
            -0.039504777640104294,
            0.2549338638782501,
            0.1804439276456833,
            0.2133893072605133,
            -0.44726255536079407,
            0.43651703000068665,
            -0.09514717757701874,
            -0.05349043756723404,
            -0.033059533685445786,
            -0.20323945581912994,
            -4.938681125640869,
            -0.2077307254076004,
            -0.03544139117002487,
            -0.39226317405700684,
            -0.08795370161533356,
            0.08479301631450653,
            0.5034087300300598,
            -1.4786118268966675,
            -0.010900815017521381,
            -0.250411719083786,
            -0.3617027699947357,
            -0.15522977709770203,
            0.571105420589447,
            0.12046875059604645,
            0.22639454901218414,
            -0.20197553932666779,
            0.07153625786304474,
            0.1187974363565445,
            0.32439056038856506,
            -1.1254856586456299,
            -0.5567983388900757,
            0.09908491373062134,
            0.03206108510494232,
            -0.5773268938064575,
            -0.6106377243995667,
            0.23691020905971527,
            0.006806815508753061,
            0.22861970961093903,
            0.07988860458135605,
            0.05730167403817177,
            0.3610401153564453,
            -0.3327234387397766,
            -0.06628727167844772,
            0.10307475924491882,
            -0.21657772362232208,
            0.1767873913049698,
            0.15489861369132996,
            -0.16320562362670898,
            0.48593589663505554,
            -0.03285885229706764,
            0.11747509241104126,
            0.7611520886421204,
            -0.17511558532714844,
            -0.08590634912252426,
            0.3358111083507538,
            0.44511887431144714,
            0.11210829764604568,
            0.3373803496360779,
            -0.14587624371051788,
            -0.6705626249313354,
            -0.1425861269235611,
            -0.18507373332977295,
            0.2023375779390335,
            0.4367104172706604,
            -0.08248172700405121,
            0.09364573657512665,
            -0.12110171467065811,
            0.14267416298389435,
            0.21998131275177002,
            -0.06259027868509293,
            0.21574147045612335,
            0.15908688306808472,
            0.11216944456100464,
            -0.29396867752075195,
            -0.35608503222465515,
            0.4383758306503296,
            -0.5007385611534119,
            -0.32751408219337463,
            -0.3253438174724579,
            -0.6808276772499084,
            -0.05512930080294609,
            -0.03626123070716858,
            0.7683539986610413,
            -0.10960444808006287,
            0.6022899150848389,
            -0.1171315386891365,
            0.15370896458625793,
            0.3747558891773224,
            0.37174779176712036,
            0.15495161712169647,
            -0.1037495881319046,
            -0.06700319796800613,
            -0.16668008267879486,
            -0.020169589668512344,
            0.25557491183280945,
            0.24475814402103424,
            -0.28298211097717285,
            0.19735172390937805,
            -0.3211992681026459,
            0.042599212378263474,
            0.2541663944721222,
            0.2804716229438782,
            0.021083198487758636,
            0.42277228832244873,
            -0.20028027892112732,
            -0.16103529930114746,
            0.5292983651161194,
            -0.11069245636463165,
            0.028546158224344254,
            -0.25108471512794495,
            -0.08784478157758713,
            -0.1616562157869339,
            0.05191837623715401,
            -0.13971048593521118,
            0.27452561259269714,
            -0.4195860028266907,
            0.4605350196361542,
            -0.36658361554145813,
            0.23547466099262238,
            -0.4597399830818176,
            0.2014964073896408,
            -0.039328861981630325,
            -0.2928679883480072,
