{
    "image_path": "images/048.jpg",
    "mask_path": "masks/048.jpg",
    "mask_features": {
        "mask_area_ratio": 0.2949766355140187,
        "mask_bbox": {
            "x_min": 19,
            "y_min": 65,
            "x_max": 149,
            "y_max": 319
        },
        "mask_location": "center",
        "mask_fragments": 1
    },
    "image_features": {
        "resolution": {
            "width": 214,
            "height": 320,
            "aspect_ratio": 0.669
        },
        "faces_detected": 0,
        "texture": {
            "laplacian_variance": 421.138372448433,
            "edge_density": 0.03662383177570094
        },
        "colors": {
            "brightness_mean": 87.66882301401868,
            "saturation_mean": 88.18885806074766,
            "dominant_colors": [
                [
                    57,
                    51,
                    39
                ],
                [
                    113,
                    169,
                    214
                ],
                [
                    116,
                    109,
                    96
                ]
            ]
        },
        "text_present": false,
        "clip_embedding": [
            0.24687671661376953,
            -0.08282401412725449,
            -0.01359620038419962,
            0.3587784767150879,
            0.5885117053985596,
            0.27333223819732666,
            0.16955555975437164,
            0.052993834018707275,
            0.338642418384552,
            0.07392144203186035,
            0.0559866726398468,
            -0.12428148090839386,
            0.3371315896511078,
            -0.01420374121516943,
            0.15376123785972595,
            0.061580855399370193,
            0.38091379404067993,
            0.13433316349983215,
            0.6671295762062073,
            0.08431784808635712,
            -0.6268724799156189,
            -0.14451991021633148,
            0.3074265122413635,
            0.41146528720855713,
            -0.6118687391281128,
            0.31991666555404663,
            0.01826433278620243,
            0.3700251281261444,
            0.09326638281345367,
            0.1628730595111847,
            -0.01156708225607872,
            0.09739828109741211,
            0.01694300025701523,
            0.48908787965774536,
            -0.26707735657691956,
            -0.11285144835710526,
            -0.319243848323822,
            -0.08804980665445328,
            -0.17932099103927612,
            0.5950669050216675,
            -0.11403705179691315,
            -0.21850331127643585,
            0.316322386264801,
            0.3072008788585663,
            0.2113722413778305,
            -2.1483561992645264,
            -0.2921939194202423,
            0.41703036427497864,
            -0.5423345565795898,
            0.3080054223537445,
            -0.3511977195739746,
            -0.03215630352497101,
            -0.17701983451843262,
            0.14068086445331573,
            0.0024714278988540173,
            0.21323661506175995,
            -0.38950374722480774,
            0.23339490592479706,
            -0.4961259067058563,
            -0.06329520046710968,
            0.19476120173931122,
            0.045425716787576675,
            0.16626538336277008,
            -0.46314069628715515,
            0.10958456248044968,
            -0.5074648261070251,
            -0.031775426119565964,
            1.0565128326416016,
            0.21385949850082397,
            0.3570161759853363,
            -0.24345724284648895,
            0.16798079013824463,
            0.0032905181869864464,
            0.35634681582450867,
            -0.1449582576751709,
            -0.4121930003166199,
            -0.48241668939590454,
            -0.37310513854026794,
            -0.5017939209938049,
            -0.1783284991979599,
            0.3952477276325226,
            -0.2611139118671417,
            0.4763564467430115,
            -0.22244876623153687,
            0.48517554998397827,
            0.2177349328994751,
            -0.4920577108860016,
            -0.13320590555667877,
            -0.37549659609794617,
            -0.5065299272537231,
            -0.10059197247028351,
            -0.3892894387245178,
            -6.604711532592773,
            -0.5423772931098938,
            -0.07820706814527512,
            0.1326463222503662,
            -0.23453155159950256,
            0.1889844834804535,
            -0.36139264702796936,
            -1.4540648460388184,
            0.13314642012119293,
            -0.06404480338096619,
            0.055389780551195145,
            0.16519378125667572,
            0.7661336064338684,
            0.2801342010498047,
            -0.7420545816421509,
            -0.034652821719646454,
            -0.20540601015090942,
            0.24255535006523132,
            -0.00391929317265749,
            -0.47485896944999695,
            0.0775812566280365,
            -0.00300027197226882,
            -0.06371831148862839,
            -0.01634986698627472,
            -0.3657001852989197,
            -0.4783729612827301,
            -0.11423537135124207,
            -0.24577270448207855,
            0.07258708775043488,
            -0.43526238203048706,
            0.024744926020503044,
            -0.5194103121757507,
            0.2376956045627594,
            -0.02627531625330448,
            0.12458166480064392,
            0.090389683842659,
            0.3484112620353699,
            0.49387863278388977,
            0.5015817284584045,
            -0.22544963657855988,
            -0.1384485960006714,
            0.8306053876876831,
            0.3354863226413727,
            0.2808164954185486,
            -0.13435468077659607,
            0.6002146601676941,
            0.14433443546295166,
            -0.06245950236916542,
            0.2113596349954605,
            0.22476452589035034,
            0.4292282164096832,
            0.3492126166820526,
            0.29883426427841187,
            0.2329566478729248,
            0.0655861496925354,
            0.32427486777305603,
            -0.650497317314148,
            0.13280512392520905,
            0.7274200916290283,
            0.012449899688363075,
            0.1891794204711914,
            -0.09626298397779465,
            -0.1027594730257988,
            -0.0360315702855587,
            -0.20077373087406158,
            0.20518650114536285,
            -0.3378213346004486,
            -0.1998167186975479,
            -0.26377543807029724,
            -0.0007213503704406321,
            0.5816605091094971,
            0.1798548847436905,
            0.5303213000297546,
            0.3226996660232544,
            0.5649397969245911,
            0.3970816135406494,
            0.1905224770307541,
            0.35420122742652893,
            0.2092723250389099,
            0.46035605669021606,
            0.07196974754333496,
            0.030596792697906494,
            -0.49837273359298706,
            -0.07167479395866394,
            0.5711250305175781,
            0.13341160118579865,
            -0.27721625566482544,
            0.21560019254684448,
            0.6488240361213684,
            0.33886095881462097,
            0.1463652402162552,
            -0.029321493580937386,
            -0.01568545773625374,
            -0.2592209279537201,
            0.07670462876558304,
            -0.7434381246566772,
            0.2702639400959015,
            0.3531235158443451,
            -0.08401079475879669,
            0.004867359064519405,
            -0.21845643222332,
            -0.2993808388710022,
            0.07865387946367264,
            -0.2283346801996231,
            0.3499628007411957,
            -0.09265969693660736,
            0.6961789131164551,
            -0.1977582424879074,
            -0.08783378452062607,
            -0.615215003490448,
            -0.055738989263772964,
            -0.009977486915886402,
            0.15880483388900757,
