{
    "image_path": "images/049.jpg",
    "mask_path": "masks/049.jpg",
    "mask_features": {
        "mask_area_ratio": 0.12421875,
        "mask_bbox": {
            "x_min": 17,
            "y_min": 95,
            "x_max": 193,
            "y_max": 218
        },
        "mask_location": "edge_or_corner",
        "mask_fragments": 1
    },
    "image_features": {
        "resolution": {
            "width": 320,
            "height": 240,
            "aspect_ratio": 1.333
        },
        "faces_detected": 1,
        "texture": {
            "laplacian_variance": 1197.2855466037324,
            "edge_density": 0.116015625
        },
        "colors": {
            "brightness_mean": 117.5383984375,
            "saturation_mean": 80.81296875,
            "dominant_colors": [
                [
                    45,
                    49,
                    51
                ],
                [
                    198,
                    180,
                    170
                ],
                [
                    112,
                    132,
                    158
                ]
            ]
        },
        "text_present": false,
        "clip_embedding": [
            0.4481915831565857,
            0.13989105820655823,
            -0.010332785546779633,
            0.16253118216991425,
            -0.11490839719772339,
            -0.025999724864959717,
            0.07499206066131592,
            0.394522488117218,
            -0.0062719713896512985,
            -0.1318943351507187,
            -0.5057719945907593,
            0.14757288992404938,
            0.2340824007987976,
            0.2022026926279068,
            -0.7460836172103882,
            -0.11359323561191559,
            -0.4698062837123871,
            0.34472015500068665,
            -0.17886683344841003,
            -0.2750454545021057,
            0.4430440068244934,
            -0.06926707178354263,
            -0.07526663690805435,
            0.36717820167541504,
            -0.6939821243286133,
            -0.016142209991812706,
            0.26486721634864807,
            -0.042101431638002396,
            -0.24118804931640625,
            0.27139395475387573,
            -0.4921188950538635,
            0.20837992429733276,
            -0.22130200266838074,
            -0.38088732957839966,
            0.740109384059906,
            -0.39275726675987244,
            -0.25837242603302,
            0.04562514275312424,
            0.017699357122182846,
            0.9582936763763428,
            -0.17821627855300903,
            -0.0020686311181634665,
            -0.14009101688861847,
            -0.04482641443610191,
            -0.6045960187911987,
            0.3618588149547577,
            0.13008864223957062,
            -0.15404342114925385,
            -0.2025538831949234,
            -0.027822958305478096,
            0.20822295546531677,
            -0.26900938153266907,
            -0.12907575070858002,
            -0.5782650113105774,
            -0.17681659758090973,
            -0.27295953035354614,
            0.7236264944076538,
            0.14363978803157806,
            -0.21711505949497223,
            0.05627390369772911,
            -0.841958224773407,
            0.2521587908267975,
            -0.0353953018784523,
            -0.19351042807102203,
            0.20947609841823578,
            -0.48021644353866577,
            -0.07169947028160095,
            0.4176589846611023,
            -0.08385578542947769,
            0.37394824624061584,
            0.12249184399843216,
            0.06381237506866455,
            -0.5039043426513672,
            -0.10632424801588058,
            -0.08160606026649475,
            0.11134834587574005,
            -0.20171406865119934,
            -0.30872297286987305,
            -0.13150544464588165,
            -0.1365613043308258,
            0.40307092666625977,
            -0.631597638130188,
            0.22420063614845276,
            0.3603111505508423,
            0.02744477242231369,
            0.2750084102153778,
            0.27983367443084717,
            -0.24341854453086853,
            0.1894523650407791,
            -0.6832104325294495,
            0.23680379986763,
            0.13212843239307404,
            -7.594750881195068,
            0.5705921649932861,
            -0.18611477315425873,
            -0.29981139302253723,
            0.7409923076629639,
            0.14776362478733063,
            0.19165873527526855,
            -0.11276856064796448,
            -0.1444901078939438,
            0.1151914894580841,
            0.22153586149215698,
            -0.21625415980815887,
            1.0791486501693726,
            -0.13574351370334625,
            -0.2987971007823944,
            -0.2859884202480316,
            0.3639354407787323,
            -0.7746148109436035,
            -0.1456444263458252,
            -0.7085806131362915,
            0.4951265752315521,
            0.07345941662788391,
            0.13856083154678345,
            0.22650042176246643,
            -0.19660891592502594,
            -0.16437146067619324,
            0.5392456650733948,
            0.05734706297516823,
            -0.00038954184856265783,
            -0.7932925224304199,
            0.2241421639919281,
            -0.1797531098127365,
            0.45170333981513977,
            0.4746667444705963,
            -0.4004070460796356,
            -0.2462327927350998,
            -0.035634104162454605,
            0.311890184879303,
            0.1464443951845169,
            0.1421690732240677,
            0.28945210576057434,
            1.0133166313171387,
            -0.09359431266784668,
            0.22696250677108765,
            0.10061672329902649,
            -0.31526148319244385,
            0.17245891690254211,
            0.2201976180076599,
            -0.11033182591199875,
            -0.2414148449897766,
            -0.4154515266418457,
            0.27915310859680176,
            0.10430029779672623,
            0.10536976903676987,
            -0.2542506456375122,
            0.32620611786842346,
            -0.034395910799503326,
            -0.2721392512321472,
            0.22402910888195038,
            -0.19081427156925201,
            1.9978045225143433,
            0.06840766221284866,
            -0.2274191975593567,
            0.42437899112701416,
            -0.13148944079875946,
            0.6197471022605896,
            0.39966025948524475,
            -0.5201315879821777,
            -0.5074585676193237,
            0.24603453278541565,
            0.2556595504283905,
            0.5340240001678467,
            0.8663094639778137,
            0.040003929287195206,
            -0.17695783078670502,
            0.13235756754875183,
            0.09353646636009216,
            0.025821886956691742,
            0.10249198973178864,
            -0.13272926211357117,
            0.17894247174263,
            -0.2505472004413605,
            0.24773116409778595,
            -0.1497257649898529,
            0.9463377594947815,
            0.26488354802131653,
            0.37053269147872925,
            -0.2277366667985916,
            0.2748652994632721,
            -0.45650941133499146,
            0.17305277287960052,
            -0.2906094789505005,
            -0.3370530903339386,
            0.014865435659885406,
            0.16898931562900543,
            0.32767432928085327,
            0.3639184534549713,
            0.20772874355316162,
            -0.09669166058301926,
            -0.4476289749145508,
            -0.3296273350715637,
            -0.3107512891292572,
            -0.105686716735363,
            -0.3208157420158386,
            -0.4355093240737915,
            0.061863284558057785,
            0.09622492641210556,
            -0.06065443158149719,
            0.4882906973361969,
            -0.017357956618070602,
            -0.15057151019573212,
            -0.11488267034292221,
            -0.06704332679510117,
