{
    "image_path": "images/050.jpg",
    "mask_path": "masks/050.jpg",
    "mask_features": {
        "mask_area_ratio": 0.0254296875,
        "mask_bbox": {
            "x_min": 59,
            "y_min": 112,
            "x_max": 98,
            "y_max": 175
        },
        "mask_location": "edge_or_corner",
        "mask_fragments": 1
    },
    "image_features": {
        "resolution": {
            "width": 320,
            "height": 240,
            "aspect_ratio": 1.333
        },
        "faces_detected": 0,
        "texture": {
            "laplacian_variance": 1523.9053942828712,
            "edge_density": 0.1753125
        },
        "colors": {
            "brightness_mean": 116.9917578125,
            "saturation_mean": 45.82998697916667,
            "dominant_colors": [
                [
                    176,
                    189,
                    205
                ],
                [
                    45,
                    47,
                    49
                ],
                [
                    117,
                    121,
                    130
                ]
            ]
        },
        "text_present": true,
        "clip_embedding": [
            0.5147681832313538,
            0.04685061052441597,
            0.40391576290130615,
            0.07231775671243668,
            -0.31552761793136597,
            0.02180447243154049,
            0.17722296714782715,
            0.22179418802261353,
            0.22752316296100616,
            -0.46322065591812134,
            -0.05138136446475983,
            0.13964878022670746,
            0.1252628117799759,
            0.44777238368988037,
            -0.34362971782684326,
            0.1341259479522705,
            -0.22125646471977234,
            0.5047285556793213,
            0.11042798310518265,
            -0.09227677434682846,
            0.828477680683136,
            0.27081167697906494,
            0.09036605805158615,
            0.49208900332450867,
            -0.7084059119224548,
            0.6429126858711243,
            0.004077269230037928,
            0.09407889097929001,
            -0.14375218749046326,
            0.03152737766504288,
            -0.5988675951957703,
            -0.122831791639328,
            -0.12057936191558838,
            -0.5025616884231567,
            1.087169885635376,
            -0.10123128443956375,
            -0.08166336268186569,
            0.23851905763149261,
            -0.24641376733779907,
            1.1652013063430786,
            -0.2244497388601303,
            0.2528802454471588,
            -0.2576078772544861,
            0.2687920331954956,
            -0.28188103437423706,
            -0.5523173809051514,
            0.37206974625587463,
            0.23826085031032562,
            0.35474130511283875,
            0.050698257982730865,
            0.15050531923770905,
            0.1336880475282669,
            -0.038393307477235794,
            -0.5785248875617981,
            0.23202785849571228,
            0.30287617444992065,
            0.33797526359558105,
            -0.15473774075508118,
            -0.030943475663661957,
            -0.14699211716651917,
            -0.9540883898735046,
            0.2414776086807251,
            -0.19268515706062317,
            0.3553619980812073,
            -0.06952157616615295,
            -0.17675258219242096,
            0.4220507740974426,
            0.5962688326835632,
            0.12044394016265869,
            0.3666971027851105,
            -0.08670347929000854,
            -0.13057668507099152,
            -0.32570844888687134,
            0.15524627268314362,
            0.08756519109010696,
            0.17040933668613434,
            -0.32349222898483276,
            0.13415496051311493,
            -0.2518343925476074,
            -0.4215550720691681,
            0.5404125452041626,
            -0.34987369179725647,
            0.30346816778182983,
            0.005824859719723463,
            -0.09522861242294312,
            0.5760933756828308,
            0.9218195676803589,
            -0.128050297498703,
            0.16728881001472473,
            -0.49102896451950073,
            -0.18733787536621094,
            -0.43527930974960327,
            -7.147762775421143,
            1.4167641401290894,
            -0.42547911405563354,
            -0.17195530235767365,
            0.06577709317207336,
            -0.09948232024908066,
            0.5201849937438965,
            -0.7352555394172668,
            0.3325638771057129,
            -0.32902154326438904,
            0.11861932277679443,
            -0.05374754220247269,
            0.4906599521636963,
            -0.7404549717903137,
            -2.1670827865600586,
            -0.2952011823654175,
            0.05681705102324486,
            -0.3332268297672272,
            0.05720458924770355,
            -0.8763850927352905,
            -0.19366875290870667,
            0.051871418952941895,
            0.521340012550354,
            -0.02227109670639038,
            -0.05980967730283737,
            -0.12106052786111832,
            0.4112304151058197,
            -0.5054020285606384,
            -0.026554211974143982,
            0.09778018295764923,
            0.2924222946166992,
            -0.08119547367095947,
            0.033546704798936844,
            0.28908291459083557,
            -0.28024208545684814,
            -0.1549208015203476,
            -0.036808449774980545,
            0.19961009919643402,
            -0.29928940534591675,
            0.30546730756759644,
            0.4555993378162384,
            0.9017735719680786,
            0.21321944892406464,
            -0.31667304039001465,
            -0.13805773854255676,
            0.15602537989616394,
            -0.13631826639175415,
            -0.06913592666387558,
            0.17373783886432648,
            -0.2436000555753708,
            -0.420546293258667,
            0.24102529883384705,
            -0.0969615951180458,
            0.4944600462913513,
            -0.03809502348303795,
            0.2569352388381958,
            0.16386261582374573,
            -0.5639615058898926,
            0.17129473388195038,
            -0.5573680400848389,
            2.182288408279419,
            0.11683248728513718,
            0.37115687131881714,
            -0.16430224478244781,
            0.1488676220178604,
            0.06818639487028122,
            0.10611644387245178,
            -0.29007017612457275,
            -0.2722676992416382,
            -0.052951179444789886,
            0.1404663473367691,
            0.20338383316993713,
            0.27030760049819946,
            0.5227252840995789,
            -0.42732682824134827,
            -0.043166231364011765,
            -0.32478293776512146,
            0.19402341544628143,
            0.1330302208662033,
            0.10620366036891937,
            0.006132536102086306,
            -0.21428364515304565,
            -0.44033297896385193,
            -0.06103257089853287,
            0.9988462924957275,
            0.45107463002204895,
            0.5106313824653625,
            0.5021727085113525,
            -0.3419860005378723,
            -0.3372926414012909,
            0.0029262786265462637,
            -0.25968286395072937,
            -0.09170927107334137,
            -0.26594507694244385,
            -0.04491661489009857,
            0.08264767378568649,
            -0.012662798166275024,
            0.25919970870018005,
            0.006073276977986097,
            -0.34802842140197754,
            -0.1710626780986786,
            -0.5727957487106323,
            0.011135336011648178,
            -0.2212725579738617,
            -0.08370650559663773,
            -0.21094244718551636,
            -0.2523157000541687,
            -0.19952502846717834,
            0.11314091831445694,
            0.004950737114995718,
            -0.13542547821998596,
            0.12131662666797638,
