{
    "image_path": "images/051.jpg",
    "mask_path": "masks/051.jpg",
    "mask_features": {
        "mask_area_ratio": 0.0365625,
        "mask_bbox": {
            "x_min": 0,
            "y_min": 171,
            "x_max": 51,
            "y_max": 239
        },
        "mask_location": "edge_or_corner",
        "mask_fragments": 1
    },
    "image_features": {
        "resolution": {
            "width": 320,
            "height": 240,
            "aspect_ratio": 1.333
        },
        "faces_detected": 0,
        "texture": {
            "laplacian_variance": 1751.0657263665091,
            "edge_density": 0.18276041666666668
        },
        "colors": {
            "brightness_mean": 119.826171875,
            "saturation_mean": 47.36278645833333,
            "dominant_colors": [
                [
                    67,
                    57,
                    55
                ],
                [
                    130,
                    121,
                    125
                ],
                [
                    179,
                    179,
                    188
                ]
            ]
        },
        "text_present": false,
        "clip_embedding": [
            0.16159069538116455,
            0.2185012400150299,
            0.44714826345443726,
            0.1776837706565857,
            -0.22466197609901428,
            -0.20837853848934174,
            0.0950528085231781,
            0.3333868682384491,
            0.03397778421640396,
            -0.2412262260913849,
            -0.17300264537334442,
            0.5741165280342102,
            0.28296390175819397,
            0.10454782843589783,
            -0.12581688165664673,
            0.122162826359272,
            -0.41323208808898926,
            0.7480596899986267,
            0.30098721385002136,
            -0.14886192977428436,
            0.7006784081459045,
            -0.17756125330924988,
            -0.20228363573551178,
            0.48107364773750305,
            -0.5919308662414551,
            0.12480573356151581,
            -0.04704718291759491,
            0.07895117998123169,
            -0.25312861800193787,
            0.38990694284439087,
            -0.3776645362377167,
            0.21085765957832336,
            0.1682509034872055,
            -0.08688870072364807,
            0.7069299221038818,
            -0.06753980368375778,
            -0.24289081990718842,
            0.17926886677742004,
            -0.07607061415910721,
            1.064561367034912,
            0.1699209362268448,
            0.18164317309856415,
            -0.44292667508125305,
            -0.09328698366880417,
            -0.485848069190979,
            -0.06938158720731735,
            0.061400022357702255,
            0.2078690528869629,
            0.0010177437216043472,
            0.15160703659057617,
            0.10815726220607758,
            -0.12461002916097641,
            0.21929362416267395,
            -0.26491695642471313,
            0.07147438824176788,
            -0.323018878698349,
            0.17345431447029114,
            -0.0849771648645401,
            0.12690220773220062,
            0.20125919580459595,
            -0.5736666321754456,
            0.2020374834537506,
            0.1935606449842453,
            0.39799121022224426,
            -0.08990398794412613,
            -0.3927704393863678,
            0.20478668808937073,
            0.400736927986145,
            -0.022479383274912834,
            0.0506967268884182,
            -0.1505618840456009,
            0.20796135067939758,
            -0.5244743227958679,
            0.1353365182876587,
            -0.08153954148292542,
            0.08088357746601105,
            -0.6276918649673462,
            0.14010503888130188,
            -0.17297488451004028,
            -0.1570259928703308,
            0.5425088405609131,
            -0.3486101031303406,
            0.37208807468414307,
            -0.08766927570104599,
            -0.19333024322986603,
            0.4874580502510071,
            0.6561975479125977,
            -0.09532398730516434,
            0.05397700145840645,
            -0.5929641723632812,
            -0.05573713779449463,
            -0.19234879314899445,
            -7.208571910858154,
            1.1168277263641357,
            0.015614905394613743,
            -0.30609822273254395,
            -0.1498020440340042,
            -0.15752868354320526,
            0.26661866903305054,
            -0.3431631028652191,
            0.07235510647296906,
            -0.1864580363035202,
            -0.041563309729099274,
            -0.14277510344982147,
            0.3803595304489136,
            -0.04017390310764313,
            -2.468071460723877,
            -0.015908410772681236,
            0.22704486548900604,
            -0.27122071385383606,
            -0.3089325726032257,
            -0.9854316115379333,
            0.005645327270030975,
            0.06357766687870026,
            0.34669721126556396,
            0.1198975220322609,
            -0.44806668162345886,
            -0.03129798546433449,
            0.2704315781593323,
            -0.17764899134635925,
            0.20162561535835266,
            0.08616210520267487,
            0.513848066329956,
            -0.18910746276378632,
            -0.14504210650920868,
            0.13675399124622345,
            -0.2966410517692566,
            -0.15528780221939087,
            -0.22218872606754303,
            -0.016071060672402382,
            0.07749735563993454,
            -0.13263453543186188,
            0.4393102824687958,
            0.9488382339477539,
            -0.1483483463525772,
            -0.20971040427684784,
            -0.21398872137069702,
            -0.12521085143089294,
            0.11199801415205002,
            -0.022638659924268723,
            -0.012449289672076702,
            -0.17534272372722626,
            -0.22682219743728638,
            0.029183872044086456,
            -0.2683004140853882,
            0.47690337896347046,
            -0.060387153178453445,
            0.5367329120635986,
            -0.1594582200050354,
            -0.5910001397132874,
            0.0818905159831047,
            -0.5591044425964355,
            1.866741418838501,
            -0.027780966833233833,
            0.5399433970451355,
            0.07242600619792938,
            0.07796011120080948,
            0.2130306363105774,
            -0.1487363874912262,
            -0.15936018526554108,
            -0.40692904591560364,
            -0.20450463891029358,
            -0.13156956434249878,
            0.3317246735095978,
            0.27040985226631165,
            0.23136821389198303,
            0.5216920375823975,
            0.31840723752975464,
            -0.13058260083198547,
            0.156759113073349,
            0.36943405866622925,
            0.14067676663398743,
            -0.02799074351787567,
            -0.17274625599384308,
            -0.5541743636131287,
            0.1239386796951294,
            0.927987813949585,
            0.47295188903808594,
            0.468835711479187,
            0.1950201392173767,
            -0.5124068260192871,
            -0.22010214626789093,
            -0.19583415985107422,
            -0.15048924088478088,
            -0.20944342017173767,
            -0.3907525837421417,
            0.082475945353508,
            0.3902004063129425,
            -0.27246564626693726,
            0.07001809775829315,
            0.17147690057754517,
            -0.22391653060913086,
            -0.10687925666570663,
            -0.5203545093536377,
            0.38604092597961426,
            -0.27371492981910706,
            -0.23624645173549652,
            -0.020398396998643875,
            -0.039680685847997665,
            -0.3308235704898834,
            -0.04859313741326332,
            0.02903229184448719,
            0.05524211376905441,
            0.07500174641609192,
