{
    "image_path": "images/052.jpg",
    "mask_path": "masks/052.jpg",
    "mask_features": {
        "mask_area_ratio": 0.09397135416666667,
        "mask_bbox": {
            "x_min": 78,
            "y_min": 84,
            "x_max": 227,
            "y_max": 179
        },
        "mask_location": "center",
        "mask_fragments": 2
    },
    "image_features": {
        "resolution": {
            "width": 320,
            "height": 240,
            "aspect_ratio": 1.333
        },
        "faces_detected": 0,
        "texture": {
            "laplacian_variance": 903.8866161497327,
            "edge_density": 0.08873697916666666
        },
        "colors": {
            "brightness_mean": 111.53990885416667,
            "saturation_mean": 61.825924479166666,
            "dominant_colors": [
                [
                    230,
                    211,
                    195
                ],
                [
                    132,
                    133,
                    138
                ],
                [
                    56,
                    53,
                    41
                ]
            ]
        },
        "text_present": false,
        "clip_embedding": [
            -0.17543548345565796,
            0.232162743806839,
            -0.06229580566287041,
            0.15487411618232727,
            0.1232515498995781,
            -0.20595534145832062,
            -0.3787148892879486,
            -0.38801562786102295,
            0.1524258852005005,
            -0.4785059690475464,
            -0.33062559366226196,
            0.2120187133550644,
            -0.1395183503627777,
            0.06286180764436722,
            -0.0797736868262291,
            0.14239133894443512,
            -0.25803613662719727,
            0.21799303591251373,
            -0.42377519607543945,
            -0.37573114037513733,
            0.136480450630188,
            -0.3261440694332123,
            -0.16260012984275818,
            0.3388949930667877,
            -0.5240234136581421,
            0.4936583340167999,
            0.1278599351644516,
            0.07319926470518112,
            -0.17465323209762573,
            0.01123002078384161,
            0.09267866611480713,
            -0.009609164670109749,
            -0.3173457086086273,
            -0.09508224576711655,
            0.34032487869262695,
            0.0001407378731528297,
            -0.34688666462898254,
            0.22325386106967926,
            0.0490112267434597,
            -0.25864267349243164,
            -0.09854947775602341,
            0.010404570028185844,
            -0.3160645067691803,
            0.03517637029290199,
            0.12262154370546341,
            0.392155259847641,
            0.3821379244327545,
            0.13347618281841278,
            -0.3733929395675659,
            0.2797525227069855,
            0.42915475368499756,
            0.5290523171424866,
            -0.038475994020700455,
            -0.14385895431041718,
            -0.009016669355332851,
            -0.12380316853523254,
            0.11161527782678604,
            -0.19141456484794617,
            0.003299312200397253,
            -0.24137648940086365,
            -0.15986797213554382,
            -0.02767091803252697,
            0.500097393989563,
            0.054580483585596085,
            -0.5122038722038269,
            -0.20022821426391602,
            -0.29985806345939636,
            1.5610326528549194,
            -0.0940486341714859,
            -0.19854006171226501,
            0.19827869534492493,
            0.20010091364383698,
            0.11237002164125443,
            0.15603983402252197,
            0.09241650253534317,
            -0.141452819108963,
            -0.6157828569412231,
            -0.3440385162830353,
            0.1740294247865677,
            -0.1258653998374939,
            0.689778745174408,
            -0.13793455064296722,
            -0.35669341683387756,
            0.3016536831855774,
            -0.06389420479536057,
            0.6107057929039001,
            0.6178907752037048,
            -0.41176775097846985,
            -0.41077524423599243,
            -0.12498664855957031,
            0.049199484288692474,
            -0.029422681778669357,
            -6.183434009552002,
            0.6830639243125916,
            -0.13736534118652344,
            -0.07854215800762177,
            0.3115350306034088,
            -0.16071465611457825,
            0.1103789433836937,
            -0.19503314793109894,
            -0.2313646823167801,
            0.04298260435461998,
            0.4595065116882324,
            0.29175543785095215,
            1.0838671922683716,
            -0.27410316467285156,
            -0.3465774655342102,
            -0.14170829951763153,
            -0.16613948345184326,
            -0.22889363765716553,
            -0.15086020529270172,
            -0.5484610795974731,
            0.1366335153579712,
            0.13004790246486664,
            0.05700032785534859,
            0.32465097308158875,
            -0.042507268488407135,
            -0.10641138255596161,
            0.14379456639289856,
            0.09604772925376892,
            0.032960060983896255,
            0.4217853248119354,
            -0.08360347151756287,
            0.03926670178771019,
            0.3386686146259308,
            0.15912888944149017,
            -0.07946337014436722,
            -0.06479966640472412,
            0.09643381834030151,
            0.5915418267250061,
            0.10725348442792892,
            0.46278080344200134,
            -0.14245307445526123,
            0.9015634655952454,
            0.4859059154987335,
            -0.31450870633125305,
            -0.07603640854358673,
            0.16540487110614777,
            0.03499768674373627,
            0.12547318637371063,
            0.04771098494529724,
            -0.13926589488983154,
            -0.4790242612361908,
            0.1334710568189621,
            0.058287590742111206,
            0.5020250082015991,
            0.17097552120685577,
            -0.10418516397476196,
            -0.0909423753619194,
            -0.37252846360206604,
            0.11083295941352844,
            0.08380849659442902,
            1.7766038179397583,
            0.017167380079627037,
            0.1230112686753273,
            0.021511726081371307,
            -0.1794440746307373,
            0.6590908169746399,
            0.16724513471126556,
            -0.3058292269706726,
            -0.49363037943840027,
            0.07608781009912491,
            -0.1328824907541275,
            -0.2860482633113861,
            0.2919291853904724,
            -0.015064043924212456,
            0.120451919734478,
            0.2528533637523651,
            -0.14645858108997345,
            0.6694437265396118,
            -0.0014389539137482643,
            0.4196781516075134,
            0.18534114956855774,
            -0.05603814870119095,
            -0.2698419690132141,
            -0.5063607096672058,
            0.31266868114471436,
            0.163608118891716,
            -0.33291468024253845,
            0.08403280377388,
            0.21284568309783936,
            -0.7118808031082153,
            0.32945340871810913,
            -0.008990051224827766,
            -0.6620365977287292,
            -0.3318355083465576,
            0.3926870822906494,
            0.38320958614349365,
            0.1719237118959427,
            0.16562007367610931,
            -0.44915640354156494,
            -0.4261680245399475,
            -0.23657502233982086,
            -0.12455036491155624,
            -0.062250394374132156,
            -0.017059598118066788,
            -0.5376787185668945,
            -0.01648540236055851,
            -0.5466085076332092,
            0.21278676390647888,
            0.47148585319519043,
            0.12999942898750305,
            0.05569915845990181,
            0.06640579551458359,
