{
    "image_path": "images/053.jpg",
    "mask_path": "masks/053.jpg",
    "mask_features": {
        "mask_area_ratio": 0.03588541666666667,
        "mask_bbox": {
            "x_min": 215,
            "y_min": 120,
            "x_max": 275,
            "y_max": 195
        },
        "mask_location": "edge_or_corner",
        "mask_fragments": 1
    },
    "image_features": {
        "resolution": {
            "width": 320,
            "height": 240,
            "aspect_ratio": 1.333
        },
        "faces_detected": 0,
        "texture": {
            "laplacian_variance": 2117.146723733012,
            "edge_density": 0.15641927083333335
        },
        "colors": {
            "brightness_mean": 115.3333203125,
            "saturation_mean": 51.94717447916667,
            "dominant_colors": [
                [
                    58,
                    52,
                    51
                ],
                [
                    121,
                    122,
                    134
                ],
                [
                    223,
                    200,
                    191
                ]
            ]
        },
        "text_present": false,
        "clip_embedding": [
            -0.23897983133792877,
            0.05319042503833771,
            -0.07458379864692688,
            -0.16810424625873566,
            -0.11524113267660141,
            -0.407508909702301,
            -0.048940449953079224,
            0.2600345313549042,
            -0.003415821585804224,
            -0.04544305056333542,
            0.10198798775672913,
            0.15029318630695343,
            -0.052207086235284805,
            0.07319480180740356,
            -0.2881503105163574,
            0.319739431142807,
            0.8387537598609924,
            0.4813125431537628,
            0.27889955043792725,
            0.08123160153627396,
            0.678024411201477,
            0.09198295325040817,
            0.25746896862983704,
            0.6616771817207336,
            -0.42651939392089844,
            0.15197661519050598,
            0.05985531583428383,
            -0.2299908548593521,
            -0.2195769101381302,
            0.33846500515937805,
            -0.2677620053291321,
            -0.013881448656320572,
            0.15120474994182587,
            0.31485867500305176,
            0.5816441178321838,
            0.1238887757062912,
            -0.1292724609375,
            0.04857686161994934,
            -0.2626093029975891,
            0.28352224826812744,
            0.25950032472610474,
            0.1982509344816208,
            -0.4483781158924103,
            0.48383525013923645,
            -0.38845202326774597,
            -0.3055296540260315,
            0.410094290971756,
            0.3611237108707428,
            -0.15049530565738678,
            -0.3228403925895691,
            0.3470420241355896,
            -0.5065544247627258,
            0.08492901176214218,
            -0.10743411630392075,
            0.1029704138636589,
            -0.029356271028518677,
            0.4153531789779663,
            0.1821361631155014,
            -0.04141179844737053,
            0.2611880898475647,
            -0.1793755292892456,
            0.11736106127500534,
            0.12276766449213028,
            -0.0036427511367946863,
            -0.19952994585037231,
            -0.14811599254608154,
            0.3895939886569977,
            0.6924596428871155,
            0.007194066885858774,
            0.13464581966400146,
            -0.18933318555355072,
            0.11979784071445465,
            -0.2674156427383423,
            -0.21010799705982208,
            0.20999878644943237,
            -0.26661694049835205,
            -0.7636106014251709,
            -0.1765385866165161,
            0.1956549882888794,
            0.06324037164449692,
            0.39837706089019775,
            -0.5354230403900146,
            0.215211421251297,
            -0.16926425695419312,
            0.08662121742963791,
            0.5607227683067322,
            0.008473648689687252,
            -0.22169028222560883,
            0.252577543258667,
            -0.3875901997089386,
            -0.08330366760492325,
            -0.11157722026109695,
            -6.228330612182617,
            0.9654792547225952,
            -0.21249860525131226,
            -0.2862817347049713,
            -0.0019260175758972764,
            -0.6309935450553894,
            0.5307530164718628,
            -0.5281912088394165,
            -0.08015649765729904,
            -0.3072029650211334,
            0.23329123854637146,
            -0.27930596470832825,
            0.20364752411842346,
            -0.33388906717300415,
            -1.607443928718567,
            0.09282004833221436,
            0.1800891011953354,
            -0.3222576379776001,
            -0.09155716001987457,
            -0.8948829770088196,
            -0.016164153814315796,
            0.38373932242393494,
            0.33292341232299805,
            0.1992407739162445,
            -0.06581975519657135,
            -0.2207159399986267,
            0.22371187806129456,
            -0.4909206032752991,
            0.38827043771743774,
            -0.3437255620956421,
            0.2994231581687927,
            0.08315742760896683,
            -0.023685598745942116,
            0.23505228757858276,
            -0.0870140865445137,
            -0.03131852298974991,
            0.04546479135751724,
            -0.19362753629684448,
            0.173670694231987,
            -0.08616673201322556,
            0.22981268167495728,
            0.8674298524856567,
            -0.4545309543609619,
            0.17421913146972656,
            -0.28431859612464905,
            0.023424779996275902,
            0.16496694087982178,
            -0.05160445719957352,
            0.18592368066310883,
            -0.21149438619613647,
            0.28906285762786865,
            0.06448758393526077,
            -0.3477548062801361,
            0.5745442509651184,
            -0.050369393080472946,
            0.4155922830104828,
            0.21177934110164642,
            -0.3828261196613312,
            0.1890600174665451,
            -0.5632571578025818,
            0.7515565156936646,
            0.025533752515912056,
            0.2355969250202179,
            -0.026057327166199684,
            -0.4399019479751587,
            -0.1909157782793045,
            0.07872936874628067,
            -0.4225755035877228,
            -0.20158348977565765,
            -0.2901472747325897,
            0.18708091974258423,
            0.09072794020175934,
            0.5480039119720459,
            0.12162510305643082,
            0.902429461479187,
            0.2954368591308594,
            -0.03424518182873726,
            0.07238820195198059,
            0.16820688545703888,
            0.1522887796163559,
            -0.08563181012868881,
            0.18179239332675934,
            -0.37819892168045044,
            0.1849772185087204,
            0.9105958938598633,
            0.1542946994304657,
            1.3447589874267578,
            0.1513984203338623,
            -0.3934409022331238,
            -0.16049568355083466,
            -0.08141200989484787,
            0.11432915180921555,
            -0.255161851644516,
            -0.37947168946266174,
            -0.24414567649364471,
            0.3539692461490631,
            -0.15272535383701324,
            -0.16268040239810944,
            0.2239014059305191,
            -0.37137624621391296,
            -0.10500844568014145,
            -0.3461211025714874,
            0.06752505153417587,
            -0.39614740014076233,
            -0.161965012550354,
            0.10260715335607529,
            0.31657543778419495,
            -0.11009889841079712,
            -0.1480533480644226,
            -0.02478545717895031,
            -0.12679605185985565,
            0.09074787050485611,
