{
    "image_path": "images/054.jpg",
    "mask_path": "masks/054.jpg",
    "mask_features": {
        "mask_area_ratio": 0.06264322916666666,
        "mask_bbox": {
            "x_min": 124,
            "y_min": 94,
            "x_max": 186,
            "y_max": 221
        },
        "mask_location": "center",
        "mask_fragments": 1
    },
    "image_features": {
        "resolution": {
            "width": 320,
            "height": 240,
            "aspect_ratio": 1.333
        },
        "faces_detected": 0,
        "texture": {
            "laplacian_variance": 1853.9523103961524,
            "edge_density": 0.21010416666666668
        },
        "colors": {
            "brightness_mean": 116.94326822916666,
            "saturation_mean": 59.41061197916667,
            "dominant_colors": [
                [
                    50,
                    60,
                    49
                ],
                [
                    111,
                    118,
                    111
                ],
                [
                    176,
                    184,
                    188
                ]
            ]
        },
        "text_present": false,
        "clip_embedding": [
            0.541465699672699,
            -0.20557332038879395,
            0.027510279789566994,
            -0.26752176880836487,
            -0.006329369265586138,
            -0.05091799050569534,
            0.1456080973148346,
            0.32280218601226807,
            0.21497026085853577,
            -0.18183499574661255,
            -0.3089432716369629,
            0.16342146694660187,
            -0.01876269094645977,
            0.15044423937797546,
            -0.8737262487411499,
            -0.029607340693473816,
            -0.17722223699092865,
            0.37805238366127014,
            0.04924469813704491,
            -0.3732081353664398,
            0.2169831395149231,
            0.01628202572464943,
            0.07041122764348984,
            0.24745751917362213,
            -0.8092130422592163,
            0.3804505169391632,
            0.4382944703102112,
            0.05939677357673645,
            -0.33076125383377075,
            -0.19271358847618103,
            -0.8086720705032349,
            -0.1301812082529068,
            -0.05321776494383812,
            -0.3092595338821411,
            0.8831530809402466,
            0.10717763751745224,
            -0.2836097776889801,
            0.33107790350914,
            -0.22066187858581543,
            0.7612003684043884,
            -0.03286578133702278,
            -0.06940965354442596,
            -0.014557073824107647,
            0.285557359457016,
            -0.14302155375480652,
            0.047839175909757614,
            0.03521640598773956,
            0.40148842334747314,
            -0.11921112984418869,
            0.0613047331571579,
            0.13562814891338348,
            -0.41020897030830383,
            -0.08839260041713715,
            -0.5853646397590637,
            0.01883085072040558,
            -0.020927054807543755,
            0.15027892589569092,
            0.2669239342212677,
            -0.25000447034835815,
            0.13696762919425964,
            -1.583533525466919,
            0.3347335159778595,
            -0.17651844024658203,
            -0.24587000906467438,
            0.3208293318748474,
            -0.29157090187072754,
            0.14393900334835052,
            1.244640588760376,
            0.21155911684036255,
            0.2736847996711731,
            -0.0801439881324768,
            0.4496229290962219,
            -0.12710249423980713,
            -0.3242664039134979,
            -0.028339950367808342,
            0.06932947784662247,
            -0.38277071714401245,
            0.0074625383131206036,
            -0.38330283761024475,
            -0.1872846782207489,
            0.16707414388656616,
            -0.10311810672283173,
            0.08918289840221405,
            -0.19472084939479828,
            0.12830425798892975,
            0.3621445894241333,
            0.10215393453836441,
            -0.017010876908898354,
            0.029800547286868095,
            -0.532846987247467,
            0.12440728396177292,
            -0.27112650871276855,
            -7.205552101135254,
            1.0768895149230957,
            0.12006360292434692,
            -0.24806411564350128,
            0.7078683376312256,
            0.1600034385919571,
            0.3543551564216614,
            -1.1835724115371704,
            -0.03311369568109512,
            0.00914283748716116,
            -0.13716302812099457,
            -0.3515464663505554,
            0.806402862071991,
            -0.14910279214382172,
            -1.0501796007156372,
            -0.5107716917991638,
            -0.28372249007225037,
            -0.570205807685852,
            0.17771774530410767,
            -0.8729687929153442,
            0.15930381417274475,
            0.1638668179512024,
            0.4015297591686249,
            0.2453017234802246,
            -0.25817200541496277,
            0.0811629369854927,
            0.1922180950641632,
            -0.02304416336119175,
            -0.2523000240325928,
            -0.13916385173797607,
            0.4030055105686188,
            0.052205655723810196,
            0.1918000727891922,
            0.4650087356567383,
            -0.406636506319046,
            -0.15316739678382874,
            0.09255845099687576,
            0.409462034702301,
            -0.05559200793504715,
            0.4580903649330139,
            0.22773192822933197,
            0.9610179662704468,
            -0.3518020510673523,
            0.21672309935092926,
            0.10034474730491638,
            0.045968953520059586,
            0.08430908620357513,
            -0.07488717138767242,
            0.017359336838126183,
            -0.24590793251991272,
            -0.17978881299495697,
            0.2777711749076843,
            0.18801997601985931,
            0.03788641095161438,
            0.022755198180675507,
            0.3510357737541199,
            -0.13350775837898254,
            0.04515959322452545,
            0.08858031779527664,
            -0.35899588465690613,
            1.801323652267456,
            -0.46674275398254395,
            0.21891741454601288,
            -0.12359382957220078,
            0.0008325406233780086,
            0.36760246753692627,
            0.38992059230804443,
            0.055416040122509,
            -0.14475832879543304,
            0.5490286350250244,
            0.26357778906822205,
            0.13539937138557434,
            0.24947652220726013,
            -0.06567896902561188,
            -0.09169109165668488,
            0.16561421751976013,
            0.11026640981435776,
            -0.02301507256925106,
            -0.07614186406135559,
            0.08029693365097046,
            -0.042570389807224274,
            -0.17147333920001984,
            0.008918307721614838,
            0.035560447722673416,
            1.3784997463226318,
            0.3088918626308441,
            0.4154404401779175,
            0.3184041976928711,
            -0.03466302901506424,
            -0.15198543667793274,
            0.06978359818458557,
            0.07573533058166504,
            -0.22211606800556183,
            -0.019814085215330124,
            0.01505513396114111,
            -0.146197110414505,
            0.11124778538942337,
            0.33780527114868164,
            -0.0365513414144516,
            -0.18245995044708252,
            -0.22275830805301666,
            -0.2295123189687729,
            0.267137348651886,
            -0.11756601184606552,
            0.2647465169429779,
            -0.18861286342144012,
            -0.13645942509174347,
            -0.07091358304023743,
            0.30759382247924805,
            -0.05372278764843941,
            0.008639066480100155,
            0.3242049813270569,
