{
    "image_path": "images/055.jpg",
    "mask_path": "masks/055.jpg",
    "mask_features": {
        "mask_area_ratio": 0.04533854166666667,
        "mask_bbox": {
            "x_min": 148,
            "y_min": 102,
            "x_max": 228,
            "y_max": 188
        },
        "mask_location": "center",
        "mask_fragments": 1
    },
    "image_features": {
        "resolution": {
            "width": 320,
            "height": 240,
            "aspect_ratio": 1.333
        },
        "faces_detected": 0,
        "texture": {
            "laplacian_variance": 670.3334197250366,
            "edge_density": 0.08096354166666667
        },
        "colors": {
            "brightness_mean": 118.6890625,
            "saturation_mean": 48.21108072916667,
            "dominant_colors": [
                [
                    101,
                    109,
                    122
                ],
                [
                    155,
                    168,
                    184
                ],
                [
                    42,
                    44,
                    43
                ]
            ]
        },
        "text_present": false,
        "clip_embedding": [
            0.44829699397087097,
            0.2577100992202759,
            0.3162240982055664,
            -0.012630741111934185,
            -0.06855325400829315,
            -0.24516120553016663,
            -0.37314319610595703,
            -0.9239194393157959,
            0.00672302907332778,
            -0.160139799118042,
            -0.030759990215301514,
            0.09530721604824066,
            -0.22052045166492462,
            0.35685792565345764,
            0.22328847646713257,
            -0.0026266626082360744,
            0.3273993134498596,
            -0.0661754459142685,
            -0.4550846517086029,
            -0.09000684320926666,
            0.3648229241371155,
            -0.2649858295917511,
            -0.20571234822273254,
            0.45467284321784973,
            -0.4630839228630066,
            0.44034430384635925,
            0.6494611501693726,
            0.0849885568022728,
            -0.04260800778865814,
            -0.31195762753486633,
            -0.27925652265548706,
            0.2639414370059967,
            -0.34564828872680664,
            0.1457091122865677,
            0.9962095022201538,
            -0.055576469749212265,
            -0.15722805261611938,
            0.235870361328125,
            -0.13564686477184296,
            0.9340658187866211,
            0.4677095413208008,
            0.3591800332069397,
            -0.17873544991016388,
            0.06757857650518417,
            -0.29794055223464966,
            -0.9977015852928162,
            0.7052808403968811,
            -0.011885580606758595,
            -0.15112969279289246,
            0.427227258682251,
            -0.009893080219626427,
            0.05568065121769905,
            -0.038860589265823364,
            -0.8574089407920837,
            -0.3695588707923889,
            0.04469246044754982,
            -0.1829872876405716,
            -0.015070050954818726,
            0.15686853229999542,
            -0.023971369490027428,
            -0.5028079152107239,
            -0.2117990255355835,
            -0.15461425483226776,
            -0.020564405247569084,
            -0.10628002882003784,
            -0.42905518412590027,
            -0.16781958937644958,
            0.9708073139190674,
            -0.06034604832530022,
            0.14893314242362976,
            0.026320522651076317,
            0.0771104246377945,
            0.1434781402349472,
            -0.11863870918750763,
            -0.17612694203853607,
            -0.33535337448120117,
            -0.2724704146385193,
            -0.326762855052948,
            -0.3021322786808014,
            -0.24183312058448792,
            0.10643453896045685,
            -0.21199220418930054,
            0.26229432225227356,
            -0.6717209219932556,
            0.03937461972236633,
            0.2374199777841568,
            0.2191127985715866,
            -0.3205186426639557,
            -0.19241586327552795,
            -0.346204549074173,
            -0.07786715775728226,
            -0.1736724078655243,
            -5.9875898361206055,
            1.13410222530365,
            -0.45953935384750366,
            -0.08923385292291641,
            0.2905482351779938,
            -0.2506055235862732,
            -0.23906265199184418,
            -0.08562317490577698,
            0.1996537744998932,
            -0.47276684641838074,
            -0.29248955845832825,
            0.14914530515670776,
            0.788044273853302,
            -0.5481224060058594,
            -1.3376586437225342,
            -0.33840927481651306,
            0.12253931909799576,
            -0.2656431496143341,
            0.1678916960954666,
            -0.6502171158790588,
            -0.05042499303817749,
            0.17045161128044128,
            0.0228237584233284,
            0.16550584137439728,
            0.1080591008067131,
            -0.1904638111591339,
            0.13718844950199127,
            -0.03357195481657982,
            0.28445854783058167,
            -0.1398104578256607,
            0.08744381368160248,
            -0.017063667997717857,
            0.19946712255477905,
            0.12130116671323776,
            -0.04081914946436882,
            -0.07879827171564102,
            -0.13021552562713623,
            0.28928112983703613,
            -0.7444952130317688,
            0.1127094179391861,
            0.3416310250759125,
            0.7959790825843811,
            -0.08511810004711151,
            -0.04782336205244064,
            0.008026070892810822,
            -0.34474286437034607,
            -0.07570485025644302,
            0.32033225893974304,
            0.017292797565460205,
            -0.02321346290409565,
            0.10904519259929657,
            0.015127336606383324,
            -0.24959197640419006,
            0.13185584545135498,
            0.14513421058654785,
            0.2823903560638428,
            0.12452244013547897,
            -0.22505661845207214,
            0.3491096496582031,
            -0.4743824005126953,
            1.2213716506958008,
            -0.47203338146209717,
            0.2750079035758972,
            -0.126722052693367,
            0.08106854557991028,
            0.3183818757534027,
            0.15674783289432526,
            -0.34338846802711487,
            -0.32196030020713806,
            -0.0684024766087532,
            0.06856287270784378,
            0.1695021539926529,
            0.7987430095672607,
            0.2853461503982544,
            -0.230943962931633,
            0.028714343905448914,
            -0.32877230644226074,
            0.09239506721496582,
            0.32480937242507935,
            0.04488758370280266,
            0.16262786090373993,
            -0.2710130214691162,
            -0.14664120972156525,
            0.2888166606426239,
            1.2707558870315552,
            0.27835431694984436,
            0.23329675197601318,
            0.16652926802635193,
            0.338107705116272,
            -0.14213787019252777,
            0.14676250517368317,
            -0.32062405347824097,
            -0.33387428522109985,
            0.07755532115697861,
            -0.17681345343589783,
            -0.004979162476956844,
            -0.08247985690832138,
            0.15314066410064697,
            0.39667946100234985,
            -0.16935598850250244,
            0.026706531643867493,
            -0.13251379132270813,
            -0.36577847599983215,
            -0.4677557647228241,
            0.06795702129602432,
            -0.3390790522098541,
            -0.11762451380491257,
            -0.11615702509880066,
            0.1874474734067917,
            0.1626748889684677,
            -0.170138880610466,
            0.4922970235347748,
