{
    "image_path": "images/056.jpg",
    "mask_path": "masks/056.jpg",
    "mask_features": {
        "mask_area_ratio": 0.2301953125,
        "mask_bbox": {
            "x_min": 0,
            "y_min": 53,
            "x_max": 286,
            "y_max": 201
        },
        "mask_location": "center",
        "mask_fragments": 2
    },
    "image_features": {
        "resolution": {
            "width": 320,
            "height": 240,
            "aspect_ratio": 1.333
        },
        "faces_detected": 0,
        "texture": {
            "laplacian_variance": 486.11249440104166,
            "edge_density": 0.06423177083333333
        },
        "colors": {
            "brightness_mean": 119.592265625,
            "saturation_mean": 91.76856770833334,
            "dominant_colors": [
                [
                    39,
                    46,
                    29
                ],
                [
                    110,
                    161,
                    149
                ],
                [
                    83,
                    132,
                    120
                ]
            ]
        },
        "text_present": false,
        "clip_embedding": [
            0.10109139233827591,
            -0.22524230182170868,
            0.23025743663311005,
            0.2998283803462982,
            0.5207764506340027,
            0.4641745686531067,
            0.2288527935743332,
            -0.9616519808769226,
            -0.06743810325860977,
            0.04827071353793144,
            -0.12513864040374756,
            0.3730265498161316,
            -0.537747323513031,
            0.38726603984832764,
            -0.3260675370693207,
            -0.24405300617218018,
            -0.13795292377471924,
            0.7410546541213989,
            0.49333202838897705,
            -0.27077504992485046,
            -0.28159502148628235,
            0.009961646050214767,
            -0.2684573531150818,
            -0.2507694363594055,
            -0.5580638647079468,
            -0.2854435443878174,
            -0.20712772011756897,
            -0.12008390575647354,
            0.04830954596400261,
            0.16335248947143555,
            -0.10271422564983368,
            0.14974859356880188,
            0.4073273539543152,
            -0.262144535779953,
            0.37377315759658813,
            -0.377737820148468,
            -0.4433065950870514,
            -0.10544124990701675,
            -0.1798398196697235,
            -1.034079909324646,
            -0.5244824886322021,
            -0.48383471369743347,
            -0.0745144709944725,
            0.39950641989707947,
            0.15828238427639008,
            -0.9631004929542542,
            0.33112743496894836,
            0.23662516474723816,
            -0.04612089321017265,
            -0.18746301531791687,
            -0.664073646068573,
            0.3928390443325043,
            0.13265657424926758,
            -0.23886898159980774,
            -0.2102055698633194,
            -0.24748669564723969,
            0.24861666560173035,
            -0.15432043373584747,
            -0.11277499049901962,
            0.5829984545707703,
            1.363400936126709,
            -0.3350154161453247,
            0.2611238360404968,
            0.2938730716705322,
            -0.009090922772884369,
            -0.05523639917373657,
            -0.40164607763290405,
            1.1905970573425293,
            -0.06522735208272934,
            -0.1036423072218895,
            -0.31614917516708374,
            0.19958612322807312,
            -0.45308440923690796,
            0.30659177899360657,
            -0.6043120622634888,
            -0.06522864103317261,
            -0.530458390712738,
            0.15268443524837494,
            -0.3956151008605957,
            0.18122632801532745,
            0.15912218391895294,
            0.009843191131949425,
            0.0421907976269722,
            0.1030343770980835,
            0.5854775905609131,
            0.39902982115745544,
            -0.5692405700683594,
            0.036308713257312775,
            0.168464794754982,
            -0.4150545001029968,
            0.06278657168149948,
            0.04362020641565323,
            -6.522090911865234,
            0.24753828346729279,
            -0.16450531780719757,
            -0.14066456258296967,
            -0.32983914017677307,
            0.23689718544483185,
            -1.0612167119979858,
            -0.9097455739974976,
            -0.0947512835264206,
            -0.04413335770368576,
            0.12347200512886047,
            -0.008344177156686783,
            -0.025177689269185066,
            -0.3812370002269745,
            -0.16546563804149628,
            -0.2048707902431488,
            -0.33646318316459656,
            0.0926656574010849,
            -0.2099435180425644,
            -0.49242252111434937,
            0.09193733334541321,
            0.093645378947258,
            0.38920915126800537,
            0.19572216272354126,
            -0.5627835392951965,
            -0.13282990455627441,
            -0.16850923001766205,
            -0.4747639000415802,
            0.19353166222572327,
            0.2567122280597687,
            0.2842017412185669,
            0.21186988055706024,
            -0.10975079983472824,
            -0.11603374779224396,
            0.19424590468406677,
            -0.07740211486816406,
            0.20858629047870636,
            0.39691656827926636,
            0.32015201449394226,
            0.3118314743041992,
            0.4990217983722687,
            0.8589636087417603,
            -0.10123500972986221,
            -0.3224664032459259,
            0.23088662326335907,
            0.06766960769891739,
            -0.390510618686676,
            0.035603657364845276,
            -0.05400093272328377,
            -0.09738250076770782,
            0.24783924221992493,
            0.3348371684551239,
            0.06955473870038986,
            0.37216901779174805,
            0.400577187538147,
            0.6225705742835999,
            -0.34189730882644653,
            -0.16024750471115112,
            -0.21550966799259186,
            0.10227431356906891,
            0.8973565101623535,
            -0.3389841616153717,
            0.26817432045936584,
            0.3498867154121399,
            -0.3803669810295105,
            0.6920682787895203,
            -0.22248908877372742,
            -0.1921052634716034,
            0.11525821685791016,
            0.46801093220710754,
            -0.41253823041915894,
            0.3029186725616455,
            -0.2949005961418152,
            0.42719316482543945,
            0.3821898102760315,
            0.008209853433072567,
            0.003350130980834365,
            0.47282448410987854,
            -0.4430283010005951,
            -0.2879639267921448,
            -0.0006549911922775209,
            -0.5885380506515503,
            -0.15148824453353882,
            -0.35812363028526306,
            0.45495760440826416,
            0.4744827151298523,
            -0.4218156635761261,
            -0.020179925486445427,
            -0.4882296919822693,
            -0.571420431137085,
            0.16043049097061157,
            -0.3226693868637085,
            0.022126076743006706,
            -0.24506862461566925,
            -0.07153956592082977,
            -0.03725988417863846,
            -0.19190602004528046,
            -0.06681264191865921,
            0.38160303235054016,
            0.2407558709383011,
            -5.3330237278714776e-05,
            0.03757761791348457,
            0.03356456384062767,
            -0.3500947952270508,
            -0.11091379821300507,
            0.17495828866958618,
            0.6413033604621887,
            -0.06485690921545029,
            -0.24336665868759155,
            -0.23937174677848816,
            -0.19206446409225464,
            0.012602043338119984,
