{
    "image_path": "images/058.jpg",
    "mask_path": "masks/058.jpg",
    "mask_features": {
        "mask_area_ratio": 0.039010416666666665,
        "mask_bbox": {
            "x_min": 165,
            "y_min": 138,
            "x_max": 213,
            "y_max": 220
        },
        "mask_location": "edge_or_corner",
        "mask_fragments": 1
    },
    "image_features": {
        "resolution": {
            "width": 320,
            "height": 240,
            "aspect_ratio": 1.333
        },
        "faces_detected": 0,
        "texture": {
            "laplacian_variance": 2362.582642854649,
            "edge_density": 0.19287760416666666
        },
        "colors": {
            "brightness_mean": 101.5496875,
            "saturation_mean": 66.80486979166666,
            "dominant_colors": [
                [
                    123,
                    125,
                    127
                ],
                [
                    42,
                    49,
                    53
                ],
                [
                    233,
                    222,
                    203
                ]
            ]
        },
        "text_present": false,
        "clip_embedding": [
            0.36406970024108887,
            -0.14398851990699768,
            0.2571030259132385,
            0.14680960774421692,
            0.2466055303812027,
            0.1494254320859909,
            -0.024687347933650017,
            0.4290700852870941,
            -0.038500238209962845,
            -0.045520272105932236,
            -0.32190027832984924,
            0.13590887188911438,
            0.24236668646335602,
            0.23439444601535797,
            -0.4345206320285797,
            0.351007878780365,
            0.1541956514120102,
            0.13769032061100006,
            -0.3634227514266968,
            0.0007507408154197037,
            0.6500213146209717,
            -0.18637734651565552,
            -0.11677279323339462,
            0.41838979721069336,
            -0.8332076668739319,
            0.4915323257446289,
            -0.025432581081986427,
            0.36614707112312317,
            -0.13234131038188934,
            -0.16425399482250214,
            -0.358828067779541,
            0.028199436143040657,
            -0.2681961953639984,
            -0.3064354360103607,
            1.192300796508789,
            -0.055428583174943924,
            -0.1456090211868286,
            0.20586128532886505,
            -0.2087203711271286,
            0.550404965877533,
            -0.1857749968767166,
            0.03617968410253525,
            -0.3886605501174927,
            0.23704634606838226,
            -0.13402989506721497,
            -1.4017322063446045,
            0.1814834624528885,
            0.4257371425628662,
            0.23263883590698242,
            0.21358591318130493,
            0.11629106104373932,
            -0.07816193997859955,
            0.06417421251535416,
            -0.7463639974594116,
            0.16074290871620178,
            0.01488445419818163,
            0.20452679693698883,
            -0.11188764870166779,
            -0.42710670828819275,
            0.09309715777635574,
            -1.090855360031128,
            0.4269309341907501,
            0.20943480730056763,
            0.029462629929184914,
            0.40704554319381714,
            -0.5667673349380493,
            0.011188847944140434,
            1.0658502578735352,
            -0.20359481871128082,
            0.1841278076171875,
            0.21269744634628296,
            0.21574345231056213,
            -0.579816997051239,
            -0.12998470664024353,
            0.19833491742610931,
            0.05582450330257416,
            -0.2597080171108246,
            -0.3238335847854614,
            -0.23651693761348724,
            -0.4024415612220764,
            0.3406984806060791,
            -0.12040643393993378,
            -0.21137091517448425,
            -0.11852067708969116,
            0.03899381309747696,
            0.5031226873397827,
            0.3399965167045593,
            -0.23242954909801483,
            -0.30694425106048584,
            -0.4628085494041443,
            0.08213373273611069,
            -0.4194527566432953,
            -7.539235591888428,
            1.2517220973968506,
            0.07335899770259857,
            -0.09292919933795929,
            0.5850653052330017,
            -0.13432815670967102,
            0.26964443922042847,
            -1.2174500226974487,
            0.009249401278793812,
            -0.08207716792821884,
            0.34548255801200867,
            0.10531382262706757,
            1.1728438138961792,
            -0.2806919813156128,
            -0.8729311227798462,
            -0.6223448514938354,
            -0.31094053387641907,
            -0.3545219302177429,
            0.07903735339641571,
            -0.6274973154067993,
            -0.22706320881843567,
            0.23191198706626892,
            0.2586747407913208,
            0.3467237949371338,
            -0.4351158142089844,
            0.16919170320034027,
            -0.0010001844493672252,
            0.20959040522575378,
            0.11687546968460083,
            0.02461898885667324,
            0.10212550312280655,
            0.41341152787208557,
            0.10044212639331818,
            0.16862942278385162,
            0.0021146272774785757,
            -0.3922511041164398,
            0.1556476503610611,
            0.3701673746109009,
            0.057545628398656845,
            0.1766367405653,
            0.20095700025558472,
            0.9736180305480957,
            -0.13602030277252197,
            0.03446933999657631,
            0.13463357090950012,
            -0.3464360535144806,
            -0.20196913182735443,
            0.20592628419399261,
            0.1541384756565094,
            -0.6954984664916992,
            -0.19407784938812256,
            0.0001363809424219653,
            -0.06819713860750198,
            0.06986954808235168,
            -0.10021905601024628,
            0.12366803735494614,
            -0.20269525051116943,
            -0.03328533470630646,
            3.813408693531528e-05,
            -0.574106752872467,
            1.7292243242263794,
            -0.5008816123008728,
            0.23331768810749054,
            0.08277501165866852,
            0.22698244452476501,
            0.4263462424278259,
            0.24233610928058624,
            -0.12048433721065521,
            -0.053969964385032654,
            0.37636294960975647,
            0.11432638019323349,
            -0.0960320234298706,
            0.19333288073539734,
            0.2532508373260498,
            0.23334725201129913,
            0.3211655914783478,
            0.25292444229125977,
            -0.03828808665275574,
            0.2999861240386963,
            0.08924057334661484,
            -0.027031047269701958,
            0.10922420769929886,
            -0.33309832215309143,
            -0.0064897662959992886,
            1.1698172092437744,
            0.10394381731748581,
            -0.1036735475063324,
            0.07728420943021774,
            -0.07874198257923126,
            -0.3123282790184021,
            -0.17303453385829926,
            0.011063426733016968,
            0.0605202279984951,
            -0.09176986664533615,
            0.13302575051784515,
            -0.09512133151292801,
            0.1591406762599945,
            0.2308749109506607,
            0.11617749184370041,
            -0.32463523745536804,
            0.02347758784890175,
            -0.3769890367984772,
            -0.025280382484197617,
            -0.35290443897247314,
            0.21422740817070007,
            0.2370336800813675,
            0.09353391081094742,
            -0.3092840313911438,
            0.5375372767448425,
            -0.010074731893837452,
            -0.21689623594284058,
            0.2585316598415375,
