{
    "image_path": "images/059.png",
    "mask_path": "masks/059.png",
    "mask_features": {
        "mask_area_ratio": 0.05541143822393822,
        "mask_bbox": {
            "x_min": 348,
            "y_min": 341,
            "x_max": 658,
            "y_max": 792
        },
        "mask_location": "center",
        "mask_fragments": 1
    },
    "image_features": {
        "resolution": {
            "width": 1184,
            "height": 896,
            "aspect_ratio": 1.321
        },
        "faces_detected": 0,
        "texture": {
            "laplacian_variance": 11.532344944214323,
            "edge_density": 0.011190878378378379
        },
        "colors": {
            "brightness_mean": 117.17915962837837,
            "saturation_mean": 73.17666166445463,
            "dominant_colors": [
                [
                    81,
                    99,
                    105
                ],
                [
                    24,
                    40,
                    34
                ],
                [
                    164,
                    176,
                    196
                ]
            ]
        },
        "text_present": false,
        "clip_embedding": [
            -0.17369039356708527,
            0.47295644879341125,
            0.2484767585992813,
            0.2306925356388092,
            -0.5496253967285156,
            -0.16864170134067535,
            0.19417212903499603,
            0.4833608567714691,
            -0.18718862533569336,
            -0.24749256670475006,
            0.1405360996723175,
            -0.04935256391763687,
            -0.04482874646782875,
            0.2846638262271881,
            -0.19524990022182465,
            0.5708968043327332,
            -0.334138959646225,
            0.02495158463716507,
            0.15618962049484253,
            -0.1139996275305748,
            1.4098469018936157,
            0.17394477128982544,
            0.030283188447356224,
            0.08646009117364883,
            -0.35408616065979004,
            0.13034313917160034,
            0.10668154805898666,
            0.15906991064548492,
            0.2136029750108719,
            -0.14777082204818726,
            -0.3106168508529663,
            -0.030816391110420227,
            -0.248958557844162,
            0.01870048977434635,
            0.775213360786438,
            -0.13583987951278687,
            -0.3141029477119446,
            -0.06714514642953873,
            -0.3728829622268677,
            -0.3202725052833557,
            -0.40271684527397156,
            0.029376870021224022,
            -0.13915181159973145,
            0.21021977066993713,
            -0.02706645242869854,
            0.4253763258457184,
            0.33561837673187256,
            -0.5131009221076965,
            0.22859691083431244,
            0.4165075123310089,
            0.24673594534397125,
            0.4378954768180847,
            -0.07553475350141525,
            -0.2563624978065491,
            0.34879401326179504,
            0.4196428656578064,
            -0.36017271876335144,
            0.04378998279571533,
            -0.5957537293434143,
            -0.10016011446714401,
            0.11074436455965042,
            0.22970105707645416,
            0.4153342545032501,
            0.035498179495334625,
            -0.28083303570747375,
            -0.1636268049478531,
            -0.10918167978525162,
            1.4100229740142822,
            -0.08551625907421112,
            0.3159336745738983,
            0.2070268988609314,
            0.2962304949760437,
            -0.2630923390388489,
            0.13477496802806854,
            -0.04797673597931862,
            0.10122223943471909,
            -0.31397679448127747,
            0.08467477560043335,
            0.09697416424751282,
            -0.5307950973510742,
            0.5042658448219299,
            -0.17960728704929352,
            -0.016184719279408455,
            0.35855981707572937,
            0.29457494616508484,
            0.3647603988647461,
            1.246018409729004,
            -0.2671543061733246,
            -0.2327899932861328,
            -0.31873953342437744,
            -0.1521274745464325,
            -0.20811183750629425,
            -7.379029273986816,
            0.5395852327346802,
            0.07602454721927643,
            -0.037961751222610474,
            -0.05420195683836937,
            0.10359098017215729,
            -0.32107675075531006,
            -0.7386939525604248,
            0.10263145714998245,
            -0.14904820919036865,
            0.30353274941444397,
            -0.17708370089530945,
            -0.050248924642801285,
            -0.3125919699668884,
            -1.4757590293884277,
            0.13335759937763214,
            0.06384802609682083,
            -0.129089817404747,
            -0.06962891668081284,
            -0.21837587654590607,
            -0.30799803137779236,
            0.20975540578365326,
            -0.20343583822250366,
            0.3677700459957123,
            0.025749271735548973,
            -0.0630144327878952,
            0.04559081792831421,
            0.08334636688232422,
            0.1535671055316925,
            0.753914475440979,
            0.07263149321079254,
            -0.28718483448028564,
            0.036173854023218155,
            0.12311200052499771,
            -0.27034643292427063,
            -0.20880405604839325,
            0.06246426701545715,
            0.33037084341049194,
            -0.010607342235744,
            -0.17007650434970856,
            0.0791269987821579,
            1.010430097579956,
            -0.06657170504331589,
            0.7768230438232422,
            -0.3266429007053375,
            -0.4398063123226166,
            0.09869596362113953,
            -0.122807078063488,
            0.12065546959638596,
            -0.19999627768993378,
            -0.2366790473461151,
            0.16131266951560974,
            0.2204461246728897,
            0.31062954664230347,
            0.09468074142932892,
            0.6368758082389832,
            -0.12054423987865448,
            0.2256929576396942,
            0.0047411369159817696,
            -0.5234993100166321,
            1.5125161409378052,
            -0.31166404485702515,
            0.33549821376800537,
            -0.1549607366323471,
            0.3254733681678772,
            0.1786201000213623,
            0.2788321375846863,
            -0.3231678903102875,
            -0.8801356554031372,
            -0.2147533893585205,
            -0.21948052942752838,
            0.3456304967403412,
            0.5211939215660095,
            0.11571592092514038,
            1.3086206912994385,
            0.03536444157361984,
            -0.5196229815483093,
            -0.0033756147604435682,
            0.5527776479721069,
            0.3976331055164337,
            0.17815519869327545,
            0.03388554975390434,
            -0.4289964437484741,
            0.4161124527454376,
            0.048037681728601456,
            0.07340939342975616,
            -0.8050450086593628,
            0.0425635427236557,
            -0.02930145524442196,
            -0.40367287397384644,
            -0.031857531517744064,
            0.04740995168685913,
            -0.3347873389720917,
            -0.3304018974304199,
            0.4876135289669037,
            0.044054243713617325,
            0.09023135155439377,
            0.05007809028029442,
            0.009278002195060253,
            0.06104528531432152,
            0.4563373029232025,
            -0.15022559463977814,
            -0.10215218365192413,
            0.14856158196926117,
            -0.08627714216709137,
            -0.08893916010856628,
            0.2651677131652832,
            -0.007620707619935274,
            -0.061590272933244705,
            0.38614100217819214,
            0.049601178616285324,
            -0.2113887518644333,
