{
    "image_path": "images/060.jpg",
    "mask_path": "masks/060.jpg",
    "mask_features": {
        "mask_area_ratio": 0.0925390625,
        "mask_bbox": {
            "x_min": 0,
            "y_min": 114,
            "x_max": 65,
            "y_max": 239
        },
        "mask_location": "edge_or_corner",
        "mask_fragments": 1
    },
    "image_features": {
        "resolution": {
            "width": 320,
            "height": 240,
            "aspect_ratio": 1.333
        },
        "faces_detected": 0,
        "texture": {
            "laplacian_variance": 1520.8434334633723,
            "edge_density": 0.14376302083333334
        },
        "colors": {
            "brightness_mean": 117.30337239583334,
            "saturation_mean": 53.877630208333336,
            "dominant_colors": [
                [
                    45,
                    46,
                    60
                ],
                [
                    94,
                    97,
                    115
                ],
                [
                    163,
                    167,
                    179
                ]
            ]
        },
        "text_present": false,
        "clip_embedding": [
            0.07599783688783646,
            -0.010283033363521099,
            0.0073452601209282875,
            0.3552711009979248,
            -0.3082335889339447,
            -0.16343137621879578,
            0.09092622995376587,
            0.0901864692568779,
            0.06501660495996475,
            -0.48229071497917175,
            0.08206337690353394,
            0.272291362285614,
            -0.1714015007019043,
            -0.251138299703598,
            -0.2904963195323944,
            0.2664961814880371,
            -0.08986065536737442,
            0.07830683141946793,
            -0.46222391724586487,
            -0.0013144741533324122,
            0.11096705496311188,
            -0.45185425877571106,
            -0.5084457993507385,
            0.06690110266208649,
            -0.3046479821205139,
            0.30995824933052063,
            -0.042923297733068466,
            0.1405235081911087,
            0.011181390844285488,
            -0.14075487852096558,
            -0.26882287859916687,
            -0.2503482401371002,
            -0.11159179359674454,
            0.018479177728295326,
            0.2622281312942505,
            -0.042668417096138,
            -0.34936287999153137,
            0.1830136924982071,
            -0.2980327010154724,
            0.28522661328315735,
            -0.388626366853714,
            0.14772891998291016,
            -0.09698959439992905,
            0.5521523952484131,
            0.1815812885761261,
            -2.300075054168701,
            0.33161264657974243,
            0.3986275792121887,
            -0.38711273670196533,
            0.45078176259994507,
            0.55950528383255,
            0.38380298018455505,
            0.12007533013820648,
            -0.25814288854599,
            0.048281650990247726,
            0.044368963688611984,
            -0.13932883739471436,
            -0.13209651410579681,
            -0.3584805130958557,
            -0.07343941926956177,
            0.019829044118523598,
            0.2479267716407776,
            0.3039448857307434,
            0.1705676019191742,
            -0.1386459469795227,
            -0.21424710750579834,
            -0.19777365028858185,
            1.151790738105774,
            0.39220961928367615,
            -0.33565664291381836,
            0.3034724295139313,
            0.2073841542005539,
            -0.25183895230293274,
            -0.049974773079156876,
            -0.019618136808276176,
            -0.4044957160949707,
            -0.39354580640792847,
            -0.23981048166751862,
            -0.3976989984512329,
            -0.3540450632572174,
            0.14596985280513763,
            -0.07993237674236298,
            -0.2704674303531647,
            0.022494608536362648,
            -0.15217259526252747,
            -0.09537947922945023,
            -0.8234240412712097,
            -0.26649028062820435,
            -0.4733893871307373,
            -0.3200720250606537,
            0.10292265564203262,
            -0.03721205145120621,
            -6.544032573699951,
            1.2225658893585205,
            -0.009873556904494762,
            -0.03030906617641449,
            0.2541203200817108,
            -0.3783182203769684,
            -0.041703905910253525,
            -0.4572735130786896,
            0.004674861207604408,
            -0.019682399928569794,
            0.014441562816500664,
            0.20529921352863312,
            0.07526887953281403,
            -0.3929762542247772,
            -0.9371927380561829,
            -0.30566084384918213,
            -0.23148050904273987,
            -0.3031781017780304,
            -0.015745142474770546,
            -0.6647295951843262,
            0.09459494054317474,
            -0.026813659816980362,
            -0.2609981596469879,
            -0.014033042825758457,
            -0.0763418897986412,
            0.019950944930315018,
            0.18301013112068176,
            -0.051388826221227646,
            0.03351662680506706,
            0.05396125093102455,
            -0.1610865741968155,
            0.08504705131053925,
            -0.03329760208725929,
            0.18335680663585663,
            -0.09480677545070648,
            -0.4119132459163666,
            0.20630766451358795,
            0.24374879896640778,
            -0.29748839139938354,
            0.2910314202308655,
            0.6344615817070007,
            0.8815738558769226,
            -0.399355947971344,
            -0.12425392121076584,
            0.3457384407520294,
            -0.0743742361664772,
            -0.3117070198059082,
            0.35562416911125183,
            -0.03206538036465645,
            -0.303104966878891,
            -0.9615093469619751,
            0.3234594464302063,
            -0.0012800522381439805,
            0.3536660075187683,
            0.14966116845607758,
            -0.016865726560354233,
            -0.4581368863582611,
            -0.3519320785999298,
            0.08561301231384277,
            -0.09859238564968109,
            1.8693547248840332,
            -0.09613793343305588,
            -0.06382157653570175,
            -0.5487878918647766,
            -0.05518311262130737,
            0.1209753006696701,
            -0.2271963655948639,
            -0.0683552473783493,
            0.0273898933082819,
            -0.03029545396566391,
            0.2993999719619751,
            -0.0961909070611,
            0.7981940507888794,
            0.27981436252593994,
            0.1446712613105774,
            -0.007950523868203163,
            0.08159302175045013,
            0.3527093529701233,
            0.6377962231636047,
            0.5165984034538269,
            0.0775359496474266,
            0.21299980580806732,
            -0.5736815333366394,
            0.045879025012254715,
            1.4099026918411255,
            0.40772414207458496,
            -0.09564877301454544,
            0.23938295245170593,
            -0.3732632100582123,
            -0.19922871887683868,
            -0.054103922098875046,
            0.01631910167634487,
            -0.2176099419593811,
            0.07233215868473053,
            0.09252647310495377,
            0.035920463502407074,
            0.16707506775856018,
            0.11797637492418289,
            -0.08697106689214706,
            -0.43273696303367615,
            -0.15587162971496582,
            -0.3534590005874634,
            0.4371742010116577,
            0.34481310844421387,
            0.04234245419502258,
            0.1754591166973114,
            -0.014069296419620514,
            -0.0277946088463068,
            0.48508140444755554,
            -0.1707170307636261,
            0.22206585109233856,
            0.5150136351585388,
