{
    "image_path": "images/061.jpg",
    "mask_path": "masks/061.jpg",
    "mask_features": {
        "mask_area_ratio": 0.14542174432497013,
        "mask_bbox": {
            "x_min": 383,
            "y_min": 211,
            "x_max": 899,
            "y_max": 656
        },
        "mask_location": "center",
        "mask_fragments": 1
    },
    "image_features": {
        "resolution": {
            "width": 390,
            "height": 280,
            "aspect_ratio": 1.393
        },
        "faces_detected": 0,
        "texture": {
            "laplacian_variance": 1091.4645557460015,
            "edge_density": 0.06076007326007326
        },
        "colors": {
            "brightness_mean": 158.83276556776556,
            "saturation_mean": 72.45148351648352,
            "dominant_colors": [
                [
                    124,
                    150,
                    176
                ],
                [
                    199,
                    217,
                    236
                ],
                [
                    64,
                    84,
                    108
                ]
            ]
        },
        "text_present": true,
        "clip_embedding": [
            -0.6453351378440857,
            -0.021064160391688347,
            0.42483004927635193,
            0.08674770593643188,
            -0.24932460486888885,
            0.15995456278324127,
            0.07681243121623993,
            0.38141119480133057,
            0.07006543129682541,
            0.006222370080649853,
            0.5237935185432434,
            0.10858765989542007,
            0.17200227081775665,
            -0.14422327280044556,
            0.4221198558807373,
            0.09879283607006073,
            0.555137574672699,
            -0.13754938542842865,
            0.24126654863357544,
            -0.018806766718626022,
            -0.21806862950325012,
            -0.19987693428993225,
            0.5885380506515503,
            0.10832439363002777,
            0.2013687938451767,
            0.17953062057495117,
            -0.015215675346553326,
            0.44462865591049194,
            0.14710313081741333,
            0.20269626379013062,
            0.1491854339838028,
            -0.06775356084108353,
            -0.07477021962404251,
            0.036429181694984436,
            -0.6080370545387268,
            0.1858149617910385,
            0.4382997751235962,
            0.7776303887367249,
            0.20003196597099304,
            0.6474101543426514,
            -1.014212727546692,
            -0.08563350886106491,
            0.0666312575340271,
            -0.059381213039159775,
            -0.06784151494503021,
            0.29745736718177795,
            -0.30518579483032227,
            -0.17852261662483215,
            -0.044729601591825485,
            0.040560223162174225,
            0.08835211396217346,
            -0.10956986248493195,
            0.16864123940467834,
            -0.3084547221660614,
            0.08634280413389206,
            0.02843855507671833,
            -0.005517138168215752,
            -0.19408972561359406,
            -0.10490533709526062,
            0.5579858422279358,
            0.9029538035392761,
            0.053997524082660675,
            0.11915567517280579,
            -0.4513062536716461,
            0.3579942286014557,
            -0.07505303621292114,
            0.2313411384820938,
            0.13046365976333618,
            0.42598414421081543,
            -0.273026704788208,
            -0.5685921907424927,
            0.3626520335674286,
            0.31557273864746094,
            0.25961732864379883,
            0.020556125789880753,
            0.19341233372688293,
            -0.08876004070043564,
            -0.20906202495098114,
            0.4922819435596466,
            -0.5573139190673828,
            -0.3407135605812073,
            -0.3346714675426483,
            0.3030836284160614,
            0.05465298891067505,
            0.7068193554878235,
            0.6762281656265259,
            -0.2943236529827118,
            -0.36725664138793945,
            -0.1738574355840683,
            0.10700222104787827,
            -0.3420960307121277,
            0.17645494639873505,
            -6.148684024810791,
            0.4635949730873108,
            0.29628339409828186,
            -0.04536697641015053,
            0.022344300523400307,
            0.6815730333328247,
            -0.09297175705432892,
            0.9470732808113098,
            -0.10758127272129059,
            -0.2360135167837143,
            0.34229776263237,
            -0.4181819260120392,
            0.13856209814548492,
            -0.2126225233078003,
            0.30054205656051636,
            0.39280903339385986,
            -0.05787690728902817,
            -0.10151644051074982,
            -0.2262764871120453,
            0.9406576752662659,
            0.41134533286094666,
            0.5467814207077026,
            0.01546634454280138,
            0.23955485224723816,
            -0.09749771654605865,
            0.0028288522735238075,
            0.3159516155719757,
            0.17128433287143707,
            0.07135970890522003,
            -0.37081336975097656,
            0.13816648721694946,
            0.49350297451019287,
            -0.09235790371894836,
            -0.3492979407310486,
            -0.588959276676178,
            -0.1404830515384674,
            0.1466660350561142,
            -0.13367027044296265,
            0.06579191237688065,
            -0.06167600303888321,
            -0.48570582270622253,
            0.8326220512390137,
            -0.18250685930252075,
            0.10902096331119537,
            0.20852161943912506,
            0.2215588539838791,
            -0.09436173737049103,
            0.033365070819854736,
            -0.12260890007019043,
            -0.27751412987709045,
            -0.006450474727898836,
            0.4766508638858795,
            -0.11416356265544891,
            -0.0988030657172203,
            -0.1250520944595337,
            -0.030361700803041458,
            0.09476464241743088,
            0.25837036967277527,
            0.6058789491653442,
            -0.06682127714157104,
            1.1828029155731201,
            0.48673754930496216,
            -0.2467723786830902,
            -0.17560796439647675,
            0.3322902023792267,
            0.419559121131897,
            0.1386008858680725,
            -0.034285638481378555,
            -0.7400822043418884,
            0.37470951676368713,
            0.2584768831729889,
            -0.10579899698495865,
            0.41852107644081116,
            -0.3222707211971283,
            0.2779150605201721,
            -0.19698189198970795,
            -0.37211084365844727,
            0.32674315571784973,
            -0.062242187559604645,
            0.19324538111686707,
            -0.3696187138557434,
            0.06293053179979324,
            -0.33583515882492065,
            0.6036022901535034,
            0.8088130354881287,
            0.4169641137123108,
            0.3894672095775604,
            -0.036303482949733734,
            0.08802138268947601,
            -0.17659898102283478,
            -0.02424110844731331,
            0.08902580291032791,
            -0.3075527846813202,
            0.3989890217781067,
            0.22753319144248962,
            -0.09625142812728882,
            -0.32160571217536926,
            0.014618306420743465,
            0.028100870549678802,
            -0.42113277316093445,
            0.3024579882621765,
            0.13633109629154205,
            0.5579601526260376,
            0.06917258352041245,
            0.2465105503797531,
            0.5170798301696777,
            -0.6722252368927002,
            -0.2733806371688843,
            0.16508443653583527,
            0.10255748778581619,
            0.5885162949562073,
            0.09908999502658844,
