{
    "image_path": "images/062.jpg",
    "mask_path": "masks/062.jpg",
    "mask_features": {
        "mask_area_ratio": 0.1304235253772291,
        "mask_bbox": {
            "x_min": 296,
            "y_min": 248,
            "x_max": 807,
            "y_max": 679
        },
        "mask_location": "center",
        "mask_fragments": 1
    },
    "image_features": {
        "resolution": {
            "width": 512,
            "height": 512,
            "aspect_ratio": 1.0
        },
        "faces_detected": 0,
        "texture": {
            "laplacian_variance": 1629.8216954560485,
            "edge_density": 0.1308441162109375
        },
        "colors": {
            "brightness_mean": 91.69536972045898,
            "saturation_mean": 127.12887954711914,
            "dominant_colors": [
                [
                    62,
                    89,
                    122
                ],
                [
                    23,
                    39,
                    65
                ],
                [
                    164,
                    180,
                    192
                ]
            ]
        },
        "text_present": false,
        "clip_embedding": [
            -0.03833416476845741,
            0.3866462707519531,
            0.12565869092941284,
            0.20319941639900208,
            -0.06841717660427094,
            -0.28635233640670776,
            0.11767598241567612,
            0.10223223268985748,
            -0.16365881264209747,
            0.5027570128440857,
            -0.19697855412960052,
            0.3486630916595459,
            -0.46626636385917664,
            -0.3670209050178528,
            0.3462332785129547,
            -0.20617102086544037,
            0.2888999879360199,
            0.6470071077346802,
            -0.1532282531261444,
            -0.2938951253890991,
            -0.8199679255485535,
            0.04692104086279869,
            -0.17470675706863403,
            -0.12494007498025894,
            0.13422159850597382,
            0.6699247360229492,
            0.34846746921539307,
            0.14842361211776733,
            -0.026045329868793488,
            0.35182881355285645,
            -0.2112196683883667,
            0.027630502358078957,
            -0.015541781671345234,
            -0.24808892607688904,
            -0.017062285915017128,
            -0.17765524983406067,
            -0.26250380277633667,
            0.3546196222305298,
            0.26055607199668884,
            1.7980397939682007,
            -0.2252335250377655,
            -0.17093780636787415,
            0.3211905360221863,
            -0.535737931728363,
            -0.11569277197122574,
            -2.2532219886779785,
            0.34870097041130066,
            0.18474392592906952,
            0.20412765443325043,
            0.06362758576869965,
            0.39661934971809387,
            -0.5897746682167053,
            -0.18217751383781433,
            0.1314765065908432,
            -0.1366477906703949,
            -0.4686207175254822,
            0.1286783367395401,
            0.09596987813711166,
            0.019383041188120842,
            -0.05835539847612381,
            -1.040606141090393,
            -0.045762524008750916,
            0.003969183191657066,
            -0.4335164427757263,
            -0.07843795418739319,
            0.13233765959739685,
            -0.17090024054050446,
            1.0310182571411133,
            -0.14681938290596008,
            -0.20562762022018433,
            -0.12059275060892105,
            -0.35242584347724915,
            -0.16909784078598022,
            0.2002507746219635,
            0.31391942501068115,
            0.013861767016351223,
            -0.48109957575798035,
            0.0815916508436203,
            0.1528223156929016,
            -0.4020703434944153,
            -0.08634674549102783,
            -0.3884454667568207,
            0.2688535153865814,
            -0.3138657212257385,
            -0.037776507437229156,
            -0.31225618720054626,
            0.28375044465065,
            -0.04997815936803818,
            0.10826613754034042,
            -0.3285525441169739,
            0.2152383178472519,
            0.36249202489852905,
            -6.573188781738281,
            0.3130767047405243,
            -0.06278309226036072,
            0.0472014918923378,
            -0.49038317799568176,
            -0.02291182428598404,
            -0.37149444222450256,
            0.5276115536689758,
            0.2510843575000763,
            -0.45244142413139343,
            -0.17246480286121368,
            -0.10660348832607269,
            -0.14227432012557983,
            -0.111897312104702,
            0.47336143255233765,
            -0.048846110701560974,
            -0.04088031128048897,
            -0.35737884044647217,
            0.06074108928442001,
            0.16951991617679596,
            -0.3727169632911682,
            0.2817896604537964,
            -0.2849059998989105,
            0.1266506463289261,
            0.2601888179779053,
            0.28766384720802307,
            -0.03720355033874512,
            -0.6019983887672424,
            0.5456668138504028,
            -0.28468915820121765,
            0.5703114867210388,
            0.052690207958221436,
            -0.10018250346183777,
            -0.2896721065044403,
            -0.05136736109852791,
            0.11694726347923279,
            0.02044832706451416,
            0.052709490060806274,
            0.22079060971736908,
            -0.20823249220848083,
            -0.3763411343097687,
            0.8405162692070007,
            0.15555918216705322,
            0.14865688979625702,
            0.30464234948158264,
            0.07366226613521576,
            -0.29083943367004395,
            0.4747549593448639,
            -0.28057438135147095,
            0.024121249094605446,
            -0.29462796449661255,
            0.4640219807624817,
            0.015780040994286537,
            -0.02365107089281082,
            -0.27261555194854736,
            0.07242519408464432,
            -0.5909255743026733,
            -0.07901516556739807,
            -0.41506651043891907,
            0.23608733713626862,
            0.7056695818901062,
            -0.39632648229599,
            -0.03776846453547478,
            -0.4937424957752228,
            0.22455266118049622,
            -0.1260431557893753,
            -0.19885174930095673,
            -0.2704789340496063,
            -0.2966671288013458,
            -0.5049009323120117,
            -0.5397529602050781,
            0.16652117669582367,
            -0.36197781562805176,
            0.15415038168430328,
            -0.17921946942806244,
            0.6584234833717346,
            0.29208406805992126,
            0.17988185584545135,
            -0.11549833416938782,
            0.17110376060009003,
            0.06523169577121735,
            -0.5033013820648193,
            -0.17159439623355865,
            0.026453090831637383,
            0.08356088399887085,
            0.5166218876838684,
            0.3268502652645111,
            -0.21803916990756989,
            0.18792612850666046,
            -0.26030442118644714,
            -0.21066777408123016,
            -0.005708246026188135,
            -0.2319655418395996,
            0.06830184161663055,
            -0.3103765547275543,
            0.149484321475029,
            0.23148009181022644,
            0.008943760767579079,
            0.3723159730434418,
            0.40879908204078674,
            0.2327365279197693,
            0.1074405089020729,
            0.21574662625789642,
            0.052187852561473846,
            0.13478811085224152,
            -0.3205513060092926,
            -0.3146410286426544,
            0.3199722468852997,
            0.034835390746593475,
            0.007040014024823904,
            0.11072195321321487,
            0.3186030089855194,
