{
    "image_path": "images/063.jpg",
    "mask_path": "masks/063.jpg",
    "mask_features": {
        "mask_area_ratio": 0.14798528540840963,
        "mask_bbox": {
            "x_min": 599,
            "y_min": 183,
            "x_max": 967,
            "y_max": 642
        },
        "mask_location": "edge_or_corner",
        "mask_fragments": 1
    },
    "image_features": {
        "resolution": {
            "width": 259,
            "height": 195,
            "aspect_ratio": 1.328
        },
        "faces_detected": 0,
        "texture": {
            "laplacian_variance": 1886.6630977665131,
            "edge_density": 0.11998811998811999
        },
        "colors": {
            "brightness_mean": 107.63344223344224,
            "saturation_mean": 84.87832887832887,
            "dominant_colors": [
                [
                    127,
                    154,
                    173
                ],
                [
                    76,
                    96,
                    119
                ],
                [
                    30,
                    34,
                    43
                ]
            ]
        },
        "text_present": false,
        "clip_embedding": [
            0.009151221252977848,
            -0.252397745847702,
            0.050308674573898315,
            0.1667889803647995,
            -0.18290188908576965,
            -0.1288909614086151,
            -0.10721280425786972,
            0.660317599773407,
            -0.4530307352542877,
            -0.474616676568985,
            -0.3727053999900818,
            -0.4889080822467804,
            0.021753424778580666,
            -0.24539433419704437,
            0.3360341787338257,
            -0.01714859902858734,
            0.20541423559188843,
            0.08632640540599823,
            0.6245885491371155,
            0.23432475328445435,
            -0.15611062943935394,
            0.5593078136444092,
            0.38388529419898987,
            -0.6662123799324036,
            0.061266712844371796,
            0.08023042976856232,
            0.21006794273853302,
            0.28436535596847534,
            0.008720056153833866,
            0.04044948145747185,
            -0.11828868836164474,
            -0.053003791719675064,
            -0.3400873839855194,
            0.15228082239627838,
            -0.4435279667377472,
            0.07593074440956116,
            0.48354876041412354,
            0.20145733654499054,
            0.23973311483860016,
            -0.49429237842559814,
            -0.7576317191123962,
            -0.1253446489572525,
            0.0614776574075222,
            -0.37938159704208374,
            0.19020557403564453,
            0.2511281967163086,
            -0.13414277136325836,
            -0.220393568277359,
            -0.1448182761669159,
            0.030204398557543755,
            -0.13760769367218018,
            -0.19596780836582184,
            0.20871537923812866,
            -0.06567196547985077,
            0.012686197645962238,
            0.03928031772375107,
            0.3299029767513275,
            -0.2705974578857422,
            -0.5036401152610779,
            -0.09320748597383499,
            0.7668051719665527,
            0.2611835300922394,
            -0.4510640501976013,
            -0.4448091387748718,
            -0.29656490683555603,
            -0.00865619070827961,
            -0.11066485196352005,
            0.12607119977474213,
            0.6019916534423828,
            -0.16807642579078674,
            -0.01059727743268013,
            0.2975970208644867,
            0.30514195561408997,
            0.10914857685565948,
            0.03398270159959793,
            0.1861155480146408,
            0.1013093888759613,
            -0.43008577823638916,
            0.23188459873199463,
            -0.9177172183990479,
            -0.47862985730171204,
            0.011958363465964794,
            0.1040826141834259,
            -0.035135239362716675,
            0.028498973697423935,
            -0.2292582392692566,
            0.16734150052070618,
            -0.2331329584121704,
            -0.022766809910535812,
            0.0054975636303424835,
            -0.21743620932102203,
            0.007946507073938847,
            -8.21251392364502,
            0.255883127450943,
            0.004195432178676128,
            -0.10660109668970108,
            -0.2517629861831665,
            -0.1371810883283615,
            -0.9696279764175415,
            -0.543215274810791,
            0.21481728553771973,
            -0.3360893428325653,
            0.22185274958610535,
            -0.06556969881057739,
            0.824129581451416,
            -0.23917141556739807,
            -0.16336192190647125,
            0.7048962116241455,
            -0.2740010619163513,
            -0.09054892510175705,
            -0.014643890783190727,
            0.49279624223709106,
            0.6543744802474976,
            0.1442725956439972,
            0.11378120630979538,
            -0.08208017796278,
            -0.21433097124099731,
            -0.19909383356571198,
            0.21508367359638214,
            -0.3681020736694336,
            -0.3970947265625,
            0.09382965415716171,
            -0.007289842702448368,
            0.2762119174003601,
            0.3427039682865143,
            -0.3055095076560974,
            -0.6856285929679871,
            -0.2563835084438324,
            0.4834744930267334,
            -0.06113007664680481,
            -0.08930370211601257,
            0.04665074124932289,
            -0.5091144442558289,
            1.0305687189102173,
            -0.07218100130558014,
            -0.29956313967704773,
            0.2314039170742035,
            -0.20525173842906952,
            0.08481471240520477,
            -0.16672596335411072,
            0.2823036313056946,
            0.516216516494751,
            -0.38069966435432434,
            0.5247355699539185,
            0.18667301535606384,
            0.27515709400177,
            -0.24442338943481445,
            0.24416294693946838,
            -0.061291079968214035,
            0.3828059434890747,
            0.5206022262573242,
            0.08262994885444641,
            1.0980982780456543,
            -0.09714682400226593,
            -0.3211662769317627,
            -0.03865364193916321,
            -0.16415342688560486,
            0.44355520606040955,
            0.16563941538333893,
            -0.46942317485809326,
            -0.613344132900238,
            0.22297921776771545,
            -0.0675293579697609,
            0.19383437931537628,
            -0.027543654665350914,
            0.3627197742462158,
            0.16550366580486298,
            -0.05270287021994591,
            0.030914386734366417,
            0.012352397665381432,
            -0.1849220097064972,
            -0.6524325609207153,
            0.08703932166099548,
            -0.15316826105117798,
            0.1234760731458664,
            0.6321797370910645,
            1.418260097503662,
            0.47787854075431824,
            -0.12450170516967773,
            0.19928637146949768,
            0.2568163275718689,
            -0.12009940296411514,
            0.19201523065567017,
            0.32649844884872437,
            -0.18735219538211823,
            0.36064133048057556,
            -0.13973841071128845,
            0.17659810185432434,
            -0.029403436928987503,
            0.1268148571252823,
            0.04298091307282448,
            0.19960740208625793,
            0.05205154046416283,
            0.5253936648368835,
            0.4662635028362274,
            -0.003948980011045933,
            0.23794344067573547,
            -0.20607298612594604,
            -0.2944130599498749,
            -0.2694315016269684,
            -0.11708755046129227,
            -0.22502043843269348,
            0.19882720708847046,
            0.03834535926580429,
