{
    "image_path": "images/064.jpg",
    "mask_path": "masks/064.jpg",
    "mask_features": {
        "mask_area_ratio": 0.023742283950617282,
        "mask_bbox": {
            "x_min": 489,
            "y_min": 397,
            "x_max": 761,
            "y_max": 492
        },
        "mask_location": "center",
        "mask_fragments": 1
    },
    "image_features": {
        "resolution": {
            "width": 1280,
            "height": 853,
            "aspect_ratio": 1.501
        },
        "faces_detected": 0,
        "texture": {
            "laplacian_variance": 315.95460340432237,
            "edge_density": 0.035197464830011724
        },
        "colors": {
            "brightness_mean": 151.75230986225088,
            "saturation_mean": 65.14957960873389,
            "dominant_colors": [
                [
                    190,
                    190,
                    168
                ],
                [
                    111,
                    102,
                    68
                ],
                [
                    166,
                    154,
                    120
                ]
            ]
        },
        "text_present": false,
        "clip_embedding": [
            0.4922606647014618,
            0.028721004724502563,
            0.12985984981060028,
            0.018962953239679337,
            -0.2823939919471741,
            -0.01897471770644188,
            0.13330955803394318,
            -0.01157753448933363,
            -0.18192747235298157,
            0.010607467032968998,
            0.058157630264759064,
            -0.16969497501850128,
            0.8226334452629089,
            -0.3064268231391907,
            0.765649139881134,
            -0.4766010642051697,
            0.005927321966737509,
            0.12037158757448196,
            0.5307025909423828,
            -0.3507120907306671,
            -0.6390359997749329,
            -0.32709360122680664,
            0.24001194536685944,
            -0.15164527297019958,
            -0.49048832058906555,
            0.08409527689218521,
            0.18083767592906952,
            0.11715061217546463,
            -0.13533931970596313,
            -0.1127483919262886,
            -0.12522166967391968,
            0.3392903804779053,
            0.0020181627478450537,
            0.025206394493579865,
            -0.23723982274532318,
            0.37599918246269226,
            -0.22986996173858643,
            0.22253282368183136,
            0.10926223546266556,
            1.266295313835144,
            0.6037657260894775,
            -0.25620487332344055,
            0.012660961598157883,
            0.137573704123497,
            -0.05870714411139488,
            -1.011665940284729,
            0.30466970801353455,
            0.07873176783323288,
            -0.046738360077142715,
            -0.22591587901115417,
            -0.1791951060295105,
            -0.5340766310691833,
            0.2637980282306671,
            0.14264623820781708,
            -0.12507809698581696,
            0.2577097415924072,
            0.027319196611642838,
            0.05490522086620331,
            -0.052897751331329346,
            0.17342010140419006,
            -0.28470903635025024,
            -0.015335268341004848,
            -0.011962155811488628,
            -0.23267795145511627,
            0.34249258041381836,
            0.060166772454977036,
            0.7975904941558838,
            1.1421269178390503,
            0.012439141049981117,
            -0.16591203212738037,
            -0.29131370782852173,
            0.1552022397518158,
            -0.012707355432212353,
            -0.26139020919799805,
            -0.13126133382320404,
            0.07692023366689682,
            -0.05431263893842697,
            -0.31114450097084045,
            -0.370385080575943,
            -0.18470770120620728,
            0.4652402997016907,
            -0.15169739723205566,
            0.29957520961761475,
            -0.25829464197158813,
            0.1474689394235611,
            0.09599947929382324,
            -0.050020989030599594,
            -0.31235018372535706,
            -0.18327926099300385,
            -0.3213806748390198,
            0.471093088388443,
            -0.7941646575927734,
            -5.99046516418457,
            -0.32726168632507324,
            -0.17228813469409943,
            -0.0047793095000088215,
            -0.23607036471366882,
            -0.19279269874095917,
            0.6261466145515442,
            -1.2252081632614136,
            0.0814070999622345,
            -0.2793576121330261,
            -0.9227505326271057,
            0.12341494858264923,
            0.703157901763916,
            0.25916588306427,
            -2.1767075061798096,
            -0.06084725633263588,
            0.07216431200504303,
            0.12183817476034164,
            0.37250763177871704,
            -0.513142466545105,
            0.5737403035163879,
            0.19901594519615173,
            0.6134409308433533,
            -0.552131712436676,
            -0.06461472809314728,
            -0.18238870799541473,
            -0.2627432942390442,
            -0.38759660720825195,
            -0.10355351120233536,
            0.3275090456008911,
            -0.2468387633562088,
            -0.5337472558021545,
            -0.3041048049926758,
            0.1714116781949997,
            -0.37588581442832947,
            0.3742196261882782,
            0.11079768091440201,
            0.5430934429168701,
            0.5536372661590576,
            -0.31715044379234314,
            0.2112911492586136,
            0.8440178632736206,
            0.21409960091114044,
            0.2419632524251938,
            0.2134607583284378,
            0.33923664689064026,
            -0.009054274298250675,
            0.18115198612213135,
            0.30848851799964905,
            -0.12669983506202698,
            0.312008261680603,
            -0.09001294523477554,
            0.08722905814647675,
            -0.09970515966415405,
            -0.2756417989730835,
            -0.05236034467816353,
            -0.34959492087364197,
            0.3591457009315491,
            0.3930874466896057,
            0.0777057632803917,
            -0.24357159435749054,
            0.18540750443935394,
            -0.1829511970281601,
            -0.2414594292640686,
            -0.02272176742553711,
            -0.3243076801300049,
            -0.391512006521225,
            -0.2788863778114319,
            -0.08809366077184677,
            -0.5370016098022461,
            0.2955436706542969,
            0.4821726083755493,
            0.17029345035552979,
            -0.0902574434876442,
            0.23473624885082245,
            -0.10164093971252441,
            -0.22805389761924744,
            -0.14137031137943268,
            0.29134735465049744,
            0.13890214264392853,
            -0.019330359995365143,
            -0.1549188792705536,
            -0.2567685544490814,
            0.21464000642299652,
            -0.24011793732643127,
            0.24572280049324036,
            -0.19431562721729279,
            0.28326117992401123,
            0.5830488801002502,
            0.422719806432724,
            0.02025117352604866,
            -0.3675135672092438,
            -0.23323975503444672,
            -0.08043581247329712,
            0.1406201720237732,
            -0.6361362934112549,
            0.14165422320365906,
            -0.19169019162654877,
            0.21699370443820953,
            -0.016593504697084427,
            -0.05850163474678993,
            -0.3687766194343567,
            -0.5774666666984558,
            0.444244921207428,
            -0.45113345980644226,
            -0.2388971596956253,
            0.510654628276825,
            -0.26516735553741455,
            -0.13474585115909576,
            -0.18448548018932343,
            0.1630723625421524,
            0.22354567050933838,
