{
    "image_path": "images/065.jpg",
    "mask_path": "masks/065.jpg",
    "mask_features": {
        "mask_area_ratio": 0.009934413580246914,
        "mask_bbox": {
            "x_min": 388,
            "y_min": 375,
            "x_max": 591,
            "y_max": 511
        },
        "mask_location": "center",
        "mask_fragments": 1
    },
    "image_features": {
        "resolution": {
            "width": 1280,
            "height": 853,
            "aspect_ratio": 1.501
        },
        "faces_detected": 0,
        "texture": {
            "laplacian_variance": 598.7797390377001,
            "edge_density": 0.06788265679953107
        },
        "colors": {
            "brightness_mean": 134.8748003370457,
            "saturation_mean": 136.81627527842906,
            "dominant_colors": [
                [
                    155,
                    118,
                    67
                ],
                [
                    117,
                    82,
                    31
                ],
                [
                    233,
                    164,
                    123
                ]
            ]
        },
        "text_present": false,
        "clip_embedding": [
            0.5688328742980957,
            0.27367690205574036,
            0.2453828752040863,
            0.08606066554784775,
            0.2887004613876343,
            -0.0012518302537500858,
            0.47084370255470276,
            0.09653249382972717,
            0.21934151649475098,
            0.2902085781097412,
            0.2103843241930008,
            -0.1552213728427887,
            0.04916169494390488,
            -0.0777084082365036,
            0.13659775257110596,
            -0.19716817140579224,
            -0.10248801857233047,
            0.15176282823085785,
            0.5881227254867554,
            -0.36888056993484497,
            -0.16060151159763336,
            -0.06635652482509613,
            0.09859419614076614,
            -0.5036789774894714,
            -0.1965639740228653,
            0.3520740270614624,
            0.006776111200451851,
            0.15941406786441803,
            -0.5208160281181335,
            -0.00046198390191420913,
            -0.359795480966568,
            0.4219543933868408,
            -0.0038475762121379375,
            0.21767359972000122,
            -0.12108185142278671,
            -0.13442166149616241,
            -0.40499597787857056,
            -0.012179728597402573,
            -0.011737062595784664,
            0.6537668704986572,
            0.767422080039978,
            0.3986985385417938,
            0.19411656260490417,
            -0.23764310777187347,
            -0.058975957334041595,
            -0.5927759408950806,
            0.23692315816879272,
            0.2974807620048523,
            -0.5727654099464417,
            0.02644391916692257,
            -0.20494695007801056,
            -0.08723597228527069,
            0.14777633547782898,
            -0.49147388339042664,
            -0.5913664102554321,
            0.25355854630470276,
            0.13474148511886597,
            0.5062267184257507,
            0.2001151144504547,
            0.8172648549079895,
            -0.3348132073879242,
            -0.15068304538726807,
            -0.06611109524965286,
            0.03414549306035042,
            0.267977237701416,
            -0.2863321602344513,
            0.07121236622333527,
            1.4149501323699951,
            0.16008341312408447,
            -0.01621854119002819,
            -0.35427942872047424,
            0.23325878381729126,
            0.06492377817630768,
            0.12590649724006653,
            -0.1053079217672348,
            -0.3952294886112213,
            -0.024677934125065804,
            -0.18803854286670685,
            -0.07913936674594879,
            -0.48447906970977783,
            0.0049257357604801655,
            -0.42614707350730896,
            0.06771387159824371,
            -0.495928019285202,
            0.32761454582214355,
            0.018994634971022606,
            -0.7498232126235962,
            -0.24903571605682373,
            -0.11667943745851517,
            -0.3791825771331787,
            0.33429205417633057,
            -0.4517306387424469,
            -7.299426078796387,
            -0.3500300943851471,
            0.12304654717445374,
            0.6645236015319824,
            -0.2558160722255707,
            0.11918999999761581,
            0.3576584756374359,
            -1.723207712173462,
            0.1117425188422203,
            -0.20286530256271362,
            -0.6306287050247192,
            -0.05702626332640648,
            0.282025009393692,
            -0.13626307249069214,
            -1.0782127380371094,
            -0.23736006021499634,
            0.4355532228946686,
            -0.08415576815605164,
            0.10378604382276535,
            -0.5689070224761963,
            0.3722531497478485,
            -0.16832154989242554,
            0.09430140256881714,
            -0.4417642056941986,
            -0.5616315007209778,
            -0.3960762917995453,
            -0.20950864255428314,
            -0.19280864298343658,
            -0.24425175786018372,
            -0.185609832406044,
            0.017177021130919456,
            -0.40627723932266235,
            0.06904873996973038,
            0.026779476553201675,
            -0.17010809481143951,
            0.3121674060821533,
            0.37240296602249146,
            0.2602693736553192,
            0.43348145484924316,
            -0.21701139211654663,
            -0.06949982047080994,
            0.9395002126693726,
            0.10635004937648773,
            0.03217962384223938,
            0.4774375259876251,
            -0.21645449101924896,
            -0.25261735916137695,
            -0.3827438950538635,
            -0.10057204216718674,
            -0.08260682225227356,
            0.14898085594177246,
            -0.1495750993490219,
            -0.16681258380413055,
            0.1710534542798996,
            -0.337735116481781,
            0.029559163376688957,
            -0.20702260732650757,
            0.1049119383096695,
            0.4319610297679901,
            4.0640723454998806e-05,
            0.113231360912323,
            -0.06647241115570068,
            0.002714988077059388,
            -0.1566981077194214,
            0.1466931402683258,
            0.05124877765774727,
            0.41319242119789124,
            0.3854384124279022,
            -0.20632988214492798,
            -0.5649865865707397,
            0.7609885334968567,
            0.18493899703025818,
            0.3099404573440552,
            0.10221800953149796,
            0.5402910113334656,
            0.34128066897392273,
            -0.23728394508361816,
            -0.11650650948286057,
            0.3553522825241089,
            0.17270216345787048,
            0.05110999569296837,
            0.21693038940429688,
            -0.20968154072761536,
            -0.0973634347319603,
            -0.0676703006029129,
            0.07112561911344528,
            -0.5689275860786438,
            0.18669962882995605,
            1.0312031507492065,
            0.5310869216918945,
            0.3156314194202423,
            -0.3559747636318207,
            -0.04882008954882622,
            0.17241837084293365,
            -0.07487823814153671,
            -0.47331565618515015,
            -0.12831155955791473,
            0.04903271049261093,
            -0.38026848435401917,
            -0.1355600655078888,
            -0.5026226043701172,
            -0.027798520401120186,
            0.040275175124406815,
            -0.16749973595142365,
            -0.13521037995815277,
            0.20207542181015015,
            0.15478232502937317,
            0.010847963392734528,
            0.2041356861591339,
            -0.14397311210632324,
            0.015582622028887272,
            0.18045923113822937,
