{
    "image_path": "images/066.png",
    "mask_path": "masks/066.png",
    "mask_features": {
        "mask_area_ratio": 0.006748428824211361,
        "mask_bbox": {
            "x_min": 339,
            "y_min": 413,
            "x_max": 460,
            "y_max": 467
        },
        "mask_location": "edge_or_corner",
        "mask_fragments": 1
    },
    "image_features": {
        "resolution": {
            "width": 626,
            "height": 352,
            "aspect_ratio": 1.778
        },
        "faces_detected": 0,
        "texture": {
            "laplacian_variance": 1406.1714859696738,
            "edge_density": 0.13659962242230614
        },
        "colors": {
            "brightness_mean": 160.1305411341853,
            "saturation_mean": 103.34921852309033,
            "dominant_colors": [
                [
                    192,
                    160,
                    97
                ],
                [
                    152,
                    122,
                    67
                ],
                [
                    238,
                    223,
                    199
                ]
            ]
        },
        "text_present": false,
        "clip_embedding": [
            0.48437264561653137,
            0.18208467960357666,
            0.22346632182598114,
            0.27054402232170105,
            0.08443233370780945,
            -0.39468318223953247,
            0.11583360284566879,
            0.3683769404888153,
            0.15285474061965942,
            -0.057214412838220596,
            0.5412006974220276,
            -0.22138407826423645,
            0.016575930640101433,
            -0.33473145961761475,
            0.7032884359359741,
            -0.04793664067983627,
            -0.9297819137573242,
            -0.035134922713041306,
            0.4947741627693176,
            -0.4143255054950714,
            -0.1373596042394638,
            -0.26276910305023193,
            0.216024249792099,
            -0.0643819123506546,
            -0.3962966501712799,
            0.1637210100889206,
            0.3473100960254669,
            -0.2943100929260254,
            -0.14614006876945496,
            -0.0851457417011261,
            -0.17515146732330322,
            0.09392716735601425,
            -0.44907286763191223,
            -0.05702565237879753,
            0.056855183094739914,
            -0.10926099866628647,
            -0.13170316815376282,
            0.31905606389045715,
            0.39225032925605774,
            1.0482901334762573,
            0.5534939169883728,
            -0.0375543087720871,
            0.381355345249176,
            -0.14482080936431885,
            0.11067596822977066,
            -0.36191293597221375,
            0.17801712453365326,
            0.15286988019943237,
            -0.22964943945407867,
            -0.3269554078578949,
            0.11663247644901276,
            -0.3836471736431122,
            0.18864001333713531,
            -0.3990023136138916,
            -0.25607576966285706,
            0.2974887490272522,
            0.07282738387584686,
            0.27649274468421936,
            -0.10513585060834885,
            0.5282794833183289,
            -0.6651163697242737,
            -0.22447888553142548,
            0.2599935233592987,
            -0.018970122560858727,
            0.03835074603557587,
            -0.0005843290127813816,
            0.4748036563396454,
            1.8299424648284912,
            0.13058073818683624,
            0.012534181587398052,
            -0.616386890411377,
            -0.05569423735141754,
            0.06176941841840744,
            -0.39813753962516785,
            -0.14374753832817078,
            -0.4673813581466675,
            -0.34240415692329407,
            -0.2242918312549591,
            -0.3281024396419525,
            -0.21566461026668549,
            -0.07188057899475098,
            -0.3000901937484741,
            -0.07337581366300583,
            -0.668533980846405,
            0.5214186310768127,
            0.3074495494365692,
            -0.24855275452136993,
            -0.19522345066070557,
            -0.017373697832226753,
            -0.5575411319732666,
            0.2392212599515915,
            -0.2461583912372589,
            -6.951301574707031,
            0.22875560820102692,
            0.05708039179444313,
            -0.1080012395977974,
            -0.11632440984249115,
            0.1678558737039566,
            0.8074730634689331,
            -1.509249210357666,
            0.12988054752349854,
            -0.2506246566772461,
            -0.5962570905685425,
            0.044893424957990646,
            0.18690715730190277,
            -0.08353198319673538,
            -1.096816062927246,
            0.15805038809776306,
            0.18888458609580994,
            -0.019505882635712624,
            0.04818044975399971,
            -0.2536551356315613,
            0.26448553800582886,
            -0.31996065378189087,
            0.11066712439060211,
            0.04650748148560524,
            -0.06912483274936676,
            0.10982085764408112,
            -0.31070810556411743,
            -0.32091495394706726,
            -0.34857577085494995,
            0.17825740575790405,
            0.009511301293969154,
            -0.24092736840248108,
            0.0446433387696743,
            0.3647329807281494,
            -0.21094442903995514,
            -0.03058694303035736,
            0.32396987080574036,
            0.09167829155921936,
            0.036876510828733444,
            -0.5291526317596436,
            0.10449157655239105,
            0.9176821708679199,
            0.23125512897968292,
            0.12136895954608917,
            0.45213159918785095,
            0.02746792882680893,
            -0.145470529794693,
            -0.2841508090496063,
            0.06137079745531082,
            -0.0896294116973877,
            0.7786000967025757,
            0.022902358323335648,
            -0.4090147912502289,
            0.05315576121211052,
            -0.24465572834014893,
            0.39682939648628235,
            -0.2514330744743347,
            0.27731940150260925,
            0.44016721844673157,
            -0.03276228532195091,
            0.241714209318161,
            0.163605734705925,
            0.3635447025299072,
            -0.32126566767692566,
            -0.030938521027565002,
            -0.11911873519420624,
            0.08360946178436279,
            0.135445699095726,
            -0.09477373212575912,
            -0.2718208432197571,
            0.15368854999542236,
            0.45206624269485474,
            0.37390077114105225,
            0.05318836122751236,
            0.7881173491477966,
            0.07100638002157211,
            -0.14628715813159943,
            -0.10535197705030441,
            0.3961732089519501,
            -0.13207939267158508,
            0.15667878091335297,
            -0.021894728764891624,
            -0.10569912940263748,
            0.0820138230919838,
            0.19313368201255798,
            0.20362067222595215,
            -0.6992585062980652,
            0.1401413530111313,
            0.7918829321861267,
            0.07272012531757355,
            0.2726913392543793,
            -0.20237694680690765,
            -0.20737262070178986,
            -0.1912643015384674,
            0.18930530548095703,
            -0.6936895251274109,
            0.08588911592960358,
            -0.04883532598614693,
            -0.28253597021102905,
            0.11120656877756119,
            -0.3767145276069641,
            -0.09467076510190964,
            -0.18022942543029785,
            -0.2984008491039276,
            0.1494470089673996,
            -0.37857064604759216,
            0.03149719908833504,
            -0.23704060912132263,
            0.20939134061336517,
            0.33826014399528503,
            -0.03403748944401741,
            0.454058438539505,
