{
    "image_path": "images/067.png",
    "mask_path": "masks/067.png",
    "mask_features": {
        "mask_area_ratio": 0.014675539048798102,
        "mask_bbox": {
            "x_min": 458,
            "y_min": 439,
            "x_max": 628,
            "y_max": 563
        },
        "mask_location": "edge_or_corner",
        "mask_fragments": 1
    },
    "image_features": {
        "resolution": {
            "width": 275,
            "height": 183,
            "aspect_ratio": 1.503
        },
        "faces_detected": 0,
        "texture": {
            "laplacian_variance": 484.047467720522,
            "edge_density": 0.0060009935419771485
        },
        "colors": {
            "brightness_mean": 62.827521112767016,
            "saturation_mean": 208.3502434177844,
            "dominant_colors": [
                [
                    118,
                    70,
                    20
                ],
                [
                    91,
                    49,
                    17
                ],
                [
                    138,
                    87,
                    27
                ]
            ]
        },
        "text_present": false,
        "clip_embedding": [
            0.756425142288208,
            -0.1429901272058487,
            -0.16749092936515808,
            0.3535677194595337,
            0.43239206075668335,
            -0.36433306336402893,
            -0.16028843820095062,
            -0.38753145933151245,
            -0.02156762406229973,
            0.12352021038532257,
            -0.10996497422456741,
            0.38471078872680664,
            0.720557689666748,
            0.2206021398305893,
            0.103538878262043,
            -0.1264876425266266,
            0.08237491548061371,
            0.4448418915271759,
            0.35319915413856506,
            0.33431923389434814,
            -0.6966589689254761,
            0.11994682997465134,
            0.22402670979499817,
            -0.6284913420677185,
            0.4609309434890747,
            -0.06310651451349258,
            -0.1787332147359848,
            -0.07665503770112991,
            0.07816848903894424,
            -0.19417819380760193,
            0.08839540183544159,
            0.4076562523841858,
            -0.16340897977352142,
            0.2776000201702118,
            -0.48725512623786926,
            -0.5739527940750122,
            -0.4427071511745453,
            -0.16252607107162476,
            0.11054281145334244,
            1.2015167474746704,
            0.1441114991903305,
            0.1493086814880371,
            0.035577643662691116,
            0.2056211531162262,
            -0.027871305122971535,
            1.2957879304885864,
            0.2146153748035431,
            -0.12076041102409363,
            -0.5816655158996582,
            0.49957048892974854,
            -0.3902517557144165,
            0.0995420292019844,
            0.13340425491333008,
            -0.10298051685094833,
            -0.1598149538040161,
            -0.2492321878671646,
            -0.7009533047676086,
            0.29409366846084595,
            0.31914448738098145,
            0.20795747637748718,
            -0.06660062074661255,
            0.5635802745819092,
            0.09582284837961197,
            -0.1379663199186325,
            0.3063368499279022,
            -0.25945982336997986,
            0.2500010132789612,
            0.2646321952342987,
            0.22568878531455994,
            -0.40605172514915466,
            -0.35541388392448425,
            0.32156479358673096,
            -0.17849957942962646,
            -0.359430193901062,
            -0.364474356174469,
            -0.40618443489074707,
            -0.4237147867679596,
            -0.20954729616641998,
            -0.10381747782230377,
            -0.2097652405500412,
            0.28593432903289795,
            -0.3318682610988617,
            0.2557971775531769,
            -1.0337700843811035,
            0.36490312218666077,
            -0.19645722210407257,
            -0.12626045942306519,
            0.09752721339464188,
            -0.6657000780105591,
            -0.36181122064590454,
            -0.0727977380156517,
            -0.11107700318098068,
            -6.647722244262695,
            -0.1301775574684143,
            -0.3770802319049835,
            0.1755383312702179,
            -0.4507099390029907,
            0.11544511467218399,
            -0.10339522361755371,
            -1.5072901248931885,
            -0.2528842091560364,
            -0.634006679058075,
            -0.7273500561714172,
            -0.23555605113506317,
            0.6016345620155334,
            0.035259801894426346,
            -1.4839268922805786,
            0.1017124280333519,
            0.3848104476928711,
            -0.23543895781040192,
            0.6607071757316589,
            -0.010685812681913376,
            0.43067288398742676,
            -0.029278302565217018,
            0.2190987914800644,
            -0.43883880972862244,
            -0.25399017333984375,
            0.202037051320076,
            -0.06285752356052399,
            -0.12972918152809143,
            -0.05002188682556152,
            0.129582479596138,
            0.41498932242393494,
            -0.30264946818351746,
            0.17141315340995789,
            0.15149052441120148,
            0.012406264431774616,
            -0.21733419597148895,
            0.24791881442070007,
            -0.07437843084335327,
            0.40752139687538147,
            -0.3828859031200409,
            -0.26661795377731323,
            0.9368048906326294,
            0.5493984818458557,
            0.04915112629532814,
            0.1778939962387085,
            0.7175535559654236,
            -0.10433212667703629,
            -0.43887388706207275,
            0.46535998582839966,
            -0.2327624410390854,
            -0.420341432094574,
            0.07415763288736343,
            -0.0414506196975708,
            0.09303110092878342,
            -0.22177521884441376,
            0.31753960251808167,
            -0.5950069427490234,
            0.17349664866924286,
            0.7642303109169006,
            0.1055721640586853,
            -0.14986884593963623,
            0.07728719711303711,
            0.11706266552209854,
            0.028597243130207062,
            -0.37186744809150696,
            0.46423524618148804,
            0.05437014251947403,
            0.5901740193367004,
            0.14345279335975647,
            -0.29326778650283813,
            0.16794328391551971,
            0.07347145676612854,
            0.33299148082733154,
            0.479554682970047,
            -0.12785528600215912,
            -0.08542067557573318,
            -0.33040449023246765,
            0.7123879790306091,
            0.6166000366210938,
            -0.18713711202144623,
            0.09581263363361359,
            -0.06152210384607315,
            0.1736028790473938,
            0.49226438999176025,
            0.21511735022068024,
            -0.30533158779144287,
            -0.060403816401958466,
            0.40163078904151917,
            0.9326149821281433,
            0.05794796347618103,
            0.3628162145614624,
            0.027998678386211395,
            -0.1654200553894043,
            0.2607543170452118,
            -0.1881614774465561,
            0.12244848161935806,
            0.031162947416305542,
            -0.10761227458715439,
            -0.032615941017866135,
            -0.2874906361103058,
            0.38935649394989014,
            -0.2185322642326355,
            0.48489758372306824,
            0.3802270293235779,
            -0.024580569937825203,
            -0.4038756489753723,
            -0.3823986053466797,
            -0.06269244104623795,
            -0.15451304614543915,
            -0.3402376174926758,
            0.1497574895620346,
            -0.09104461967945099,
