{
    "image_path": "images/068.png",
    "mask_path": "masks/068.png",
    "mask_features": {
        "mask_area_ratio": 0.008119261322603941,
        "mask_bbox": {
            "x_min": 302,
            "y_min": 522,
            "x_max": 394,
            "y_max": 623
        },
        "mask_location": "center",
        "mask_fragments": 1
    },
    "image_features": {
        "resolution": {
            "width": 183,
            "height": 275,
            "aspect_ratio": 0.665
        },
        "faces_detected": 0,
        "texture": {
            "laplacian_variance": 160.6240635092959,
            "edge_density": 0.008365623447590662
        },
        "colors": {
            "brightness_mean": 71.5361351217089,
            "saturation_mean": 188.1440039741679,
            "dominant_colors": [
                [
                    152,
                    149,
                    136
                ],
                [
                    59,
                    53,
                    3
                ],
                [
                    80,
                    72,
                    5
                ]
            ]
        },
        "text_present": false,
        "clip_embedding": [
            0.7353771924972534,
            -0.05849733576178551,
            0.13228349387645721,
            0.4225478768348694,
            0.09029266983270645,
            -0.3108266592025757,
            0.17694731056690216,
            0.16311942040920258,
            0.29047906398773193,
            0.1669689267873764,
            -0.08683199435472488,
            -0.27121368050575256,
            0.13760456442832947,
            -0.010374112986028194,
            0.1320074051618576,
            0.028715070337057114,
            0.14934201538562775,
            -0.003909823019057512,
            0.6598698496818542,
            -0.08421209454536438,
            -0.6111133098602295,
            0.14758361876010895,
            0.15666870772838593,
            -0.42028671503067017,
            -0.03175761550664902,
            0.28368422389030457,
            -0.16074369847774506,
            0.2704257667064667,
            0.09217049926519394,
            -0.07616148889064789,
            0.20029713213443756,
            0.19960947334766388,
            -0.031133977696299553,
            0.4907424747943878,
            -0.10042679309844971,
            -0.37756985425949097,
            -0.2301386147737503,
            -0.16059483587741852,
            0.08059468120336533,
            0.4906192719936371,
            0.18140199780464172,
            0.019818760454654694,
            -0.028528831899166107,
            0.38522011041641235,
            0.0023219611030071974,
            0.0424918606877327,
            0.12234456092119217,
            0.18962854146957397,
            -0.668306827545166,
            0.6405246257781982,
            -0.36796820163726807,
            0.14209850132465363,
            0.052427683025598526,
            -0.30100005865097046,
            -0.12995773553848267,
            0.09980417042970657,
            -0.46561548113822937,
            -0.07395388931035995,
            -0.11682181060314178,
            0.3215709924697876,
            0.08067701756954193,
            0.39689889550209045,
            -0.06566637754440308,
            -0.513380229473114,
            0.33462798595428467,
            -0.21284565329551697,
            0.3679533898830414,
            0.7450984120368958,
            0.26331987977027893,
            0.049567218869924545,
            -0.4807965159416199,
            0.2549556493759155,
            -0.16224293410778046,
            -0.10286391526460648,
            -0.3475978970527649,
            -0.5585309267044067,
            0.010715391486883163,
            -0.10974690318107605,
            -0.30377140641212463,
            -0.4904744625091553,
            0.10827422887086868,
            -0.13392052054405212,
            0.4678144156932831,
            -0.5257123708724976,
            0.32301029562950134,
            0.12801073491573334,
            -0.5020889043807983,
            -0.07513993978500366,
            -0.9766400456428528,
            -0.36539915204048157,
            0.30176740884780884,
            -0.27611467242240906,
            -8.180235862731934,
            -0.39462006092071533,
            -0.15932267904281616,
            0.3065333664417267,
            -0.39421576261520386,
            0.05559229105710983,
            0.08738110959529877,
            -2.3114047050476074,
            0.16512629389762878,
            -0.5903279781341553,
            -0.04279298707842827,
            -0.2751178741455078,
            0.5433043241500854,
            0.1411205381155014,
            0.6670203804969788,
            0.1834275722503662,
            0.13180634379386902,
            0.015641625970602036,
            0.5054292678833008,
            -0.07139606773853302,
            0.17804913222789764,
            -0.03219906985759735,
            -0.059786345809698105,
            -0.146039217710495,
            -0.5038718581199646,
            0.12266803532838821,
            -0.0892072543501854,
            -0.25107982754707336,
            -0.2170228809118271,
            0.14412876963615417,
            0.278710275888443,
            -0.4638783931732178,
            0.3769382834434509,
            0.4250829517841339,
            -0.11411846429109573,
            0.08648546040058136,
            0.2974822521209717,
            -0.10622353851795197,
            0.24915289878845215,
            -0.3629411458969116,
            0.12921679019927979,
            1.0125333070755005,
            0.5250235795974731,
            -0.13869670033454895,
            0.32889676094055176,
            0.4775393307209015,
            -0.4326246678829193,
            -0.27118101716041565,
            0.1390867978334427,
            -0.1659315526485443,
            -0.33320707082748413,
            0.2326682060956955,
            -0.11336915194988251,
            -0.039670445024967194,
            -0.30755165219306946,
            0.24668775498867035,
            -0.6113319993019104,
            0.2446032017469406,
            0.935566782951355,
            0.04927659407258034,
            0.5277346968650818,
            -0.19463889300823212,
            -0.32890909910202026,
            -0.3444884717464447,
            -0.5095990896224976,
            0.18701881170272827,
            0.015167607925832272,
            0.018025266006588936,
            0.042517803609371185,
            0.0430629663169384,
            0.5898774862289429,
            0.16483277082443237,
            0.5407588481903076,
            0.6652104258537292,
            0.15925469994544983,
            0.16910752654075623,
            -0.27018484473228455,
            0.2549034059047699,
            0.5400587320327759,
            0.0889773890376091,
            -0.03104226104915142,
            -0.15965105593204498,
            -0.27924567461013794,
            0.337924063205719,
            0.11680637300014496,
            -0.06936997920274734,
            -0.38730037212371826,
            0.4545033574104309,
            0.6386969685554504,
            0.14391441643238068,
            0.20000353455543518,
            -0.10509596019983292,
            -0.1046498492360115,
            0.10697222501039505,
            -0.16003841161727905,
            -0.5773797035217285,
            0.17729030549526215,
            9.991291153710335e-05,
            -0.3983483612537384,
            -0.07925522327423096,
            -0.08054797351360321,
            -0.4349028170108795,
            0.42844289541244507,
            0.19310583174228668,
            0.12354931980371475,
            -0.20808272063732147,
            0.4236690402030945,
            -0.03349921479821205,
            0.12777553498744965,
            -0.3975171446800232,
            -0.074631467461586,
            0.2488432675600052,
