{
    "image_path": "images/069.png",
    "mask_path": "masks/069.png",
    "mask_features": {
        "mask_area_ratio": 0.1902595949423744,
        "mask_bbox": {
            "x_min": 280,
            "y_min": 466,
            "x_max": 1046,
            "y_max": 965
        },
        "mask_location": "edge_or_corner",
        "mask_fragments": 1
    },
    "image_features": {
        "resolution": {
            "width": 1024,
            "height": 942,
            "aspect_ratio": 1.087
        },
        "faces_detected": 0,
        "texture": {
            "laplacian_variance": 76.7328610971627,
            "edge_density": 0.035423716162420384
        },
        "colors": {
            "brightness_mean": 130.13717385715233,
            "saturation_mean": 27.68926755739119,
            "dominant_colors": [
                [
                    42,
                    41,
                    41
                ],
                [
                    214,
                    208,
                    201
                ],
                [
                    109,
                    114,
                    117
                ]
            ]
        },
        "text_present": false,
        "clip_embedding": [
            0.461864173412323,
            0.41862401366233826,
            -0.1960759460926056,
            -0.24147391319274902,
            -0.23064495623111725,
            -0.037400539964437485,
            0.29294586181640625,
            -0.22296124696731567,
            0.3003253936767578,
            0.12526273727416992,
            -0.09687480330467224,
            0.2764670252799988,
            -0.27833473682403564,
            0.030482208356261253,
            0.67803555727005,
            -0.49075940251350403,
            0.47170183062553406,
            0.16681843996047974,
            0.1026247963309288,
            -0.029450824484229088,
            0.21645444631576538,
            -0.17458420991897583,
            0.4216965138912201,
            0.3155427575111389,
            -0.4566505551338196,
            0.3388168215751648,
            -0.2235928773880005,
            -0.4235496520996094,
            0.034124474972486496,
            0.09766414761543274,
            -0.4160538911819458,
            -0.04963463172316551,
            -0.16526666283607483,
            0.31316429376602173,
            0.2710035443305969,
            0.05116298422217369,
            0.11160572618246078,
            0.19343847036361694,
            -0.009282870218157768,
            0.9069282412528992,
            0.47452789545059204,
            -0.2994263470172882,
            0.32462936639785767,
            -0.539555549621582,
            0.2565992474555969,
            -1.2112325429916382,
            -0.019448142498731613,
            0.12308409810066223,
            0.6152557134628296,
            0.17637093365192413,
            0.0005763483932241797,
            0.7929754257202148,
            0.23189294338226318,
            -0.3981019854545593,
            -0.4071151316165924,
            0.3506855070590973,
            0.38603806495666504,
            0.11737554520368576,
            -0.42024141550064087,
            -0.3613063395023346,
            -0.9887543320655823,
            -0.06849780678749084,
            0.14249886572360992,
            -0.012199739925563335,
            -0.2562867999076843,
            -0.07525799423456192,
            0.19763310253620148,
            0.24971018731594086,
            -0.5390281081199646,
            0.3198023736476898,
            -0.17011456191539764,
            0.4255598783493042,
            0.17464476823806763,
            0.0961318388581276,
            0.11054255068302155,
            -0.1405252069234848,
            -0.11351573467254639,
            -0.18738611042499542,
            0.20068144798278809,
            0.042582932859659195,
            0.5031201243400574,
            0.23526319861412048,
            0.17443524301052094,
            0.35477057099342346,
            0.17830999195575714,
            0.17204247415065765,
            0.4448375701904297,
            -0.25854793190956116,
            0.21638353168964386,
            -0.1876971423625946,
            -0.3059317469596863,
            -0.5083293914794922,
            -4.814463138580322,
            -0.01933285966515541,
            0.3666219115257263,
            0.11358960717916489,
            -0.12363138049840927,
            -0.3511892557144165,
            -0.29142582416534424,
            -0.6892415881156921,
            0.10319367796182632,
            0.2842255234718323,
            0.02935754507780075,
            0.5037389993667603,
            0.9903541207313538,
            -0.3285779058933258,
            -0.34610873460769653,
            0.27784621715545654,
            0.021437527611851692,
            -0.21971680223941803,
            0.3586721122264862,
            -0.7869758009910583,
            -0.08108139038085938,
            0.3637595772743225,
            -0.08212560415267944,
            0.11696463078260422,
            0.005033478140830994,
            -0.21879863739013672,
            0.3504912555217743,
            -0.8371880650520325,
            -0.19846785068511963,
            0.19729535281658173,
            -0.18479016423225403,
            -0.10782235115766525,
            -0.021552175283432007,
            -0.5093129873275757,
            0.32549846172332764,
            0.2322334200143814,
            -0.15150198340415955,
            -0.017399659380316734,
            -0.05159845948219299,
            -0.3602760434150696,
            -0.09466415643692017,
            0.7833724617958069,
            0.34565407037734985,
            0.23545953631401062,
            0.31428760290145874,
            0.183168426156044,
            -0.5115871429443359,
            -0.12036775797605515,
            0.17122383415699005,
            0.09885719418525696,
            0.40660709142684937,
            0.02960110455751419,
            -0.15772713720798492,
            -0.1727340966463089,
            -0.12279997766017914,
            0.43529561161994934,
            -0.06688584387302399,
            0.29399582743644714,
            -0.046595681458711624,
            -0.1611597090959549,
            0.19359607994556427,
            0.238469660282135,
            0.3475203812122345,
            -0.5941272377967834,
            0.2275388538837433,
            0.1802750825881958,
            -0.363307386636734,
            -0.060765910893678665,
            -0.028086967766284943,
            -0.57164067029953,
            -0.0967893972992897,
            -0.3979456126689911,
            0.07371918857097626,
            -0.0012822563294321299,
            0.306155800819397,
            0.5017983317375183,
            0.177570641040802,
            0.23852193355560303,
            -0.11331231892108917,
            0.2795453369617462,
            -0.26194679737091064,
            -0.10890521854162216,
            0.2186298966407776,
            -0.41975507140159607,
            0.6534647941589355,
            -0.29378893971443176,
            -0.5829392671585083,
            0.0526583231985569,
            0.4066719710826874,
            -0.22682121396064758,
            -0.08221077173948288,
            -0.12710033357143402,
            0.2481287270784378,
            0.020717678591609,
            0.2272263765335083,
            -0.25655436515808105,
            -0.010117272846400738,
            -0.22006845474243164,
            -0.17799295485019684,
            0.061259571462869644,
            0.27773067355155945,
            -0.2807703912258148,
            -1.25373113155365,
            -0.1644842028617859,
            -0.2976929545402527,
            -0.655701220035553,
            -0.4543398320674896,
            0.5332114100456238,
            0.02968384139239788,
            0.12122029811143875,
            -0.1840347945690155,
            -0.2514134645462036,
