{
    "image_path": "images/070.png",
    "mask_path": "masks/070.png",
    "mask_features": {
        "mask_area_ratio": 0.013501042433161638,
        "mask_bbox": {
            "x_min": 518,
            "y_min": 300,
            "x_max": 682,
            "y_max": 368
        },
        "mask_location": "center",
        "mask_fragments": 1
    },
    "image_features": {
        "resolution": {
            "width": 300,
            "height": 168,
            "aspect_ratio": 1.786
        },
        "faces_detected": 0,
        "texture": {
            "laplacian_variance": 261.4583927906116,
            "edge_density": 0.005515873015873016
        },
        "colors": {
            "brightness_mean": 96.29420634920635,
            "saturation_mean": 233.15970238095238,
            "dominant_colors": [
                [
                    116,
                    120,
                    7
                ],
                [
                    139,
                    150,
                    195
                ],
                [
                    135,
                    141,
                    13
                ]
            ]
        },
        "text_present": false,
        "clip_embedding": [
            0.7791056036949158,
            -0.02546604350209236,
            0.20463566482067108,
            0.11694840341806412,
            0.10759247839450836,
            -0.3886645436286926,
            0.19027794897556305,
            0.5266901850700378,
            0.052322085946798325,
            -0.06043510511517525,
            0.1555129587650299,
            0.10494114458560944,
            0.36596572399139404,
            0.2057533860206604,
            0.057190023362636566,
            -0.11902763694524765,
            -0.2543846368789673,
            0.17009787261486053,
            0.6398400068283081,
            -0.14487525820732117,
            -0.730480432510376,
            0.23624083399772644,
            0.17477832734584808,
            -0.32500460743904114,
            0.3170204758644104,
            0.1107771024107933,
            -0.24565406143665314,
            0.27261993288993835,
            -0.11363446712493896,
            -0.019160691648721695,
            0.009150850586593151,
            0.20150646567344666,
            0.17377862334251404,
            0.2009187489748001,
            -0.32107895612716675,
            -0.35507047176361084,
            -0.3595300614833832,
            -0.20327836275100708,
            0.2784744203090668,
            0.9160164594650269,
            0.33211827278137207,
            0.4819745421409607,
            0.09778325259685516,
            0.2396024763584137,
            0.01007264293730259,
            -0.35803481936454773,
            0.09600170701742172,
            0.1733054220676422,
            -0.4456225633621216,
            0.539764940738678,
            -0.17866526544094086,
            0.08880496770143509,
            -0.012599417008459568,
            -0.2404235601425171,
            0.065911665558815,
            -0.08153904229402542,
            -0.35266101360321045,
            0.2994418144226074,
            0.12961387634277344,
            0.5913967490196228,
            -0.22895242273807526,
            0.533234179019928,
            0.22585278749465942,
            -0.5253152251243591,
            0.3508901298046112,
            -0.11152932047843933,
            0.08070066571235657,
            1.0508477687835693,
            -0.00406221067532897,
            -0.22436213493347168,
            -0.6958047747612,
            -0.14713042974472046,
            0.010518028400838375,
            -0.28599268198013306,
            -0.3088099956512451,
            -0.4321814775466919,
            -0.45874089002609253,
            -0.19804246723651886,
            -0.07823485136032104,
            -0.33683669567108154,
            -0.39138782024383545,
            -0.2894171178340912,
            0.21563886106014252,
            -0.9947869181632996,
            0.33954623341560364,
            -0.03419669345021248,
            -0.7269288301467896,
            -0.23003223538398743,
            -0.9779115915298462,
            -0.21137617528438568,
            0.16092798113822937,
            -0.5800739526748657,
            -7.529168605804443,
            0.006312212906777859,
            -0.012892612256109715,
            -0.06076529249548912,
            -0.4551847577095032,
            -0.05425572767853737,
            0.09467794746160507,
            -1.4947234392166138,
            0.02394404448568821,
            -0.20059750974178314,
            -0.34154918789863586,
            -0.2212418168783188,
            0.34395426511764526,
            0.1495949625968933,
            -0.25341200828552246,
            0.0035412984434515238,
            0.2685682773590088,
            -0.4318140149116516,
            0.49488481879234314,
            0.46052730083465576,
            0.4410891830921173,
            -0.12497469782829285,
            0.052553582936525345,
            -0.4297869801521301,
            -0.10572976619005203,
            -0.050417784601449966,
            -0.12306943535804749,
            -0.295661062002182,
            -0.11597158014774323,
            -0.03049447387456894,
            0.2337283045053482,
            -0.2877398729324341,
            0.11853348463773727,
            0.32399609684944153,
            0.19362622499465942,
            -0.09424705803394318,
            0.42452242970466614,
            0.14520150423049927,
            0.1753169298171997,
            -0.3070555031299591,
            0.15631933510303497,
            0.9415360689163208,
            0.1656646728515625,
            -0.1725948005914688,
            0.1366407722234726,
            0.1058994010090828,
            -0.16900181770324707,
            -0.5826721787452698,
            -0.004575537052005529,
            0.035803817212581635,
            0.06670381873846054,
            -0.04129697382450104,
            -0.2893476188182831,
            0.24616669118404388,
            -0.28488001227378845,
            0.01829584501683712,
            -0.49036261439323425,
            0.33404046297073364,
            0.82747882604599,
            0.1636444330215454,
            0.036340728402137756,
            0.16856589913368225,
            -0.2517915666103363,
            -0.17830514907836914,
            -0.17064343392848969,
            0.020579323172569275,
            -0.012647674418985844,
            0.29920145869255066,
            0.006587648298591375,
            -0.18452931940555573,
            0.6151913404464722,
            0.43596020340919495,
            0.6334064602851868,
            0.3799486458301544,
            -0.026397814974188805,
            0.20722346007823944,
            -0.1678907424211502,
            0.17472630739212036,
            0.42705586552619934,
            -0.09395220130681992,
            0.009614057838916779,
            0.22540806233882904,
            -0.3220037817955017,
            0.43844932317733765,
            0.3267625868320465,
            -0.16753359138965607,
            -0.24668888747692108,
            0.26884427666664124,
            0.7296765446662903,
            0.1761794090270996,
            0.09208285063505173,
            0.09471449255943298,
            -0.09365229308605194,
            0.16868707537651062,
            -0.1107206717133522,
            -0.4619874656200409,
            0.17538554966449738,
            -0.13582514226436615,
            -0.13603472709655762,
            -0.24936741590499878,
            0.030536901205778122,
            -0.40438729524612427,
            0.6403201222419739,
            -0.03821320831775665,
            0.048584721982479095,
            0.07441160827875137,
            0.18573231995105743,
            0.0621979720890522,
            0.16506238281726837,
            -0.22573311626911163,
            -0.025698743760585785,
            0.0727945864200592,
