{
    "image_path": "images/071.jpeg",
    "mask_path": "masks/071.png",
    "mask_features": {
        "mask_area_ratio": 0.04156550068587106,
        "mask_bbox": {
            "x_min": 322,
            "y_min": 634,
            "x_max": 760,
            "y_max": 797
        },
        "mask_location": "edge_or_corner",
        "mask_fragments": 1
    },
    "image_features": {
        "resolution": {
            "width": 225,
            "height": 225,
            "aspect_ratio": 1.0
        },
        "faces_detected": 0,
        "texture": {
            "laplacian_variance": 308.06623080296293,
            "edge_density": 0.015881481481481483
        },
        "colors": {
            "brightness_mean": 64.69663209876543,
            "saturation_mean": 71.85613827160493,
            "dominant_colors": [
                [
                    78,
                    79,
                    58
                ],
                [
                    103,
                    123,
                    110
                ],
                [
                    51,
                    47,
                    35
                ]
            ]
        },
        "text_present": false,
        "clip_embedding": [
            0.5655903220176697,
            -0.06280524283647537,
            -0.12310460209846497,
            0.5921211242675781,
            0.4151669144630432,
            -0.4163714647293091,
            -0.48125141859054565,
            -0.41287490725517273,
            -0.0729459896683693,
            0.09860416501760483,
            -0.1289157122373581,
            0.014775097370147705,
            0.4626258909702301,
            -0.12384161353111267,
            -0.0021690083667635918,
            0.014928082935512066,
            0.2549314498901367,
            0.20967994630336761,
            0.4535585641860962,
            -0.0022204434499144554,
            -0.9320751428604126,
            0.18026699125766754,
            0.23110951483249664,
            -0.3198484182357788,
            0.34862205386161804,
            0.09395024180412292,
            -0.12780261039733887,
            0.2079634964466095,
            -0.023574218153953552,
            -0.2569175362586975,
            -0.21767820417881012,
            0.3850414752960205,
            0.38648608326911926,
            0.23813174664974213,
            -0.27091097831726074,
            0.050943464040756226,
            -0.2968381941318512,
            -0.10753068327903748,
            0.3639635741710663,
            -0.24305014312267303,
            0.22959406673908234,
            -0.22326530516147614,
            0.0781150832772255,
            0.20707491040229797,
            -0.260843962430954,
            0.22031500935554504,
            0.4035171568393707,
            -0.3114864230155945,
            -0.2361244261264801,
            0.17747266590595245,
            0.07013159990310669,
            0.07064598053693771,
            -0.11693874001502991,
            -0.3592652380466461,
            -0.191162109375,
            -0.21775878965854645,
            -0.47053927183151245,
            -0.07146445661783218,
            -0.11758886277675629,
            0.23339831829071045,
            -0.0385066419839859,
            0.34797966480255127,
            0.12714175879955292,
            -0.03532496467232704,
            0.18051989376544952,
            -0.268878310918808,
            -0.05538064241409302,
            -0.19186058640480042,
            0.11690157651901245,
            -0.008548554033041,
            0.06434348970651627,
            0.30881258845329285,
            0.1639743149280548,
            0.05884167551994324,
            -0.4828747510910034,
            -0.44192397594451904,
            0.10740100592374802,
            -0.4075431525707245,
            0.10681898146867752,
            -0.04764643311500549,
            0.10623420774936676,
            -0.11886000633239746,
            0.5460941195487976,
            -0.6980199813842773,
            0.3647609055042267,
            -0.18034487962722778,
            -0.46267950534820557,
            -0.08240766078233719,
            -0.8856363296508789,
            -0.3199615776538849,
            0.1553329974412918,
            -0.040619514882564545,
            -7.290153980255127,
            -0.3580540120601654,
            -0.014118658378720284,
            0.1116047203540802,
            -0.12453329563140869,
            0.04496407508850098,
            -0.32340914011001587,
            -2.4578769207000732,
            -0.01825239509344101,
            -0.5480974912643433,
            0.08589327335357666,
            0.36030223965644836,
            0.7065533995628357,
            -0.12563484907150269,
            0.6574496626853943,
            -0.31464049220085144,
            0.38090142607688904,
            -0.3761962652206421,
            0.3594810366630554,
            -0.14575232565402985,
            -0.031843189150094986,
            0.08740873634815216,
            0.056940384209156036,
            -0.5167819261550903,
            -0.2840242385864258,
            -0.01086962316185236,
            -0.2480388581752777,
            -0.4370797276496887,
            -0.7110427021980286,
            0.17667710781097412,
            0.2522318959236145,
            -0.1542598158121109,
            0.32449910044670105,
            0.09820398688316345,
            -0.18584312498569489,
            -0.17692787945270538,
            0.4010646343231201,
            0.4049278199672699,
            0.4157653748989105,
            0.0778050571680069,
            -0.05893982946872711,
            0.9120500683784485,
            0.39387673139572144,
            -0.15320950746536255,
            -0.0008178776479326189,
            0.6002777814865112,
            0.4612520635128021,
            -0.3791114389896393,
            0.3775201439857483,
            -0.2541746199131012,
            -0.5800020098686218,
            0.1168685182929039,
            0.230094775557518,
            0.05178261920809746,
            -0.031766388565301895,
            0.11102648824453354,
            -0.3687874376773834,
            0.29792582988739014,
            0.5311152338981628,
            0.35115790367126465,
            0.027225153520703316,
            -0.672839343547821,
            -0.1840609759092331,
            -0.33259662985801697,
            -0.29086530208587646,
            0.1568589210510254,
            -0.049860116094350815,
            0.07594125717878342,
            0.22799170017242432,
            -0.23588405549526215,
            0.007728211116045713,
            0.011993474327027798,
            0.6983904838562012,
            0.9028559327125549,
            -0.10567180812358856,
            -0.3033537268638611,
            -0.1255454272031784,
            0.6929323077201843,
            0.3251299560070038,
            -0.435893177986145,
            0.34191232919692993,
            -0.13075107336044312,
            -0.16854216158390045,
            0.46081820130348206,
            0.2981356382369995,
            0.1355193853378296,
            -0.2870868742465973,
            0.16322870552539825,
            0.908070981502533,
            -0.0013226656010374427,
            0.3705824315547943,
            -0.5302545428276062,
            -0.33855563402175903,
            0.4052397906780243,
            -0.22346943616867065,
            0.3470490574836731,
            0.075074203312397,
            -0.4240354597568512,
            -0.2570651173591614,
            0.14632607996463776,
            -0.11749450862407684,
            -0.8030969500541687,
            0.8152550458908081,
            -0.03442401438951492,
            0.11118458956480026,
            -0.05084601417183876,
            0.1503785103559494,
            0.27646777033805847,
            0.04606698825955391,
            -0.005540776532143354,
            0.3992224633693695,
            0.0663578063249588,
