{
    "image_path": "images/072.jpg",
    "mask_path": "masks/072.png",
    "mask_features": {
        "mask_area_ratio": 0.007730564723138981,
        "mask_bbox": {
            "x_min": 334,
            "y_min": 477,
            "x_max": 416,
            "y_max": 660
        },
        "mask_location": "center",
        "mask_fragments": 1
    },
    "image_features": {
        "resolution": {
            "width": 1536,
            "height": 2048,
            "aspect_ratio": 0.75
        },
        "faces_detected": 0,
        "texture": {
            "laplacian_variance": 269.54794883821904,
            "edge_density": 0.0742505391438802
        },
        "colors": {
            "brightness_mean": 120.85612964630127,
            "saturation_mean": 41.276146252950035,
            "dominant_colors": [
                [
                    85,
                    78,
                    75
                ],
                [
                    132,
                    129,
                    133
                ],
                [
                    177,
                    198,
                    222
                ]
            ]
        },
        "text_present": false,
        "clip_embedding": [
            0.17906098067760468,
            0.31138837337493896,
            0.21667705476284027,
            0.20779414474964142,
            0.2941376566886902,
            0.12318149954080582,
            0.5637579560279846,
            -0.09624295681715012,
            0.2939549684524536,
            0.35222622752189636,
            0.08611585944890976,
            -0.3842169940471649,
            -0.04711071029305458,
            -0.05877572298049927,
            -0.06681318581104279,
            -0.03825671970844269,
            -0.49613499641418457,
            0.5412386655807495,
            0.7800487279891968,
            -0.6179184317588806,
            -0.3259055018424988,
            -0.10210586339235306,
            0.25998422503471375,
            0.17271536588668823,
            -0.013615730218589306,
            0.2957487106323242,
            0.22838829457759857,
            0.4874652028083801,
            0.01039272453635931,
            -0.29032447934150696,
            -0.1749023199081421,
            0.2668212056159973,
            -0.19219575822353363,
            0.31112271547317505,
            -0.15058259665966034,
            0.10183682292699814,
            -0.44809308648109436,
            -0.5162948369979858,
            0.20906516909599304,
            1.3339686393737793,
            0.21411004662513733,
            0.06150079891085625,
            -0.24432595074176788,
            0.33042532205581665,
            0.1183258444070816,
            -1.7436333894729614,
            0.3833242356777191,
            0.1528502106666565,
            -0.6174677014350891,
            0.2940513789653778,
            -0.45198363065719604,
            -0.2116752713918686,
            0.055574193596839905,
            -0.30931586027145386,
            -0.35880178213119507,
            0.28464752435684204,
            -0.15431855618953705,
            0.18616977334022522,
            -0.0012803847203031182,
            -0.04281482473015785,
            -0.4643930196762085,
            -0.07514766603708267,
            0.00033507737680338323,
            -0.4094153046607971,
            0.005638797767460346,
            -0.08469249308109283,
            0.340346097946167,
            0.7371589541435242,
            0.07499519735574722,
            0.05953795835375786,
            -0.07403074949979782,
            0.3419063091278076,
            -0.08532082289457321,
            0.0312676802277565,
            0.027179472148418427,
            -0.37415239214897156,
            0.04266665130853653,
            -0.4079557955265045,
            -0.6716917753219604,
            -0.6629440784454346,
            0.19468486309051514,
            -0.3117525577545166,
            0.607362687587738,
            -0.10151535272598267,
            0.6570603251457214,
            0.24888968467712402,
            -0.0420728474855423,
            -0.2749454975128174,
            -0.15592223405838013,
            -0.37035563588142395,
            0.21459977328777313,
            -0.6664577126502991,
            -6.948349952697754,
            -0.7125089168548584,
            -0.47012269496917725,
            0.36634770035743713,
            -0.3821046054363251,
            0.025113530457019806,
            0.657729983329773,
            -2.1805572509765625,
            0.3896549344062805,
            -0.1328292340040207,
            -0.38833087682724,
            -0.04380492493510246,
            0.7003384828567505,
            0.21953940391540527,
            0.3371744155883789,
            0.08786436170339584,
            -0.4395548105239868,
            0.5432256460189819,
            0.25360116362571716,
            -0.7414678931236267,
            0.11812178045511246,
            0.03393786400556564,
            0.1451941430568695,
            -0.2731468677520752,
            -0.7034990191459656,
            -0.47858482599258423,
            -0.2113596796989441,
            0.16579152643680573,
            0.10802207887172699,
            -0.03800841420888901,
            0.08048223704099655,
            -0.9416141510009766,
            0.06944894045591354,
            0.34174150228500366,
            -0.2683500051498413,
            0.17759884893894196,
            0.49679261445999146,
            0.24176689982414246,
            0.33507248759269714,
            -0.2830227315425873,
            -0.12502020597457886,
            0.884530246257782,
            0.192845419049263,
            -0.05651862174272537,
            0.039672039449214935,
            0.32262349128723145,
            -0.03456193208694458,
            -0.05953007936477661,
            0.07241615653038025,
            -0.3139272928237915,
            0.3881388306617737,
            0.034798137843608856,
            0.36709368228912354,
            -0.03823743388056755,
            -0.1548619568347931,
            0.010776171460747719,
            -0.18624429404735565,
            0.3103834390640259,
            0.17284342646598816,
            0.05681266635656357,
            0.29204991459846497,
            0.02275274135172367,
            -0.18973763287067413,
            -0.19940228760242462,
            -0.40085530281066895,
            0.01787845604121685,
            0.04520314186811447,
            0.12874290347099304,
            -0.004514463245868683,
            -0.3700804114341736,
            0.781190037727356,
            0.3042067289352417,
            0.48156699538230896,
            -0.19879741966724396,
            0.5660811066627502,
            0.5970109701156616,
            0.0163069199770689,
            -0.11736990511417389,
            0.39629340171813965,
            0.27297142148017883,
            -0.2188286930322647,
            0.009743749164044857,
            -0.08817294985055923,
            -0.4186495840549469,
            -0.3060852587223053,
            0.014015278778970242,
            -0.5400351881980896,
            0.36612778902053833,
            0.7923745512962341,
            0.3788692355155945,
            0.3625892400741577,
            0.03558330237865448,
            0.1328437179327011,
            -0.21365022659301758,
            -0.02928222343325615,
            -0.21741539239883423,
            0.15300370752811432,
            -0.04925631359219551,
            -0.29006853699684143,
            0.1053679808974266,
            -0.1257752776145935,
            -0.1416292041540146,
            -0.014609947800636292,
            -0.31379434466362,
            0.05185260996222496,
            0.19080667197704315,
            -0.02161422185599804,
            0.04352209344506264,
            -0.11050160229206085,
            -0.3361276388168335,
            -0.20488928258419037,
            0.46303635835647583,
