{
    "image_path": "images/073.png",
    "mask_path": "masks/073.png",
    "mask_features": {
        "mask_area_ratio": 0.15477535334777676,
        "mask_bbox": {
            "x_min": 365,
            "y_min": 224,
            "x_max": 803,
            "y_max": 619
        },
        "mask_location": "center",
        "mask_fragments": 1
    },
    "image_features": {
        "resolution": {
            "width": 275,
            "height": 183,
            "aspect_ratio": 1.503
        },
        "faces_detected": 0,
        "texture": {
            "laplacian_variance": 466.9258022657989,
            "edge_density": 0.05333333333333334
        },
        "colors": {
            "brightness_mean": 179.15602583209142,
            "saturation_mean": 69.5157873820169,
            "dominant_colors": [
                [
                    236,
                    241,
                    244
                ],
                [
                    54,
                    74,
                    107
                ],
                [
                    122,
                    169,
                    204
                ]
            ]
        },
        "text_present": true,
        "clip_embedding": [
            0.06986615061759949,
            0.3280777335166931,
            0.1981617957353592,
            0.4239824712276459,
            0.3112674057483673,
            -0.5308555364608765,
            0.03222905844449997,
            0.6310386657714844,
            -0.342255562543869,
            -0.22622843086719513,
            0.03829580545425415,
            -0.04783489555120468,
            0.3423234522342682,
            -0.20196321606636047,
            0.22282133996486664,
            0.044654808938503265,
            0.38688644766807556,
            0.2318563312292099,
            0.49511051177978516,
            -0.21345321834087372,
            -0.05700884014368057,
            0.08868102729320526,
            0.39494091272354126,
            -0.2162933349609375,
            -0.15905512869358063,
            0.13738393783569336,
            -0.12126783281564713,
            -0.019249390810728073,
            0.07917527854442596,
            0.21997162699699402,
            0.011415578424930573,
            -0.27103307843208313,
            0.0445200614631176,
            -0.01639932207763195,
            0.37336838245391846,
            -0.17475411295890808,
            0.18381595611572266,
            0.12410087138414383,
            0.045974161475896835,
            -1.372527837753296,
            -0.33936333656311035,
            -0.5035812854766846,
            -0.1080942377448082,
            0.23906081914901733,
            0.20836381614208221,
            -0.612378716468811,
            -0.016718702390789986,
            0.008347269147634506,
            -0.1091419979929924,
            0.3967638611793518,
            -0.025023285299539566,
            -0.07452381402254105,
            0.3690515458583832,
            -0.13335397839546204,
            -0.16411495208740234,
            0.26306408643722534,
            0.04028945416212082,
            -0.09362202882766724,
            0.26007410883903503,
            0.4235692322254181,
            0.6037194132804871,
            -0.19786436855793,
            0.08259495347738266,
            0.0005796720506623387,
            0.05959192290902138,
            -0.05180441960692406,
            -0.5602368712425232,
            -0.18877480924129486,
            0.21419277787208557,
            0.19624486565589905,
            -0.18354296684265137,
            0.5179222226142883,
            0.05409955233335495,
            -0.31115350127220154,
            0.04156170412898064,
            0.22572322189807892,
            0.0722888857126236,
            -0.39680081605911255,
            0.3345744013786316,
            -0.06874138116836548,
            -0.44747430086135864,
            0.6519376635551453,
            -0.04480331391096115,
            0.08321653306484222,
            -0.4728042483329773,
            0.049411624670028687,
            0.947347104549408,
            0.0382656492292881,
            -0.6868826150894165,
            -0.1507975161075592,
            0.02368687465786934,
            -0.2162942886352539,
            -8.661354064941406,
            0.2626541256904602,
            0.3105519711971283,
            -0.48805010318756104,
            -0.16647547483444214,
            -0.4294082224369049,
            -0.23731644451618195,
            -1.3386493921279907,
            0.1813957244157791,
            -0.07504984736442566,
            0.13701745867729187,
            0.32318970561027527,
            0.595640242099762,
            0.24975916743278503,
            -1.356391429901123,
            0.19662877917289734,
            -0.2565421462059021,
            -0.1798086017370224,
            0.48346900939941406,
            -0.061250634491443634,
            0.1547439992427826,
            -0.38524767756462097,
            0.005825584754347801,
            -0.39937105774879456,
            -0.14236624538898468,
            0.39138782024383545,
            -0.36035940051078796,
            -0.16105212271213531,
            -0.6599102020263672,
            0.7788448333740234,
            0.34457990527153015,
            0.04289693385362625,
            0.1723550409078598,
            -0.6114612221717834,
            -0.0629265159368515,
            -0.054915525019168854,
            -0.26617902517318726,
            0.25859054923057556,
            -0.09038643538951874,
            0.49642258882522583,
            -0.43858495354652405,
            0.9856124520301819,
            -0.3075593411922455,
            -0.07129576802253723,
            0.33981356024742126,
            -0.312121719121933,
            -0.02076762542128563,
            0.2911653220653534,
            0.26732081174850464,
            0.4331490397453308,
            -0.527338445186615,
            0.5710302591323853,
            0.0010580513626337051,
            0.14314483106136322,
            -0.36961328983306885,
            -0.4976465702056885,
            -0.06403126567602158,
            0.07347960025072098,
            0.08773156255483627,
            -0.258721262216568,
            0.469877690076828,
            0.03706621006131172,
            -0.10254493355751038,
            -0.5359389781951904,
            -0.2032158076763153,
            -0.2430780529975891,
            -0.10240024328231812,
            -0.28211820125579834,
            -0.1570723056793213,
            0.12046103924512863,
            0.31248533725738525,
            0.09945365786552429,
            0.1890692561864853,
            0.01861300878226757,
            -0.11448392271995544,
            0.1281309723854065,
            -0.0006005900213494897,
            0.0798993706703186,
            0.2639159560203552,
            0.07570210844278336,
            0.23880384862422943,
            -0.48420611023902893,
            -0.10664329677820206,
            0.7450682520866394,
            0.8463466167449951,
            -0.09169823676347733,
            0.7868947386741638,
            0.05409448221325874,
            -0.06820852309465408,
            -0.6467353701591492,
            -0.21272198855876923,
            0.18301208317279816,
            0.3223019540309906,
            -0.09425948560237885,
            0.1900503933429718,
            -0.14803023636341095,
            0.15755169093608856,
            -0.29018962383270264,
            0.14359141886234283,
            -0.31364738941192627,
            0.1932268738746643,
            -0.3110449016094208,
            0.5271227955818176,
            -0.30679047107696533,
            -0.6311359405517578,
            0.4516774117946625,
            0.0445173904299736,
            -0.5000779628753662,
            -0.05325968191027641,
            0.02308594062924385,
            -0.07389518618583679,
            -0.35796117782592773,
