{
    "image_path": "images/074.png",
    "mask_path": "masks/074.png",
    "mask_features": {
        "mask_area_ratio": 0.14815243484224966,
        "mask_bbox": {
            "x_min": 84,
            "y_min": 265,
            "x_max": 642,
            "y_max": 975
        },
        "mask_location": "center",
        "mask_fragments": 1
    },
    "image_features": {
        "resolution": {
            "width": 225,
            "height": 225,
            "aspect_ratio": 1.0
        },
        "faces_detected": 0,
        "texture": {
            "laplacian_variance": 836.1861861998109,
            "edge_density": 0.05402469135802469
        },
        "colors": {
            "brightness_mean": 133.80634074074075,
            "saturation_mean": 91.37386666666667,
            "dominant_colors": [
                [
                    130,
                    163,
                    191
                ],
                [
                    84,
                    109,
                    144
                ],
                [
                    57,
                    66,
                    94
                ]
            ]
        },
        "text_present": false,
        "clip_embedding": [
            0.3259833753108978,
            0.09394153207540512,
            -0.16976593434810638,
            0.16614459455013275,
            -0.7050493955612183,
            0.09043105691671371,
            -0.019256990402936935,
            0.20930029451847076,
            -0.028762828558683395,
            0.12866264581680298,
            0.0034973686560988426,
            -0.3882864713668823,
            -0.35254964232444763,
            0.14508739113807678,
            0.3842287063598633,
            -0.08601225912570953,
            0.021142402663826942,
            0.02964111417531967,
            0.16946160793304443,
            -0.2512527406215668,
            -0.3912004232406616,
            0.1789281815290451,
            0.0027988110668957233,
            -0.10112344473600388,
            0.032911643385887146,
            0.2326117753982544,
            0.10641498118638992,
            -0.057752825319767,
            0.3324081003665924,
            0.08986254781484604,
            0.09916310012340546,
            -0.05743386223912239,
            -0.184214785695076,
            0.04581150412559509,
            -0.05296001955866814,
            -0.08027467876672745,
            0.43621769547462463,
            -0.2168404757976532,
            0.005552944261580706,
            -0.32758665084838867,
            -0.4871789515018463,
            0.19937177002429962,
            -0.01605973392724991,
            0.05567251890897751,
            0.1441783756017685,
            0.4341754615306854,
            -0.1387452483177185,
            0.17762425541877747,
            -0.04496987164020538,
            0.28619712591171265,
            -0.19884054362773895,
            -0.13212113082408905,
            0.019056275486946106,
            -0.44530215859413147,
            -0.38864901661872864,
            0.047097254544496536,
            -0.3486347794532776,
            -0.22371351718902588,
            0.2486577183008194,
            0.011660625226795673,
            0.3017381429672241,
            0.33386144042015076,
            -0.14502093195915222,
            -0.2935495674610138,
            0.038150835782289505,
            0.14409823715686798,
            -0.2480086386203766,
            -0.26881662011146545,
            0.859420120716095,
            -0.5325002670288086,
            -0.146870955824852,
            0.18592305481433868,
            -0.08371281623840332,
            -0.21102212369441986,
            -0.33391863107681274,
            -0.40884172916412354,
            -0.003722740802913904,
            0.08292863517999649,
            -0.23012468218803406,
            -0.1737828105688095,
            0.015667179599404335,
            -0.4300934970378876,
            0.14420941472053528,
            -0.16818341612815857,
            -0.14670869708061218,
            -0.34744834899902344,
            0.2619309425354004,
            -0.2027420699596405,
            0.07845408469438553,
            -0.19498495757579803,
            0.22483962774276733,
            0.4352370500564575,
            -8.07258129119873,
            -0.8427014350891113,
            0.05688291788101196,
            0.3051227629184723,
            -0.051111046224832535,
            0.03060801886022091,
            -0.6536912322044373,
            -1.1121115684509277,
            0.10417647659778595,
            -0.3656781017780304,
            0.2832798957824707,
            0.22068190574645996,
            0.18220539391040802,
            -0.08159422129392624,
            1.5171033143997192,
            -0.02929282933473587,
            0.6072767376899719,
            -0.04099591076374054,
            0.1322346329689026,
            0.1610441952943802,
            0.10918254405260086,
            0.3267904818058014,
            -0.428144246339798,
            0.06520988047122955,
            0.03301393613219261,
            0.10487445443868637,
            -0.047025155276060104,
            -0.5470257997512817,
            0.3850809931755066,
            0.42857596278190613,
            -0.021439386531710625,
            -0.5256076455116272,
            0.1407623291015625,
            0.1668221354484558,
            -0.17921799421310425,
            -0.16944308578968048,
            -0.017550619319081306,
            -0.47370779514312744,
            0.1680193394422531,
            0.30960023403167725,
            -0.1063050776720047,
            1.0021569728851318,
            0.4540584683418274,
            -0.4177635908126831,
            -0.12513220310211182,
            -0.7699428796768188,
            0.3587273955345154,
            0.21798352897167206,
            0.3628244400024414,
            0.245706245303154,
            -0.5776628255844116,
            0.6120902895927429,
            -0.36437442898750305,
            0.36866456270217896,
            -0.5901360511779785,
            0.3573852479457855,
            -0.22788329422473907,
            0.3634883761405945,
            0.1302272379398346,
            0.001286541111767292,
            0.5114265084266663,
            -0.5699442028999329,
            0.2351427972316742,
            -0.036207668483257294,
            -0.52785724401474,
            -0.06146664917469025,
            -0.025448570027947426,
            -0.10702667385339737,
            -0.08431249856948853,
            0.23215168714523315,
            -0.6345646977424622,
            0.07317955791950226,
            0.3797231912612915,
            0.3149849474430084,
            -0.09431552141904831,
            0.1860383003950119,
            -0.3088967204093933,
            -0.08223725855350494,
            0.152316614985466,
            -0.07576398551464081,
            0.30142533779144287,
            -0.05782965570688248,
            0.04379914700984955,
            0.3637048006057739,
            0.6647254228591919,
            0.025695499032735825,
            0.3473033905029297,
            -0.3052351176738739,
            0.20288757979869843,
            -0.5011371970176697,
            0.4890449345111847,
            0.16372835636138916,
            -0.10618209838867188,
            -0.1921217441558838,
            -0.5291203260421753,
            0.5996816158294678,
            0.43563687801361084,
            -0.2742999196052551,
            -0.24016395211219788,
            -0.013601556420326233,
            -0.0350889153778553,
            -0.3690935969352722,
            -0.30956974625587463,
            -0.009500091895461082,
            0.5542570948600769,
            -0.3383050858974457,
            -0.009575512260198593,
            -0.15126299858093262,
            0.09364984184503555,
            0.012008925899863243,
            0.031006362289190292,
            0.2536933124065399,
