{
    "image_path": "images/075.png",
    "mask_path": "masks/075.png",
    "mask_features": {
        "mask_area_ratio": 0.19122562674094706,
        "mask_bbox": {
            "x_min": 506,
            "y_min": 308,
            "x_max": 1004,
            "y_max": 672
        },
        "mask_location": "edge_or_corner",
        "mask_fragments": 1
    },
    "image_features": {
        "resolution": {
            "width": 275,
            "height": 183,
            "aspect_ratio": 1.503
        },
        "faces_detected": 0,
        "texture": {
            "laplacian_variance": 496.8795612763436,
            "edge_density": 0.09997019374068554
        },
        "colors": {
            "brightness_mean": 91.74342771982116,
            "saturation_mean": 111.90662692498758,
            "dominant_colors": [
                [
                    160,
                    179,
                    204
                ],
                [
                    28,
                    35,
                    60
                ],
                [
                    77,
                    94,
                    126
                ]
            ]
        },
        "text_present": true,
        "clip_embedding": [
            0.18591733276844025,
            0.4944544732570648,
            0.30239295959472656,
            0.3082270920276642,
            0.21395595371723175,
            -0.693027913570404,
            0.08570661395788193,
            0.5546130537986755,
            -0.37552377581596375,
            -0.36771470308303833,
            -0.0919513925909996,
            0.18022096157073975,
            0.48032835125923157,
            -0.19699543714523315,
            0.26089462637901306,
            0.25253716111183167,
            0.24691671133041382,
            0.10625506192445755,
            0.3687317371368408,
            -0.10402508080005646,
            -0.26137611269950867,
            0.13352349400520325,
            0.23753760755062103,
            -0.25434955954551697,
            -0.1408388912677765,
            0.1868746280670166,
            0.2318015992641449,
            -0.07569719851016998,
            -0.14575017988681793,
            0.00903493445366621,
            0.03089805506169796,
            -0.4467449188232422,
            0.11425375938415527,
            0.15277685225009918,
            0.20550087094306946,
            -0.022974791005253792,
            0.17171631753444672,
            0.1546163707971573,
            -0.36670470237731934,
            -0.7943903207778931,
            -0.040939390659332275,
            -0.4716198742389679,
            -0.2150488942861557,
            0.12510815262794495,
            0.21219664812088013,
            -0.49724236130714417,
            -0.27119341492652893,
            0.192123681306839,
            -0.25689950585365295,
            0.18673957884311676,
            0.02595367655158043,
            0.09616013616323471,
            0.3154841959476471,
            -0.4110984206199646,
            -0.32517170906066895,
            0.2474905252456665,
            0.2582833468914032,
            -0.14750099182128906,
            0.3353089690208435,
            0.31296423077583313,
            0.3953631520271301,
            -0.30988746881484985,
            0.004611223470419645,
            0.06660477072000504,
            0.07650196552276611,
            -0.13019908964633942,
            -0.13554410636425018,
            -0.1904282569885254,
            0.08532863855361938,
            0.21026988327503204,
            -0.2640064060688019,
            0.4752277731895447,
            0.09031962603330612,
            -0.3097006380558014,
            -0.12036775052547455,
            0.22891247272491455,
            0.17784619331359863,
            -0.44033557176589966,
            0.461385577917099,
            -0.013051214627921581,
            -0.2574410140514374,
            0.7043811678886414,
            -0.0004400174075271934,
            0.04678865149617195,
            -0.2780471444129944,
            -0.08763144910335541,
            0.544441282749176,
            0.3460197448730469,
            -0.5460846424102783,
            -0.27641499042510986,
            -0.22549159824848175,
            -0.1924395114183426,
            -9.186473846435547,
            0.37239348888397217,
            0.19896243512630463,
            -0.4475453197956085,
            -0.2758098244667053,
            -0.7287304401397705,
            -0.29156261682510376,
            -1.5528782606124878,
            0.179304838180542,
            -0.06304676830768585,
            0.1585148274898529,
            0.19777613878250122,
            0.5581762194633484,
            0.1399412453174591,
            -0.7747786045074463,
            0.04938293248414993,
            -0.16034917533397675,
            -0.3379868268966675,
            0.6457288265228271,
            0.07957598567008972,
            -0.07963114231824875,
            -0.49626126885414124,
            -0.025873582810163498,
            -0.21090450882911682,
            -0.2579507827758789,
            0.4457424581050873,
            -0.13422054052352905,
            -0.07865704596042633,
            -0.6370559930801392,
            0.2778990864753723,
            0.40264925360679626,
            0.06293991208076477,
            0.40806329250335693,
            -0.7020534873008728,
            -0.12574176490306854,
            0.04743169993162155,
            -0.3438604772090912,
            -0.009682063944637775,
            -0.012920650653541088,
            0.26751208305358887,
            -0.4729849696159363,
            1.0151324272155762,
            -0.4794384241104126,
            -0.21165777742862701,
            0.1561640352010727,
            -0.31491121649742126,
            -0.21253079175949097,
            0.2397661656141281,
            -0.05322593078017235,
            0.4018090069293976,
            -0.6077666282653809,
            0.6291664242744446,
            0.010768989101052284,
            0.3454585373401642,
            -0.3526031970977783,
            -0.4887132942676544,
            -0.062192533165216446,
            0.016301648691296577,
            0.010391785763204098,
            -0.06582800298929214,
            0.4363047182559967,
            -0.1536358743906021,
            -0.08813826739788055,
            -0.6513976454734802,
            -0.13860204815864563,
            -0.2185458540916443,
            -0.07210899889469147,
            -0.03212672099471092,
            0.09995865076780319,
            0.16461817920207977,
            0.40035778284072876,
            -0.05038032308220863,
            0.3263111114501953,
            -0.1585177332162857,
            0.1690054088830948,
            -0.055993735790252686,
            0.033319346606731415,
            0.08235552161931992,
            0.21842943131923676,
            0.2901463508605957,
            0.1895543485879898,
            -0.39722681045532227,
            -0.15179307758808136,
            0.5837684273719788,
            0.9484297633171082,
            -0.07845304161310196,
            0.4751323163509369,
            0.32047560811042786,
            0.03745951130986214,
            -0.7160142660140991,
            -0.20695064961910248,
            0.07604792714118958,
            0.2907401919364929,
            -0.14277072250843048,
            0.07070761173963547,
            -0.09503623843193054,
            -0.050998397171497345,
            -0.19777998328208923,
            0.09793676435947418,
            -0.3726560175418854,
            0.08207957446575165,
            -0.2558804750442505,
            0.8003085255622864,
            -0.17904622852802277,
            -0.5625838041305542,
            0.4202743172645569,
            0.2686942517757416,
            -0.2042427361011505,
            -0.28428494930267334,
            -0.10089311748743057,
            -0.10157859325408936,
            0.06934572756290436,
