{
    "image_path": "images/076.png",
    "mask_path": "masks/076.png",
    "mask_features": {
        "mask_area_ratio": 0.2556870937790158,
        "mask_bbox": {
            "x_min": 111,
            "y_min": 169,
            "x_max": 769,
            "y_max": 594
        },
        "mask_location": "center",
        "mask_fragments": 1
    },
    "image_features": {
        "resolution": {
            "width": 275,
            "height": 183,
            "aspect_ratio": 1.503
        },
        "faces_detected": 0,
        "texture": {
            "laplacian_variance": 1946.2545159789731,
            "edge_density": 0.11697963238946846
        },
        "colors": {
            "brightness_mean": 100.85005464480874,
            "saturation_mean": 105.36769001490313,
            "dominant_colors": [
                [
                    68,
                    104,
                    140
                ],
                [
                    18,
                    26,
                    34
                ],
                [
                    168,
                    195,
                    226
                ]
            ]
        },
        "text_present": false,
        "clip_embedding": [
            0.04778212681412697,
            0.2984929084777832,
            -0.2487334907054901,
            0.16854017972946167,
            -0.6365213990211487,
            -0.13427066802978516,
            -0.028398768976330757,
            0.4890560507774353,
            -0.23083147406578064,
            0.12408680468797684,
            -0.3109172582626343,
            -0.14727839827537537,
            -0.23543505370616913,
            -0.15143822133541107,
            0.4824731945991516,
            -0.13260667026042938,
            0.1772773414850235,
            -0.07589127868413925,
            0.15304140746593475,
            -0.5161081552505493,
            -0.1839274764060974,
            0.21300733089447021,
            -0.024039439857006073,
            -0.32701361179351807,
            0.0037951513659209013,
            0.31352344155311584,
            0.03981596603989601,
            0.2300788313150406,
            0.1867397278547287,
            0.3100091814994812,
            -0.18715137243270874,
            0.21809466183185577,
            -0.07019232213497162,
            0.17718921601772308,
            0.05534909665584564,
            -0.19011865556240082,
            0.17915424704551697,
            0.006426479667425156,
            -0.07085831463336945,
            0.2841184139251709,
            -0.6116181015968323,
            0.07785984128713608,
            0.11355850845575333,
            0.041256070137023926,
            0.4544822573661804,
            0.06534044444561005,
            -0.17604690790176392,
            0.0043736970983445644,
            -0.00941420253366232,
            0.17189404368400574,
            -0.42133671045303345,
            0.0974394828081131,
            -0.18591304123401642,
            -0.027204405516386032,
            -0.008143581449985504,
            -0.24774178862571716,
            0.1933278739452362,
            -0.12488573044538498,
            -0.011116879992187023,
            0.13676568865776062,
            0.5012050271034241,
            0.22849634289741516,
            0.0665300264954567,
            -0.24212202429771423,
            0.5830017328262329,
            0.180580273270607,
            -0.2683437168598175,
            -0.2857900559902191,
            0.3227965831756592,
            -0.6665854454040527,
            -0.11636552959680557,
            0.1313086301088333,
            -0.00435988325625658,
            -0.3059239983558655,
            0.013073616661131382,
            0.2802552878856659,
            -0.0063527836464345455,
            0.299557626247406,
            -0.11276412755250931,
            -0.30553892254829407,
            -0.388373464345932,
            -0.2640506625175476,
            0.668163537979126,
            -0.725188672542572,
            0.13623158633708954,
            -0.6587272882461548,
            -0.27139225602149963,
            -0.15711535513401031,
            0.22841159999370575,
            -0.35618871450424194,
            0.07114996761083603,
            0.2609737813472748,
            -8.07436466217041,
            -0.4028080701828003,
            -0.29289332032203674,
            0.10648730397224426,
            -0.30244117975234985,
            -0.08472104370594025,
            -0.9278004169464111,
            -0.5822609066963196,
            -0.02169308066368103,
            -0.03387363255023956,
            0.13809384405612946,
            -0.26359888911247253,
            0.27491116523742676,
            0.07785637676715851,
            1.5032857656478882,
            0.055275674909353256,
            0.2846073806285858,
            -0.16908317804336548,
            -0.1832633763551712,
            0.459820419549942,
            0.1913626492023468,
            0.29995858669281006,
            -0.2172534465789795,
            -0.1609017550945282,
            0.09244482964277267,
            0.11296656727790833,
            -0.02599620260298252,
            -0.4496450424194336,
            0.04792022705078125,
            0.234718456864357,
            -0.08701957017183304,
            -0.3718970715999603,
            0.007870379835367203,
            0.20604969561100006,
            -0.22259613871574402,
            0.008838953450322151,
            0.21627745032310486,
            -0.15191355347633362,
            0.13534776866436005,
            0.5601434111595154,
            -0.3935827612876892,
            0.9990479946136475,
            0.28701817989349365,
            -0.05033376067876816,
            -0.11407894641160965,
            -0.6455164551734924,
            0.1690257340669632,
            -0.29938748478889465,
            0.22679251432418823,
            0.26853227615356445,
            -0.5009588599205017,
            0.2653132975101471,
            -0.48795828223228455,
            0.5680007934570312,
            -0.4177127480506897,
            0.487445592880249,
            -0.38788655400276184,
            0.30178889632225037,
            -0.07926154136657715,
            -0.22066228091716766,
            0.3673301637172699,
            0.2179846614599228,
            0.33091598749160767,
            -0.5588839650154114,
            -0.36442065238952637,
            0.2480906844139099,
            -0.13853566348552704,
            -0.16052597761154175,
            -0.3829224407672882,
            0.07457627356052399,
            -0.3235398530960083,
            -0.18184703588485718,
            0.3557901084423065,
            0.27467042207717896,
            -0.17009250819683075,
            0.32931119203567505,
            0.009878315031528473,
            0.11433634161949158,
            0.2954179048538208,
            -0.25278130173683167,
            -0.19631578028202057,
            -0.08940665423870087,
            -0.006385736167430878,
            0.3564521372318268,
            0.3514137268066406,
            -0.08448978513479233,
            0.21017441153526306,
            -0.4000825583934784,
            -0.29501011967658997,
            -0.592900812625885,
            -0.2734033167362213,
            0.2787569463253021,
            -0.01220677513629198,
            0.14033041894435883,
            -0.19725565612316132,
            0.7173578143119812,
            0.03160770982503891,
            -0.3046681880950928,
            0.06193055585026741,
            -0.12753519415855408,
            -0.09360123425722122,
            -0.3564165532588959,
            0.0016299228882417083,
            -0.13369165360927582,
            0.29259467124938965,
            -0.0068559832870960236,
            -0.06533757597208023,
            0.14411883056163788,
            0.00829627737402916,
            0.04366237297654152,
            -0.2276178002357483,
            0.5437567234039307,
