{
    "image_path": "images/077.png",
    "mask_path": "masks/077.png",
    "mask_features": {
        "mask_area_ratio": 0.355258949757557,
        "mask_bbox": {
            "x_min": 69,
            "y_min": 14,
            "x_max": 792,
            "y_max": 615
        },
        "mask_location": "center",
        "mask_fragments": 2
    },
    "image_features": {
        "resolution": {
            "width": 275,
            "height": 183,
            "aspect_ratio": 1.503
        },
        "faces_detected": 0,
        "texture": {
            "laplacian_variance": 3689.1588839632304,
            "edge_density": 0.2179036264282166
        },
        "colors": {
            "brightness_mean": 95.93758569299553,
            "saturation_mean": 118.4535519125683,
            "dominant_colors": [
                [
                    67,
                    88,
                    122
                ],
                [
                    24,
                    35,
                    56
                ],
                [
                    118,
                    147,
                    181
                ]
            ]
        },
        "text_present": false,
        "clip_embedding": [
            0.21181906759738922,
            0.012220801785588264,
            -0.047344863414764404,
            0.6376828551292419,
            0.4431163966655731,
            -0.40573132038116455,
            0.014205225743353367,
            0.7673766016960144,
            -0.501148521900177,
            -0.04488155618309975,
            -0.0773094967007637,
            -0.39195743203163147,
            0.3352648615837097,
            -0.291124165058136,
            0.3036811649799347,
            -0.10298150032758713,
            0.8570313453674316,
            0.4360768795013428,
            0.3873558044433594,
            -0.20126765966415405,
            -0.18230083584785461,
            0.21389180421829224,
            0.6862751245498657,
            -0.19324323534965515,
            0.4089266061782837,
            0.2697659134864807,
            0.1025010272860527,
            0.059020139276981354,
            -0.06462399661540985,
            0.3110722601413727,
            0.13512256741523743,
            -0.2543046176433563,
            0.12111729383468628,
            0.11670107394456863,
            0.521708607673645,
            -0.5349125862121582,
            0.27953895926475525,
            0.07029358297586441,
            0.5648886561393738,
            -0.6277338862419128,
            -0.4967406988143921,
            -0.5108721256256104,
            -0.31636127829551697,
            0.11912508308887482,
            0.4144037961959839,
            -0.9840097427368164,
            0.0016535056056454778,
            0.11189709603786469,
            0.3222222924232483,
            0.19661250710487366,
            -0.0739370658993721,
            -0.26202571392059326,
            0.5779680013656616,
            -0.1341157704591751,
            -0.03175685927271843,
            -0.11955320090055466,
            0.14156131446361542,
            -0.5104384422302246,
            0.11742230504751205,
            0.22193560004234314,
            -0.0010942472144961357,
            0.12880736589431763,
            0.11368614435195923,
            0.32181668281555176,
            -0.3507583439350128,
            0.0464581623673439,
            0.13420824706554413,
            -0.37799713015556335,
            0.3974309265613556,
            -0.123033307492733,
            -0.46081027388572693,
            0.4767098128795624,
            0.06982166320085526,
            0.0931842103600502,
            0.3284449279308319,
            0.0777653306722641,
            0.2731929123401642,
            -0.30822718143463135,
            0.8192523717880249,
            -0.09124886244535446,
            -0.3502320945262909,
            0.842201828956604,
            0.20281825959682465,
            -1.0954053401947021,
            -0.6042851209640503,
            -0.15130236744880676,
            0.0001184875873150304,
            0.2149011790752411,
            -0.46518367528915405,
            0.10507864505052567,
            0.24650757014751434,
            -0.06965406984090805,
            -7.810781478881836,
            0.4907417595386505,
            0.47365832328796387,
            -0.6049004793167114,
            0.057918235659599304,
            -0.1324341893196106,
            -0.7591602206230164,
            -0.4845280945301056,
            0.04834685102105141,
            -0.11999069899320602,
            -0.0989735871553421,
            0.1538049727678299,
            0.24081142246723175,
            0.09108047187328339,
            -1.3791083097457886,
            -0.039064355194568634,
            -0.04542174190282822,
            -0.19217276573181152,
            0.25573423504829407,
            0.39804378151893616,
            0.4609468877315521,
            -0.48374220728874207,
            -0.22364245355129242,
            -0.36972856521606445,
            -0.2293899804353714,
            0.26744455099105835,
            0.03396609053015709,
            -0.3162836730480194,
            -0.3210018575191498,
            -0.1351625770330429,
            0.3265382647514343,
            0.31596794724464417,
            0.5187298655509949,
            -0.3347347378730774,
            -0.06636521220207214,
            -0.15757711231708527,
            -0.031098622828722,
            0.42113834619522095,
            0.14901530742645264,
            0.5815497040748596,
            -0.48153355717658997,
            0.9533846974372864,
            0.35476961731910706,
            0.010025210678577423,
            0.2979251444339752,
            0.2554522454738617,
            0.3520934581756592,
            0.2930343747138977,
            0.38707390427589417,
            0.3384697139263153,
            -0.8367265462875366,
            0.6574665307998657,
            0.04558214545249939,
            0.22433128952980042,
            -0.36420565843582153,
            -0.17504864931106567,
            -0.08949869126081467,
            0.06949779391288757,
            -0.13525745272636414,
            -0.15481261909008026,
            0.29703789949417114,
            0.2922760844230652,
            -0.3141474425792694,
            -0.5283944010734558,
            0.09608975797891617,
            0.2462186962366104,
            -0.013785673305392265,
            -0.266843318939209,
            -0.1296735554933548,
            0.2808550000190735,
            0.38104987144470215,
            -0.0304422527551651,
            -0.1210990622639656,
            0.5487013459205627,
            -0.47075462341308594,
            0.23684069514274597,
            -0.04735836014151573,
            0.3618018627166748,
            0.0873437151312828,
            -0.2290700227022171,
            0.4825107455253601,
            -0.4030407667160034,
            0.24775351583957672,
            0.2892775535583496,
            1.337018370628357,
            0.15565279126167297,
            0.5315769910812378,
            -0.2897357940673828,
            -0.08445040881633759,
            -0.47308623790740967,
            -0.13685621321201324,
            0.05683686211705208,
            0.32920119166374207,
            -0.025125887244939804,
            0.17497672140598297,
            0.20626597106456757,
            0.4737884998321533,
            -0.4401681125164032,
            0.31758660078048706,
            -0.21134483814239502,
            0.37447595596313477,
            -0.21662774682044983,
            0.42293259501457214,
            0.02706301212310791,
            -0.6486836671829224,
            0.4324198067188263,
            0.17826609313488007,
            -0.5069555044174194,
            -0.08508337289094925,
            0.24827741086483002,
            0.4094957411289215,
            -0.21668510138988495,
            -0.3422498404979706,
