{
    "image_path": "images/078.png",
    "mask_path": "masks/078.png",
    "mask_features": {
        "mask_area_ratio": 0.19544283413848632,
        "mask_bbox": {
            "x_min": 259,
            "y_min": 437,
            "x_max": 1065,
            "y_max": 760
        },
        "mask_location": "edge_or_corner",
        "mask_fragments": 1
    },
    "image_features": {
        "resolution": {
            "width": 260,
            "height": 194,
            "aspect_ratio": 1.34
        },
        "faces_detected": 0,
        "texture": {
            "laplacian_variance": 612.7681359056166,
            "edge_density": 0.04690721649484536
        },
        "colors": {
            "brightness_mean": 97.53225614591594,
            "saturation_mean": 66.65650277557494,
            "dominant_colors": [
                [
                    127,
                    143,
                    167
                ],
                [
                    87,
                    97,
                    117
                ],
                [
                    62,
                    54,
                    59
                ]
            ]
        },
        "text_present": false,
        "clip_embedding": [
            0.2732588052749634,
            0.16859658062458038,
            0.16679704189300537,
            0.05304104462265968,
            0.2255333662033081,
            -0.7426880598068237,
            0.04417223483324051,
            1.0548657178878784,
            -0.4615844786167145,
            -0.39692211151123047,
            0.1838470697402954,
            0.07752535492181778,
            0.7462301254272461,
            -0.5823584794998169,
            -0.015510576777160168,
            0.16950134932994843,
            0.3861323893070221,
            0.24122239649295807,
            0.48781338334083557,
            0.05824749916791916,
            -0.1052308976650238,
            -0.10239993035793304,
            0.19349023699760437,
            0.028479119762778282,
            0.03268929943442345,
            0.04879523813724518,
            -0.11941543221473694,
            0.08399217575788498,
            -0.03679683059453964,
            0.01880214549601078,
            0.3551160991191864,
            -0.30420538783073425,
            -0.0038867443799972534,
            0.039588380604982376,
            -0.08719867467880249,
            -0.04245004430413246,
            0.13374844193458557,
            0.06597617268562317,
            0.15068097412586212,
            -0.9383991360664368,
            -0.11949611455202103,
            0.0184161476790905,
            0.11484989523887634,
            0.06970249116420746,
            0.06395682692527771,
            -0.1600203961133957,
            -0.14553309977054596,
            0.018850654363632202,
            -0.001848851446993649,
            0.1391676366329193,
            -0.1901070773601532,
            0.24969768524169922,
            0.3570888340473175,
            -0.33954381942749023,
            -0.15118449926376343,
            0.08523369580507278,
            0.41835567355155945,
            -0.05677759647369385,
            0.03208458051085472,
            0.33255669474601746,
            0.396554559469223,
            -0.28728488087654114,
            -0.00030959336436353624,
            0.15927207469940186,
            -0.09720572084188461,
            -0.21079443395137787,
            -0.13187965750694275,
            -0.13060711324214935,
            -0.11606448143720627,
            -0.041067641228437424,
            -0.32562384009361267,
            0.3886391222476959,
            0.20569567382335663,
            -0.10019215196371078,
            -0.19980624318122864,
            0.2285129576921463,
            0.014574436470866203,
            -0.31216368079185486,
            0.36996129155158997,
            -0.03765425831079483,
            -0.2606148421764374,
            0.45939117670059204,
            0.1752920150756836,
            -0.1474723070859909,
            0.08433988690376282,
            -0.1024111956357956,
            0.36935561895370483,
            0.015775179490447044,
            -0.3535454273223877,
            -0.09044498950242996,
            -0.04773728549480438,
            -0.17668087780475616,
            -9.074878692626953,
            0.23991571366786957,
            0.10897281020879745,
            -0.40445876121520996,
            -0.2355806678533554,
            -0.46433883905410767,
            -0.06204993650317192,
            -1.3053550720214844,
            0.2678075432777405,
            -0.045544762164354324,
            0.08097682893276215,
            0.1798236072063446,
            0.8759601712226868,
            0.40522488951683044,
            -2.000471353530884,
            -0.016417397186160088,
            -0.1693570464849472,
            -0.20684188604354858,
            0.6857316493988037,
            0.3678934574127197,
            0.12390875816345215,
            -0.4526142477989197,
            0.07049886137247086,
            -0.10603661090135574,
            -0.2609867751598358,
            0.3512755334377289,
            -0.2980504631996155,
            -0.2944737672805786,
            -0.2816489040851593,
            0.12807054817676544,
            0.3450630307197571,
            -0.21871496737003326,
            0.49338632822036743,
            -0.291424959897995,
            -0.15763847529888153,
            -0.05348167568445206,
            -0.38237252831459045,
            0.28418493270874023,
            -0.18826834857463837,
            0.24043279886245728,
            -0.3025384843349457,
            1.0157831907272339,
            -0.4810052812099457,
            0.03741860389709473,
            -0.1942327618598938,
            -0.18364103138446808,
            -0.09669551253318787,
            0.2356124222278595,
            0.11003822088241577,
            0.4905681610107422,
            -0.07413016259670258,
            0.34610632061958313,
            0.1421206295490265,
            0.2986471652984619,
            -0.29303133487701416,
            -0.31734776496887207,
            0.055651403963565826,
            -0.2403331845998764,
            0.2468269020318985,
            -0.08924321085214615,
            0.49301841855049133,
            -0.11933860182762146,
            -0.36620819568634033,
            -0.45182186365127563,
            -0.05634257569909096,
            -0.3103102445602417,
            -0.27105075120925903,
            -0.14065779745578766,
            0.20236247777938843,
            0.11363060027360916,
            0.6953593492507935,
            0.0077799237333238125,
            0.31154659390449524,
            -0.02297072298824787,
            0.07712282985448837,
            0.2283606231212616,
            -0.2047753632068634,
            -0.0317891426384449,
            0.26330602169036865,
            -0.0013783994363620877,
            0.21880114078521729,
            -0.5990614295005798,
            -0.22523480653762817,
            0.3873944878578186,
            0.6070883870124817,
            -0.01962609402835369,
            0.29657575488090515,
            0.13869445025920868,
            -0.2584637999534607,
            -0.27516406774520874,
            -0.17638084292411804,
            0.22075657546520233,
            0.1781911849975586,
            -0.34661293029785156,
            -0.011740331538021564,
            -0.15203611552715302,
            0.17722457647323608,
            -0.2521219551563263,
            0.23956525325775146,
            -0.3470521867275238,
            0.033899854868650436,
            -0.3068265914916992,
            0.7110192179679871,
            -0.18537597358226776,
            -0.2188194841146469,
            0.4374848008155823,
            0.04621864855289459,
            -0.393260657787323,
            -0.28766685724258423,
            -0.14191500842571259,
            0.08003567904233932,
