{
    "image_path": "images/079.png",
    "mask_path": "masks/079.png",
    "mask_features": {
        "mask_area_ratio": 0.23995118261826182,
        "mask_bbox": {
            "x_min": 62,
            "y_min": 110,
            "x_max": 721,
            "y_max": 621
        },
        "mask_location": "center",
        "mask_fragments": 1
    },
    "image_features": {
        "resolution": {
            "width": 194,
            "height": 259,
            "aspect_ratio": 0.749
        },
        "faces_detected": 0,
        "texture": {
            "laplacian_variance": 1427.1407769312934,
            "edge_density": 0.12054690920670302
        },
        "colors": {
            "brightness_mean": 103.65408191696851,
            "saturation_mean": 147.94875213947378,
            "dominant_colors": [
                [
                    39,
                    75,
                    82
                ],
                [
                    47,
                    102,
                    172
                ],
                [
                    146,
                    163,
                    166
                ]
            ]
        },
        "text_present": false,
        "clip_embedding": [
            0.21396885812282562,
            0.3306610584259033,
            -0.040274910628795624,
            0.2857077717781067,
            -0.648871898651123,
            0.041914913803339005,
            -0.08324296027421951,
            -0.060685399919748306,
            -0.1522241234779358,
            0.11241956055164337,
            -0.05592577904462814,
            0.17701707780361176,
            -0.41169923543930054,
            -0.4592744708061218,
            0.2277127504348755,
            0.0945553407073021,
            0.8799141645431519,
            0.44506096839904785,
            0.009930413216352463,
            -0.4329223930835724,
            -0.48139122128486633,
            0.4986790120601654,
            0.43309906125068665,
            0.18248718976974487,
            -0.5288654565811157,
            0.37410926818847656,
            -0.12568219006061554,
            0.30730700492858887,
            0.04709092527627945,
            -0.11219817399978638,
            0.05821744725108147,
            -0.10080358386039734,
            -0.20823530852794647,
            0.039358846843242645,
            -0.23171135783195496,
            -0.17806987464427948,
            0.23156383633613586,
            -0.16359774768352509,
            0.2883659601211548,
            0.7120979428291321,
            0.007388925179839134,
            -0.2589465081691742,
            -0.06933816522359848,
            -0.1196710541844368,
            0.01111642550677061,
            -0.815671443939209,
            0.08149944990873337,
            -0.11504165828227997,
            0.021141542121767998,
            0.21890464425086975,
            -0.15270262956619263,
            0.2404952198266983,
            -0.5790634155273438,
            -0.502260148525238,
            -0.21310780942440033,
            -0.12496335059404373,
            -0.45456162095069885,
            -0.027614330872893333,
            0.11549132317304611,
            0.20677834749221802,
            0.39701125025749207,
            -0.18964801728725433,
            -0.36230674386024475,
            -0.2504514455795288,
            0.28556257486343384,
            0.10806433856487274,
            -0.5011698603630066,
            0.3684137165546417,
            0.29501283168792725,
            -0.4973301887512207,
            -0.004708836320787668,
            -0.12372294813394547,
            0.12879616022109985,
            0.010661737062036991,
            -0.23499487340450287,
            -0.3783518075942993,
            -0.24066202342510223,
            0.19399914145469666,
            -0.30232417583465576,
            -0.2726297676563263,
            -0.06504762172698975,
            -0.1301402896642685,
            0.23963536322116852,
            -1.012251615524292,
            0.3432317078113556,
            -0.14802375435829163,
            -0.5277571082115173,
            -0.16115233302116394,
            0.07477828115224838,
            -0.2322222888469696,
            0.27436357736587524,
            0.0354282446205616,
            -7.546698570251465,
            -0.8165158033370972,
            -0.1277773231267929,
            0.2206054925918579,
            -0.13706935942173004,
            0.4402907192707062,
            -1.0679727792739868,
            -0.17976726591587067,
            -0.012714854441583157,
            0.06474065780639648,
            -0.15411008894443512,
            -0.175339475274086,
            0.5084290504455566,
            -0.21872973442077637,
            1.409203052520752,
            -0.17509105801582336,
            0.2455962896347046,
            -0.10281990468502045,
            0.5895717144012451,
            0.14445523917675018,
            0.5073279142379761,
            0.26375314593315125,
            0.00907420925796032,
            0.24817998707294464,
            -0.2479870766401291,
            0.19472309947013855,
            0.33920398354530334,
            -0.7082422375679016,
            0.28358712792396545,
            -0.22637443244457245,
            0.2030322253704071,
            -0.3070160448551178,
            0.3000432848930359,
            0.24172040820121765,
            0.1893073320388794,
            -0.18674620985984802,
            0.09435805678367615,
            -0.9011980295181274,
            0.14184023439884186,
            0.33108946681022644,
            -0.08104461431503296,
            0.9631794691085815,
            0.06803779304027557,
            -0.1210770234465599,
            -0.2633301913738251,
            -0.549272894859314,
            0.39143556356430054,
            0.042580824345350266,
            0.5213718414306641,
            0.12744545936584473,
            -0.531147837638855,
            0.09276089072227478,
            -0.15981192886829376,
            0.3029414415359497,
            0.08419620990753174,
            0.14601291716098785,
            -0.15314416587352753,
            0.08387602120637894,
            0.15568982064723969,
            0.11391066759824753,
            0.19491074979305267,
            -0.14256662130355835,
            -0.09133520722389221,
            -0.22678333520889282,
            -0.4228842556476593,
            -0.04433426633477211,
            -0.052659884095191956,
            -0.06225719675421715,
            -0.2873302698135376,
            0.15431536734104156,
            -0.4081784784793854,
            -0.3208266794681549,
            0.3007560968399048,
            0.2102803885936737,
            -0.21064619719982147,
            0.34932515025138855,
            0.09237641841173172,
            0.04155711829662323,
            -0.050057027488946915,
            -0.024302521720528603,
            0.12928597629070282,
            0.05646037682890892,
            -0.27711212635040283,
            0.07483265548944473,
            0.4082227945327759,
            0.164710134267807,
            0.08774758130311966,
            0.06047207862138748,
            0.11324909329414368,
            -0.2338249534368515,
            -0.14619368314743042,
            0.3997093737125397,
            -0.3295528292655945,
            -0.037518300116062164,
            -0.16129454970359802,
            0.26172491908073425,
            0.012329279445111752,
            -0.08030445128679276,
            0.2767859995365143,
            -0.0829572007060051,
            0.34244051575660706,
            -0.599345862865448,
            -0.11334525793790817,
            0.4568409323692322,
            0.2960349917411804,
            -0.485610693693161,
            0.35202616453170776,
            -0.27189236879348755,
            -0.45358479022979736,
            -0.18000859022140503,
            0.12394080311059952,
            0.47900840640068054,
