{
    "image_path": "images/080.png",
    "mask_path": "masks/080.png",
    "mask_features": {
        "mask_area_ratio": 0.4944558334472234,
        "mask_bbox": {
            "x_min": 80,
            "y_min": 109,
            "x_max": 1042,
            "y_max": 687
        },
        "mask_location": "center",
        "mask_fragments": 1
    },
    "image_features": {
        "resolution": {
            "width": 259,
            "height": 195,
            "aspect_ratio": 1.328
        },
        "faces_detected": 0,
        "texture": {
            "laplacian_variance": 1893.6706684837363,
            "edge_density": 0.138976338976339
        },
        "colors": {
            "brightness_mean": 124.15671715671715,
            "saturation_mean": 114.38869418869419,
            "dominant_colors": [
                [
                    191,
                    197,
                    200
                ],
                [
                    54,
                    54,
                    78
                ],
                [
                    54,
                    137,
                    185
                ]
            ]
        },
        "text_present": false,
        "clip_embedding": [
            0.20360791683197021,
            0.503138542175293,
            -0.278863787651062,
            0.37256842851638794,
            -1.0460349321365356,
            -0.07456086575984955,
            -0.25011780858039856,
            0.5234463214874268,
            0.062100574374198914,
            0.14004476368427277,
            -0.3716355860233307,
            0.3312438428401947,
            -0.4790676534175873,
            -0.2595771849155426,
            0.027789805084466934,
            -0.30370375514030457,
            0.9646589159965515,
            0.3554229140281677,
            0.25308871269226074,
            -0.11026439070701599,
            -1.2821636199951172,
            0.0962759479880333,
            -0.27107423543930054,
            -0.3356512784957886,
            0.47542789578437805,
            0.2403179258108139,
            0.26186424493789673,
            0.12855161726474762,
            0.06780848652124405,
            0.4677806794643402,
            -0.23422197997570038,
            -0.13367484509944916,
            0.1654890775680542,
            0.17035241425037384,
            -0.05059320852160454,
            -0.3136952519416809,
            0.22595232725143433,
            0.25085142254829407,
            0.13421475887298584,
            0.8784782290458679,
            -0.36096420884132385,
            0.054668229073286057,
            0.36928874254226685,
            -0.24643875658512115,
            0.15824000537395477,
            -0.3566998839378357,
            0.300413578748703,
            0.05850798636674881,
            0.05929703265428543,
            0.0994015708565712,
            0.564697802066803,
            -0.3940388560295105,
            -0.025987409055233,
            0.07022478431463242,
            0.22987303137779236,
            -0.25813958048820496,
            -0.25013267993927,
            -0.12240829318761826,
            0.27791672945022583,
            0.34583601355552673,
            0.20915967226028442,
            0.3027130961418152,
            -0.4508330523967743,
            -0.38574138283729553,
            0.13526134192943573,
            0.42881810665130615,
            -0.583962082862854,
            0.9798458814620972,
            0.0352698378264904,
            -0.3570083677768707,
            -0.34855228662490845,
            -0.222328782081604,
            0.05834953486919403,
            0.1446646749973297,
            0.36847370862960815,
            -0.2138410061597824,
            -0.28930342197418213,
            -0.490570068359375,
            0.06849217414855957,
            -0.5374249815940857,
            -0.2713741362094879,
            -0.23153804242610931,
            0.3846564292907715,
            -0.7707797288894653,
            0.1480644792318344,
            -0.19617463648319244,
            -0.2386072725057602,
            0.17313441634178162,
            0.3928144872188568,
            -0.42659369111061096,
            0.2373005896806717,
            0.495756596326828,
            -7.719390392303467,
            -0.31335464119911194,
            0.2476770132780075,
            -0.5716984272003174,
            -0.28146445751190186,
            0.4998748302459717,
            -0.6901589632034302,
            -0.06988109648227692,
            0.019031628966331482,
            -0.358564555644989,
            -0.034207455813884735,
            -0.2988241910934448,
            -0.055040016770362854,
            -0.15124990046024323,
            -0.23357930779457092,
            0.15868718922138214,
            0.2304319143295288,
            -0.6061034798622131,
            0.13983216881752014,
            0.8171309232711792,
            -0.2597174048423767,
            0.2028651088476181,
            -0.04488564655184746,
            0.034432023763656616,
            0.44207319617271423,
            0.3390780985355377,
            -0.22726090252399445,
            -0.7863063812255859,
            0.08678329735994339,
            0.5749920606613159,
            0.2741003930568695,
            0.2496156394481659,
            0.03903358429670334,
            -0.5519328713417053,
            0.09097117930650711,
            -0.1350942850112915,
            0.40187564492225647,
            -0.06845463812351227,
            -0.09524036198854446,
            0.13179422914981842,
            0.27729448676109314,
            0.9198287129402161,
            0.15499329566955566,
            -0.11303550750017166,
            -0.10399831086397171,
            -0.5651575326919556,
            0.0037380598951131105,
            0.31124305725097656,
            0.0636080652475357,
            0.0260328222066164,
            -0.29455599188804626,
            0.3620317280292511,
            0.13044999539852142,
            0.2947188913822174,
            0.21403490006923676,
            0.265857070684433,
            -0.22231052815914154,
            -0.3214627504348755,
            0.01662774570286274,
            0.05427328124642372,
            0.5954839587211609,
            -0.3078043758869171,
            -0.19992582499980927,
            -0.586769163608551,
            0.39000871777534485,
            -0.18781082332134247,
            -0.26943954825401306,
            -0.32900530099868774,
            -0.161615788936615,
            -0.29308590292930603,
            -0.4417613744735718,
            0.0011890905443578959,
            -0.1540454626083374,
            0.5240979194641113,
            -0.7988648414611816,
            0.1730349212884903,
            0.16362246870994568,
            0.12157543748617172,
            -0.10428555309772491,
            0.2279738038778305,
            0.021880485117435455,
            -0.3842657804489136,
            0.04569640010595322,
            0.3787871301174164,
            -0.5653491020202637,
            0.4387504756450653,
            0.5950773358345032,
            -0.1222216784954071,
            -0.08562272042036057,
            -0.44705167412757874,
            -0.14546935260295868,
            0.18182490766048431,
            0.3912377655506134,
            0.017962073907256126,
            -0.3719328045845032,
            0.17090073227882385,
            0.4134758412837982,
            0.1829058676958084,
            0.23099181056022644,
            0.19503632187843323,
            0.4842521548271179,
            -0.4618400037288666,
            0.513821005821228,
            0.6694760322570801,
            -0.11290592700242996,
            -0.043206118047237396,
            0.42902618646621704,
            0.3202003538608551,
            0.06224210187792778,
            -0.027682017534971237,
            0.13395901024341583,
            0.20393647253513336,
            0.2589716613292694,
