{
    "image_path": "images/081.png",
    "mask_path": "masks/081.png",
    "mask_features": {
        "mask_area_ratio": 0.21139440261616854,
        "mask_bbox": {
            "x_min": 177,
            "y_min": 346,
            "x_max": 899,
            "y_max": 833
        },
        "mask_location": "center",
        "mask_fragments": 1
    },
    "image_features": {
        "resolution": {
            "width": 236,
            "height": 213,
            "aspect_ratio": 1.108
        },
        "faces_detected": 0,
        "texture": {
            "laplacian_variance": 1005.8289948544697,
            "edge_density": 0.08373120076390547
        },
        "colors": {
            "brightness_mean": 161.84385692687198,
            "saturation_mean": 54.39961804726665,
            "dominant_colors": [
                [
                    114,
                    146,
                    160
                ],
                [
                    197,
                    208,
                    214
                ],
                [
                    35,
                    59,
                    69
                ]
            ]
        },
        "text_present": false,
        "clip_embedding": [
            0.08853602409362793,
            0.6650717258453369,
            -0.02721410244703293,
            0.3101431727409363,
            -0.46680381894111633,
            -0.17984703183174133,
            0.020878475159406662,
            0.4629979133605957,
            -0.04535689204931259,
            0.24079975485801697,
            -0.13275322318077087,
            0.08599182218313217,
            -0.3845609128475189,
            -0.310588538646698,
            0.028937842696905136,
            0.16415730118751526,
            0.639523983001709,
            0.5001762509346008,
            0.1118764653801918,
            -0.19918642938137054,
            -0.6009281277656555,
            -0.023434624075889587,
            -0.10791078209877014,
            -0.1275884360074997,
            0.1086423248052597,
            0.24754159152507782,
            0.16074082255363464,
            -0.07278849184513092,
            0.01567288301885128,
            0.12223473191261292,
            0.05044142156839371,
            -0.0010937730548903346,
            0.2909379303455353,
            0.09042441099882126,
            -0.1054486632347107,
            -0.18625737726688385,
            -0.04677990823984146,
            0.18582072854042053,
            0.7196477651596069,
            0.5671393871307373,
            0.029196415096521378,
            0.218512162566185,
            -0.05475698783993721,
            -0.3065639138221741,
            0.18165023624897003,
            -1.0849392414093018,
            -0.38970208168029785,
            -0.1790640503168106,
            0.31670695543289185,
            0.30014634132385254,
            0.27168262004852295,
            -0.4272172152996063,
            -0.3622145652770996,
            -0.2147357165813446,
            0.037176258862018585,
            -0.6175087094306946,
            -0.31790900230407715,
            0.10211214423179626,
            0.30687448382377625,
            0.2632187306880951,
            -0.2635101079940796,
            0.04271314665675163,
            -0.09685757011175156,
            -0.3332585394382477,
            0.02045939862728119,
            0.207553431391716,
            -0.25216397643089294,
            0.2570573389530182,
            0.23481959104537964,
            -0.4129839837551117,
            -0.1912156343460083,
            -0.14970561861991882,
            -0.0033319860231131315,
            -0.07727649807929993,
            -0.21205545961856842,
            -0.17067797482013702,
            -0.21429762244224548,
            -0.13774538040161133,
            0.39560744166374207,
            -0.6334940195083618,
            0.14857853949069977,
            0.12818178534507751,
            0.470196008682251,
            -0.6763629913330078,
            0.04180335998535156,
            -0.5287339687347412,
            -0.32519182562828064,
            -0.010748668573796749,
            -0.07453659921884537,
            0.04564407467842102,
            -0.02650539204478264,
            -0.11915315687656403,
            -7.168878078460693,
            -0.28551292419433594,
            -0.07716602832078934,
            -0.08203136920928955,
            -0.14984874427318573,
            0.35117626190185547,
            -0.4870491325855255,
            0.4861501455307007,
            0.03779248148202896,
            -0.3882656395435333,
            0.09122343361377716,
            -0.3400292694568634,
            0.22654005885124207,
            -0.4101654291152954,
            -0.0694996565580368,
            0.06835643947124481,
            0.08625281602144241,
            -0.09291953593492508,
            0.07567382603883743,
            0.9175620675086975,
            0.116510309278965,
            0.2108968049287796,
            -0.40913352370262146,
            0.0944506824016571,
            0.30994847416877747,
            0.3440759479999542,
            -0.06858787685632706,
            -1.016080617904663,
            0.011969424784183502,
            -0.03177762031555176,
            0.0699058547616005,
            -0.32336175441741943,
            0.07402464002370834,
            -0.004740812815725803,
            -0.1987178921699524,
            0.3670785427093506,
            0.6167018413543701,
            -0.6514112949371338,
            -0.4430570602416992,
            -0.06524164974689484,
            0.2517297863960266,
            0.907892107963562,
            0.13092724978923798,
            -0.16359077394008636,
            -0.08902441710233688,
            -0.027506938204169273,
            -0.0735807716846466,
            0.46167200803756714,
            0.0547170527279377,
            0.24895858764648438,
            -0.36555004119873047,
            0.39956769347190857,
            -0.06336899101734161,
            0.09591737389564514,
            -0.027346741408109665,
            -0.22730709612369537,
            -0.3743059039115906,
            -0.057910799980163574,
            0.22186066210269928,
            -0.11121386289596558,
            0.6808913946151733,
            -0.4366874098777771,
            0.0010410586837679148,
            -0.16501519083976746,
            -0.4160200357437134,
            -0.2168460637331009,
            -0.18850700557231903,
            -0.4273768961429596,
            -0.11996697634458542,
            -0.13007023930549622,
            -0.5310686826705933,
            0.2827727198600769,
            0.06577705591917038,
            0.9082868695259094,
            -0.5507089495658875,
            0.23902527987957,
            0.4150242507457733,
            0.377858966588974,
            -0.39470696449279785,
            0.439899206161499,
            0.08433330804109573,
            -0.3000324070453644,
            -0.19782975316047668,
            0.4393625557422638,
            0.21824567019939423,
            0.26024341583251953,
            0.2812780439853668,
            -0.1718755066394806,
            -0.025722119957208633,
            -0.020109951496124268,
            -0.026225706562399864,
            0.2504878640174866,
            -0.1600913256406784,
            -0.06388003379106522,
            -0.13392402231693268,
            0.007984774187207222,
            0.4625958800315857,
            0.0067111290991306305,
            0.2887984812259674,
            0.07362154126167297,
            0.5494461059570312,
            -0.1773638278245926,
            0.5000427961349487,
            0.20418210327625275,
            0.12557066977024078,
            -0.017651719972491264,
            -0.23363825678825378,
            0.3072921335697174,
            -0.009132912382483482,
            0.09922024607658386,
            0.35396531224250793,
            0.15418824553489685,
