{
    "image_path": "images/082.png",
    "mask_path": "masks/082.png",
    "mask_features": {
        "mask_area_ratio": 0.3093501371742112,
        "mask_bbox": {
            "x_min": 93,
            "y_min": 186,
            "x_max": 1001,
            "y_max": 763
        },
        "mask_location": "center",
        "mask_fragments": 1
    },
    "image_features": {
        "resolution": {
            "width": 225,
            "height": 225,
            "aspect_ratio": 1.0
        },
        "faces_detected": 0,
        "texture": {
            "laplacian_variance": 2181.454182716049,
            "edge_density": 0.08136296296296296
        },
        "colors": {
            "brightness_mean": 188.709175308642,
            "saturation_mean": 69.17673086419754,
            "dominant_colors": [
                [
                    38,
                    99,
                    143
                ],
                [
                    142,
                    184,
                    200
                ],
                [
                    216,
                    229,
                    230
                ]
            ]
        },
        "text_present": false,
        "clip_embedding": [
            -0.061997465789318085,
            0.33577296137809753,
            -0.032555073499679565,
            0.17052000761032104,
            -0.023531649261713028,
            0.13821804523468018,
            -0.06160201504826546,
            0.35325947403907776,
            -0.15608054399490356,
            -0.12475980073213577,
            0.013272094540297985,
            0.08438753336668015,
            -0.14873938262462616,
            -0.18290551006793976,
            -0.0011765301460400224,
            0.18384414911270142,
            0.5775251984596252,
            0.5374459624290466,
            -0.33824604749679565,
            -0.313747763633728,
            -1.6477417945861816,
            0.23669560253620148,
            0.09479276090860367,
            -0.16684600710868835,
            0.15645350515842438,
            0.31725573539733887,
            0.16433481872081757,
            0.11489786952733994,
            -0.15468555688858032,
            0.5247665047645569,
            -0.05066196620464325,
            0.1054079532623291,
            -0.26408651471138,
            0.44517582654953003,
            -0.150400772690773,
            -0.21903979778289795,
            -0.3139554262161255,
            0.23332855105400085,
            0.41666659712791443,
            0.8321194648742676,
            -0.5285674333572388,
            -0.3152746260166168,
            0.4064113199710846,
            0.17563241720199585,
            0.2699466645717621,
            -0.2150118350982666,
            0.33247581124305725,
            0.11080487072467804,
            0.03543371707201004,
            0.32700315117836,
            0.11496026813983917,
            -0.029185498133301735,
            -0.09443870931863785,
            0.2668052911758423,
            0.039549823850393295,
            -0.07429131120443344,
            0.2248668521642685,
            -0.2790495753288269,
            0.19377505779266357,
            0.3493255078792572,
            0.08857297897338867,
            -0.10387083142995834,
            -0.15088771283626556,
            -0.22951187193393707,
            0.21262113749980927,
            0.036855194717645645,
            0.14553530514240265,
            0.710606575012207,
            0.1418282836675644,
            -0.3363039195537567,
            -0.22996407747268677,
            -0.08454961329698563,
            0.10246803611516953,
            0.479640394449234,
            0.029337579384446144,
            -0.015719259157776833,
            0.08469881117343903,
            -0.4805426001548767,
            0.46656981110572815,
            -0.09910723567008972,
            0.22620590031147003,
            0.07537124305963516,
            0.021036099642515182,
            -0.19723819196224213,
            0.09184405952692032,
            -0.22891683876514435,
            0.02349047176539898,
            -0.12378915399312973,
            -0.2740919888019562,
            0.3238084018230438,
            0.2101329267024994,
            0.05354064330458641,
            -6.368046760559082,
            0.05907410755753517,
            -0.23006749153137207,
            -0.207810178399086,
            -0.45110106468200684,
            0.6409558057785034,
            0.11531610786914825,
            1.1306278705596924,
            0.3577306568622589,
            -0.20287162065505981,
            -0.04836766794323921,
            -0.19643379747867584,
            0.2414056807756424,
            -0.031538791954517365,
            1.4682996273040771,
            -0.1423058807849884,
            0.3679964542388916,
            -0.468161404132843,
            0.2946850657463074,
            0.8912321925163269,
            -0.016586529091000557,
            -0.3043241500854492,
            -0.08772842586040497,
            0.018572036176919937,
            0.0673220083117485,
            0.2427150309085846,
            0.0639774277806282,
            -0.45027247071266174,
            0.21357642114162445,
            0.11968480050563812,
            0.889263391494751,
            0.10294825583696365,
            -0.061926569789648056,
            0.15956157445907593,
            0.2024601250886917,
            -0.017486339434981346,
            0.13695742189884186,
            0.16632051765918732,
            -0.03748251497745514,
            0.37928086519241333,
            0.2679526209831238,
            0.9035373330116272,
            -0.24136440455913544,
            -0.4719161093235016,
            -0.6182761192321777,
            0.2833743989467621,
            -0.22537893056869507,
            0.0873810425400734,
            0.45651164650917053,
            -0.23503245413303375,
            0.23854471743106842,
            0.15106283128261566,
            -0.3084372878074646,
            0.24112685024738312,
            0.2737838625907898,
            -0.07129281759262085,
            0.2938406467437744,
            -0.3212432265281677,
            0.03267057612538338,
            0.05938168987631798,
            0.5665096640586853,
            -0.04264352470636368,
            -0.1840374618768692,
            -0.15082140266895294,
            -0.30314069986343384,
            -0.3935491740703583,
            -0.21383747458457947,
            -0.17052827775478363,
            0.17779308557510376,
            -0.13835544884204865,
            -0.03138411045074463,
            0.0977785587310791,
            -0.32983002066612244,
            0.8893753290176392,
            -0.27248141169548035,
            -0.3002752363681793,
            0.22946715354919434,
            0.07033959776163101,
            0.05672237649559975,
            -0.10298458486795425,
            0.18065114319324493,
            -0.4275602102279663,
            -0.2866765856742859,
            0.5341376662254333,
            -0.47866079211235046,
            0.2808249592781067,
            0.6887018084526062,
            0.10140499472618103,
            -0.21589738130569458,
            -0.0950956717133522,
            -0.17906132340431213,
            0.34959015250205994,
            -0.47457656264305115,
            0.671501100063324,
            0.033171020448207855,
            -0.10692713409662247,
            0.5555804967880249,
            0.20133277773857117,
            0.5435500741004944,
            0.42477884888648987,
            0.4942353367805481,
            -0.16950681805610657,
            0.6350293755531311,
            0.15285411477088928,
            -0.06451740860939026,
            -0.023186786100268364,
            -0.4708399474620819,
            0.46483495831489563,
            -0.011710588820278645,
            -0.018169071525335312,
            0.22288691997528076,
            0.2342463582754135,
