{
    "image_path": "images/083.png",
    "mask_path": "masks/083.png",
    "mask_features": {
        "mask_area_ratio": 0.012127263045793398,
        "mask_bbox": {
            "x_min": 459,
            "y_min": 312,
            "x_max": 602,
            "y_max": 399
        },
        "mask_location": "center",
        "mask_fragments": 1
    },
    "image_features": {
        "resolution": {
            "width": 295,
            "height": 171,
            "aspect_ratio": 1.725
        },
        "faces_detected": 0,
        "texture": {
            "laplacian_variance": 2210.309462660113,
            "edge_density": 0.10528298146496184
        },
        "colors": {
            "brightness_mean": 112.85312716820299,
            "saturation_mean": 83.12191495688373,
            "dominant_colors": [
                [
                    39,
                    40,
                    46
                ],
                [
                    96,
                    105,
                    135
                ],
                [
                    122,
                    175,
                    231
                ]
            ]
        },
        "text_present": false,
        "clip_embedding": [
            0.8137617111206055,
            -0.039353370666503906,
            0.14762265980243683,
            -0.14075502753257751,
            0.06381627917289734,
            -0.03847923502326012,
            -0.4209725558757782,
            0.6541825532913208,
            0.35620734095573425,
            -0.30980566143989563,
            0.017432304099202156,
            -0.06894927471876144,
            0.339695543050766,
            -0.33294060826301575,
            -0.029645193368196487,
            0.00835912674665451,
            0.10174734890460968,
            0.7032929062843323,
            0.5033872127532959,
            -0.21945153176784515,
            -0.6327226161956787,
            0.01986795850098133,
            0.09353113919496536,
            -0.0016953711165115237,
            -0.04954170435667038,
            0.15608207881450653,
            0.00567451398819685,
            -0.005780755542218685,
            0.10367466509342194,
            -0.21632614731788635,
            0.12815524637699127,
            0.005160227417945862,
            0.11198658496141434,
            -0.0785432755947113,
            -0.35854923725128174,
            0.20463325083255768,
            -0.14753875136375427,
            0.06298686563968658,
            0.41076940298080444,
            0.8632200360298157,
            0.06431008130311966,
            0.21266590058803558,
            0.15029536187648773,
            0.05419355630874634,
            0.32821139693260193,
            -0.9450894594192505,
            0.2516629695892334,
            -0.001338508678600192,
            -0.17639261484146118,
            0.23526844382286072,
            -0.2939985692501068,
            -0.15613716840744019,
            -0.06307816505432129,
            -0.15548227727413177,
            0.12477020919322968,
            0.1036769226193428,
            -0.43092086911201477,
            -0.09546470642089844,
            -0.26174119114875793,
            0.34657302498817444,
            -0.27525708079338074,
            0.39831477403640747,
            -0.0538027286529541,
            -0.10727664083242416,
            0.3687945604324341,
            -0.06419933587312698,
            -0.019968969747424126,
            0.8974236249923706,
            -0.082371287047863,
            0.04128692299127579,
            -0.49626052379608154,
            0.16161969304084778,
            0.10976068675518036,
            -0.30502986907958984,
            -0.14659881591796875,
            -0.06554441154003143,
            -0.42389050126075745,
            -0.4570053219795227,
            -0.2650361657142639,
            -0.4519428312778473,
            0.09450432658195496,
            -0.35566067695617676,
            0.4670136272907257,
            -0.660574734210968,
            0.2995157241821289,
            -0.39452722668647766,
            -0.7000269293785095,
            -0.38495245575904846,
            -0.5735376477241516,
            -0.2307572066783905,
            -0.011266179382801056,
            -0.50799959897995,
            -7.715945243835449,
            -0.5305256247520447,
            -0.13557521998882294,
            0.07068812102079391,
            -0.43889284133911133,
            0.051047828048467636,
            0.534702479839325,
            -2.3769114017486572,
            -0.15180732309818268,
            -0.30478185415267944,
            -0.5449808835983276,
            0.08144165575504303,
            0.6320879459381104,
            0.19155476987361908,
            0.9703293442726135,
            0.09694390743970871,
            0.19679026305675507,
            0.033956386148929596,
            0.04466327279806137,
            0.6224629878997803,
            0.5211091637611389,
            -0.25934886932373047,
            0.37745729088783264,
            -0.24526087939739227,
            0.018960926681756973,
            -0.35485750436782837,
            -0.367815762758255,
            -0.14503523707389832,
            -0.08686681091785431,
            0.18694502115249634,
            0.2071911245584488,
            -0.4583531320095062,
            0.05422091856598854,
            0.6485793590545654,
            -0.1267772614955902,
            -0.12332206964492798,
            0.581957221031189,
            0.3338630497455597,
            -0.1126268059015274,
            0.38345956802368164,
            -0.4169468879699707,
            0.924736499786377,
            0.38555052876472473,
            0.014166840352118015,
            -0.131636843085289,
            0.31685855984687805,
            0.3937501609325409,
            -0.053397201001644135,
            0.5389145612716675,
            -0.31080707907676697,
            0.17147541046142578,
            -0.17602980136871338,
            0.1661512404680252,
            0.33239448070526123,
            0.181982159614563,
            -0.2699139714241028,
            -0.4126647412776947,
            0.2832249402999878,
            0.6756329536437988,
            0.07218201458454132,
            -0.10884059220552444,
            -0.0597098208963871,
            -0.3823375999927521,
            -0.26399341225624084,
            -0.34032323956489563,
            -0.11600128561258316,
            -0.4136073589324951,
            0.3877095580101013,
            0.17755745351314545,
            0.09569189697504044,
            0.4990766644477844,
            0.2580069601535797,
            0.7612353563308716,
            0.37945324182510376,
            -0.6352164149284363,
            -0.0027522335294634104,
            0.012223916128277779,
            0.29301029443740845,
            0.12133369594812393,
            0.023840297013521194,
            -0.15414896607398987,
            -0.012661064974963665,
            -0.03974606469273567,
            0.5105082392692566,
            0.16087348759174347,
            0.07049593329429626,
            -0.45324376225471497,
            0.41121333837509155,
            0.7612845301628113,
            0.13056711852550507,
            -0.010557154193520546,
            0.051141440868377686,
            0.03774874284863472,
            -0.3400978446006775,
            -0.2784503698348999,
            -0.08911141753196716,
            0.07544613629579544,
            -0.11936664581298828,
            -0.3956024646759033,
            -0.17215992510318756,
            -0.2556721270084381,
            -0.5073645114898682,
            0.3499104678630829,
            0.2687179148197174,
            0.4441249966621399,
            0.00909582432359457,
            0.202530637383461,
            0.29448840022087097,
            -0.1313510537147522,
            -0.41080614924430847,
            -0.08908502757549286,
            -0.027131497859954834,
