{
    "image_path": "images/084.png",
    "mask_path": "masks/084.png",
    "mask_features": {
        "mask_area_ratio": 0.014434360102676935,
        "mask_bbox": {
            "x_min": 507,
            "y_min": 301,
            "x_max": 683,
            "y_max": 371
        },
        "mask_location": "center",
        "mask_fragments": 1
    },
    "image_features": {
        "resolution": {
            "width": 623,
            "height": 350,
            "aspect_ratio": 1.78
        },
        "faces_detected": 0,
        "texture": {
            "laplacian_variance": 185.02006879147746,
            "edge_density": 0.006163723916532905
        },
        "colors": {
            "brightness_mean": 96.22688832836505,
            "saturation_mean": 233.96427883512956,
            "dominant_colors": [
                [
                    134,
                    141,
                    13
                ],
                [
                    134,
                    147,
                    206
                ],
                [
                    115,
                    120,
                    6
                ]
            ]
        },
        "text_present": false,
        "clip_embedding": [
            0.5946734547615051,
            -0.20290665328502655,
            0.3171249330043793,
            0.20736341178417206,
            0.3070257902145386,
            -0.3479677736759186,
            0.23900043964385986,
            0.20715704560279846,
            -0.1222306564450264,
            0.02563994564116001,
            -0.07952544093132019,
            0.08920465409755707,
            0.19950729608535767,
            0.1875031590461731,
            0.18532828986644745,
            0.04774755984544754,
            -0.70387202501297,
            0.21119754016399384,
            0.744149386882782,
            -0.34596386551856995,
            -0.5012112855911255,
            0.16868989169597626,
            -0.05438240244984627,
            -0.09176314622163773,
            0.2661152184009552,
            0.03250282630324364,
            -0.12046810239553452,
            0.368027001619339,
            0.13039128482341766,
            -0.11238272488117218,
            -0.0532834492623806,
            0.28827640414237976,
            0.07045218348503113,
            -0.18844735622406006,
            -0.020040903240442276,
            -0.25226640701293945,
            -0.19747339189052582,
            -0.4912165701389313,
            0.19994673132896423,
            0.9077786207199097,
            0.4229497015476227,
            0.58219313621521,
            0.09248094260692596,
            0.16494973003864288,
            -0.07651190459728241,
            -0.41206443309783936,
            0.1746465563774109,
            0.25122326612472534,
            -0.5709296464920044,
            0.47207915782928467,
            -0.2485068291425705,
            -0.1443312019109726,
            -0.1813298761844635,
            -0.11235373467206955,
            0.14264141023159027,
            -0.12346644699573517,
            -0.18876291811466217,
            0.20450828969478607,
            0.26432955265045166,
            0.5009779334068298,
            -0.6898791193962097,
            0.2937410771846771,
            0.15721578896045685,
            -0.6234960556030273,
            0.1533603072166443,
            0.014544768258929253,
            0.24786996841430664,
            0.8816612362861633,
            -0.031481996178627014,
            -0.2609356641769409,
            -0.374703049659729,
            -0.29735782742500305,
            -0.10787162184715271,
            -0.21755896508693695,
            -0.05742909759283066,
            -0.4793388545513153,
            -0.42774590849876404,
            -0.037974268198013306,
            -0.17506369948387146,
            -0.36648842692375183,
            -0.24938330054283142,
            -0.1973884254693985,
            0.13087181746959686,
            -0.9050706028938293,
            0.40231531858444214,
            -0.14292149245738983,
            -0.5991806387901306,
            -0.22436892986297607,
            -0.4406934976577759,
            -0.10269753634929657,
            0.0242366511374712,
            -0.34520423412323,
            -7.089965343475342,
            0.13530679047107697,
            -0.0014921248657628894,
            -0.09594955295324326,
            -0.5413913726806641,
            -0.1635615974664688,
            0.04051849991083145,
            -1.3145989179611206,
            0.01916448026895523,
            0.036492686718702316,
            -0.8824740648269653,
            -0.4717065095901489,
            -0.04129760339856148,
            0.19409914314746857,
            0.3413810729980469,
            -0.1366710513830185,
            0.1216205582022667,
            -0.44714537262916565,
            0.5695849061012268,
            0.388927698135376,
            0.43048131465911865,
            -0.0306889396160841,
            0.20372064411640167,
            -0.4959605634212494,
            0.06919846683740616,
            -0.1750396490097046,
            -0.31008782982826233,
            -0.10935437679290771,
            -0.19515715539455414,
            0.16284392774105072,
            0.18299241364002228,
            -0.2926473021507263,
            -0.24060508608818054,
            0.15666717290878296,
            0.29555007815361023,
            0.2327958196401596,
            0.41212260723114014,
            0.12753191590309143,
            0.3372204005718231,
            -0.27551549673080444,
            0.3717484772205353,
            0.9078952074050903,
            -0.13602881133556366,
            -0.09334897249937057,
            0.0010374593548476696,
            0.07342234253883362,
            -0.13987098634243011,
            -0.85170578956604,
            -0.02784845046699047,
            -0.011587930843234062,
            0.08949561417102814,
            -0.11889475584030151,
            -0.1845235675573349,
            -0.09158828109502792,
            -0.43741074204444885,
            0.007012723945081234,
            -0.390907347202301,
            0.2716319262981415,
            0.6972344517707825,
            0.34953951835632324,
            0.24896550178527832,
            0.15858584642410278,
            0.06316114962100983,
            -0.043855633586645126,
            -0.003845824394375086,
            -0.10842844843864441,
            -0.07709836214780807,
            0.27398255467414856,
            0.3205675780773163,
            -0.20014044642448425,
            0.7040086984634399,
            0.5826011300086975,
            0.5146657228469849,
            -0.2012530118227005,
            0.24477586150169373,
            0.44731763005256653,
            -0.06214608997106552,
            0.022039037197828293,
            0.5470447540283203,
            -0.04952402785420418,
            -0.08386613428592682,
            0.0017714953282848,
            -0.2040327936410904,
            0.054812464863061905,
            -0.2859576344490051,
            -0.055002134293317795,
            -0.7388635873794556,
            0.4263246953487396,
            0.7475583553314209,
            0.422433465719223,
            0.16685226559638977,
            -0.1183057352900505,
            -0.18234552443027496,
            -0.021387187764048576,
            -0.15142957866191864,
            -0.2860475182533264,
            -0.10061100125312805,
            -0.08044217526912689,
            -0.21399138867855072,
            -0.2643400728702545,
            -0.06781807541847229,
            -0.13705366849899292,
            0.24894815683364868,
            0.10431398451328278,
            -0.04928906634449959,
            0.2784082889556885,
            -0.002509021433070302,
            0.06932877004146576,
            0.17545956373214722,
            -0.18731354176998138,
            -0.03722640126943588,
            0.08635026961565018,
