{
    "image_path": "images/085.png",
    "mask_path": "masks/085.png",
    "mask_features": {
        "mask_area_ratio": 0.2014125948237394,
        "mask_bbox": {
            "x_min": 24,
            "y_min": 109,
            "x_max": 641,
            "y_max": 596
        },
        "mask_location": "edge_or_corner",
        "mask_fragments": 1
    },
    "image_features": {
        "resolution": {
            "width": 286,
            "height": 176,
            "aspect_ratio": 1.625
        },
        "faces_detected": 0,
        "texture": {
            "laplacian_variance": 784.7995285792633,
            "edge_density": 0.10094167196439924
        },
        "colors": {
            "brightness_mean": 160.08800858232675,
            "saturation_mean": 50.418746026700575,
            "dominant_colors": [
                [
                    76,
                    95,
                    101
                ],
                [
                    196,
                    203,
                    210
                ],
                [
                    133,
                    151,
                    153
                ]
            ]
        },
        "text_present": false,
        "clip_embedding": [
            0.12515830993652344,
            0.3893541097640991,
            0.09360551089048386,
            -0.18465740978717804,
            -0.18302510678768158,
            -0.05364052578806877,
            -0.16412024199962616,
            0.48514577746391296,
            -0.020100662484765053,
            0.12976494431495667,
            0.16681617498397827,
            -0.11303667724132538,
            -0.28278806805610657,
            -0.1930105835199356,
            0.35730037093162537,
            0.026319047436118126,
            0.4504157602787018,
            0.13046276569366455,
            0.31284236907958984,
            -0.1752818524837494,
            -0.24687503278255463,
            0.09590902924537659,
            0.10784220695495605,
            -0.0927371084690094,
            -0.11440343409776688,
            0.19829154014587402,
            -0.042853500694036484,
            0.37445300817489624,
            -0.12627224624156952,
            0.3639419972896576,
            -0.08633428066968918,
            -0.19447468221187592,
            -0.2808695435523987,
            0.053986262530088425,
            -0.2478368729352951,
            -0.2233048677444458,
            0.3653028607368469,
            0.30503568053245544,
            0.1672321856021881,
            0.23473553359508514,
            -0.2925446033477783,
            0.15788984298706055,
            -0.10379575192928314,
            0.40367966890335083,
            0.22798284888267517,
            -0.5876451134681702,
            -0.22902904450893402,
            0.21335037052631378,
            0.22036705911159515,
            0.5541764497756958,
            -0.12638318538665771,
            -0.10231751203536987,
            -0.12736450135707855,
            -0.12549133598804474,
            -0.15449397265911102,
            -0.03707018867135048,
            -0.31283026933670044,
            -0.1904347985982895,
            0.1971162110567093,
            0.06403639912605286,
            0.21908286213874817,
            0.009780061431229115,
            0.21670889854431152,
            -0.05493093654513359,
            0.012688539922237396,
            0.23250442743301392,
            0.005474885925650597,
            0.07460441440343857,
            0.3081590533256531,
            -0.16195745766162872,
            -0.04562344029545784,
            0.3249228000640869,
            0.15325488150119781,
            -0.18155553936958313,
            -0.08343250304460526,
            -0.17951332032680511,
            -0.26571664214134216,
            -0.004263290669769049,
            -0.1959325224161148,
            -0.28697991371154785,
            -0.3357924818992615,
            0.14646495878696442,
            0.6199233531951904,
            -0.3738959729671478,
            0.0664127916097641,
            -0.549892783164978,
            -0.322397381067276,
            -0.06608704477548599,
            -0.30005943775177,
            -0.24587632715702057,
            0.03232673555612564,
            -0.15633946657180786,
            -8.201190948486328,
            -0.49429747462272644,
            -0.17860382795333862,
            0.05930513143539429,
            -0.08290175348520279,
            0.3889160752296448,
            -0.4909611642360687,
            -0.12211205065250397,
            -0.016871685162186623,
            -0.09001041203737259,
            0.12960290908813477,
            0.1543513536453247,
            0.5124548673629761,
            -0.18975429236888885,
            1.3122841119766235,
            0.16206657886505127,
            0.3640197217464447,
            -0.036844611167907715,
            0.18053986132144928,
            0.8446486592292786,
            0.09664665907621384,
            0.03223687410354614,
            -0.27278226613998413,
            0.050937674939632416,
            0.1265215128660202,
            -0.007415188010782003,
            0.2958480417728424,
            -0.25245317816734314,
            0.1022178903222084,
            0.012763758189976215,
            0.3988930284976959,
            -0.4947643280029297,
            -0.036686722189188004,
            0.6134101748466492,
            0.26380881667137146,
            -0.09366017580032349,
            0.20903156697750092,
            -0.3582500219345093,
            0.053382739424705505,
            0.11662916839122772,
            -0.24510644376277924,
            0.9771700501441956,
            -0.05168435350060463,
            -0.018218746408820152,
            -0.12466772645711899,
            -0.5051449537277222,
            0.19571925699710846,
            0.1254183053970337,
            0.6242050528526306,
            0.34882652759552,
            -0.32175374031066895,
            0.3424115478992462,
            0.07993745058774948,
            0.24449856579303741,
            -0.3603082299232483,
            0.01375549752265215,
            -0.11978510022163391,
            0.5099947452545166,
            0.36289840936660767,
            -0.32535189390182495,
            0.6784893274307251,
            -0.14900945127010345,
            0.13409720361232758,
            -0.6767603754997253,
            -0.5791459679603577,
            -0.11672398447990417,
            0.05962156131863594,
            -0.29929450154304504,
            0.1529315710067749,
            0.22309739887714386,
            -0.3859940767288208,
            -0.2705162763595581,
            0.12060552835464478,
            0.07899197936058044,
            -0.3772425651550293,
            0.1325390338897705,
            -0.12255119532346725,
            0.05385540425777435,
            0.0889483094215393,
            -0.10271165519952774,
            -0.039640892297029495,
            -0.44952186942100525,
            -0.23250022530555725,
            0.5389091372489929,
            0.40407174825668335,
            0.12186958640813828,
            0.4235115945339203,
            -0.20531681180000305,
            0.13589484989643097,
            -0.3520607650279999,
            -0.1161421611905098,
            0.2717941403388977,
            -0.3451748490333557,
            0.15857627987861633,
            -0.1011405885219574,
            0.2923695147037506,
            0.25389158725738525,
            -0.16176077723503113,
            0.01028022263199091,
            0.06754012405872345,
            0.19610485434532166,
            -0.5068598389625549,
            -0.29429128766059875,
            0.11256115138530731,
            0.2869794964790344,
            -0.13849808275699615,
            -0.2609403133392334,
            -0.023465406149625778,
            -0.04186701402068138,
            -0.12729130685329437,
            -0.005885727237910032,
