{
    "image_path": "images/086.png",
    "mask_path": "masks/086.png",
    "mask_features": {
        "mask_area_ratio": 0.21743827160493828,
        "mask_bbox": {
            "x_min": 200,
            "y_min": 105,
            "x_max": 911,
            "y_max": 660
        },
        "mask_location": "center",
        "mask_fragments": 2
    },
    "image_features": {
        "resolution": {
            "width": 224,
            "height": 224,
            "aspect_ratio": 1.0
        },
        "faces_detected": 0,
        "texture": {
            "laplacian_variance": 4044.343359155984,
            "edge_density": 0.13428730867346939
        },
        "colors": {
            "brightness_mean": 173.34233498086735,
            "saturation_mean": 68.07142857142857,
            "dominant_colors": [
                [
                    238,
                    244,
                    245
                ],
                [
                    129,
                    162,
                    180
                ],
                [
                    60,
                    97,
                    121
                ]
            ]
        },
        "text_present": false,
        "clip_embedding": [
            -0.06608197093009949,
            0.09136715531349182,
            -0.005954747088253498,
            0.2607002854347229,
            -0.20459842681884766,
            -0.10180219262838364,
            -0.018974652513861656,
            -0.3459649384021759,
            -0.2357368767261505,
            0.22802294790744781,
            0.005163085646927357,
            -0.17021320760250092,
            0.13472293317317963,
            0.0891665369272232,
            0.6632444262504578,
            0.17668335139751434,
            0.8393521904945374,
            -0.0008707908564247191,
            -0.0973622053861618,
            -0.17537257075309753,
            -0.6222085952758789,
            -0.15895846486091614,
            -0.14065393805503845,
            -0.32490140199661255,
            -0.1784072369337082,
            0.2630229890346527,
            -0.16796377301216125,
            0.1850447803735733,
            0.302378386259079,
            0.1800457388162613,
            0.07587049156427383,
            -0.15629157423973083,
            -0.15290667116641998,
            -0.15622390806674957,
            -0.02030770480632782,
            -0.39634817838668823,
            0.3492686152458191,
            0.12115708738565445,
            0.35130009055137634,
            0.6011197566986084,
            0.13328059017658234,
            0.0024585507344454527,
            0.06180062144994736,
            -0.033988501876592636,
            0.18630537390708923,
            -0.4299921989440918,
            -0.12239483743906021,
            -0.20197002589702606,
            0.22290842235088348,
            0.4154970347881317,
            -0.14753755927085876,
            -0.17560958862304688,
            -0.35662007331848145,
            -0.6835806369781494,
            -0.198855921626091,
            -0.3419746458530426,
            -0.4718661606311798,
            -0.21612510085105896,
            0.12471596151590347,
            0.05081447958946228,
            -0.12048045545816422,
            0.1028129905462265,
            0.19666677713394165,
            -0.29588833451271057,
            0.22128117084503174,
            0.11062590777873993,
            0.05545635148882866,
            -0.3274935185909271,
            0.6400775909423828,
            -0.37026453018188477,
            0.04687529057264328,
            -0.16984432935714722,
            -0.2590298652648926,
            -0.28800123929977417,
            0.0669909119606018,
            -0.0024055209942162037,
            -0.17628146708011627,
            0.31639188528060913,
            -0.14091935753822327,
            0.20022453367710114,
            0.09274515509605408,
            -0.45380547642707825,
            0.029806172475218773,
            -0.6041642427444458,
            0.1818939596414566,
            -0.27733686566352844,
            -1.0890557765960693,
            -0.04216977581381798,
            -0.11797860264778137,
            -0.014383372850716114,
            -0.23669478297233582,
            0.09862907975912094,
            -7.085453510284424,
            -0.7087538838386536,
            -0.45988115668296814,
            0.4428040683269501,
            -0.31431397795677185,
            0.37048450112342834,
            -0.3767349123954773,
            0.06595276296138763,
            0.15047183632850647,
            -0.22490979731082916,
            0.18034404516220093,
            -0.12671039998531342,
            0.2805742919445038,
            -0.23988918960094452,
            1.8124594688415527,
            -0.3282568156719208,
            0.11078732460737228,
            0.21620742976665497,
            0.18264348804950714,
            0.3406125605106354,
            0.18325141072273254,
            0.20588922500610352,
            -0.28107747435569763,
            0.1290278285741806,
            0.17035353183746338,
            0.09225725382566452,
            -0.15554524958133698,
            -0.3878004550933838,
            0.3095100522041321,
            -0.1426067054271698,
            0.2610797882080078,
            -0.37030118703842163,
            0.43463853001594543,
            0.08424273878335953,
            0.17495205998420715,
            0.034203242510557175,
            -0.05820206180214882,
            -0.5648942589759827,
            -0.14717116951942444,
            0.4878259301185608,
            -0.05409039184451103,
            0.8950076103210449,
            0.2263280600309372,
            0.14559832215309143,
            -0.2287643551826477,
            -0.3239932060241699,
            -0.09104561805725098,
            -0.020563416182994843,
            0.13087345659732819,
            0.06434738636016846,
            -0.3633641004562378,
            0.653424859046936,
            -0.14156942069530487,
            0.176137313246727,
            -0.36840206384658813,
            0.16042985022068024,
            -0.41315245628356934,
            0.32110685110092163,
            0.21536634862422943,
            -0.40811043977737427,
            0.5083237886428833,
            -0.09668023884296417,
            0.32605627179145813,
            -0.08784482628107071,
            -0.5293995141983032,
            0.29976150393486023,
            -0.4926489591598511,
            -0.33385539054870605,
            0.0748574361205101,
            0.03506400063633919,
            -0.403798371553421,
            -0.0809338316321373,
            0.3572041988372803,
            0.4796956479549408,
            -0.4691311717033386,
            0.21828068792819977,
            0.044360317289829254,
            0.1397513449192047,
            0.2436143308877945,
            0.13046468794345856,
            -0.03032965399324894,
            0.10102871060371399,
            -0.3435438573360443,
            0.8094407320022583,
            0.08509262651205063,
            0.2852897644042969,
            0.5486944317817688,
            -0.4019410014152527,
            0.09668780863285065,
            -0.829973042011261,
            -0.18873471021652222,
            0.16796837747097015,
            -0.3763931393623352,
            0.32356536388397217,
            -0.06775306910276413,
            0.36490437388420105,
            -0.11166805773973465,
            -0.2318325936794281,
            0.4046461582183838,
            -0.09356499463319778,
            0.12944449484348297,
            -0.4043102562427521,
            -0.08164432644844055,
            0.057722292840480804,
            0.5918206572532654,
            -0.25451454520225525,
            -0.2847292125225067,
            0.07446316629648209,
            -0.04317359998822212,
            0.014871710911393166,
            -0.46038880944252014,
            0.6939148306846619,
