{
    "image_path": "images/087.png",
    "mask_path": "masks/087.png",
    "mask_features": {
        "mask_area_ratio": 0.070159912109375,
        "mask_bbox": {
            "x_min": 217,
            "y_min": 318,
            "x_max": 345,
            "y_max": 498
        },
        "mask_location": "edge_or_corner",
        "mask_fragments": 1
    },
    "image_features": {
        "resolution": {
            "width": 1024,
            "height": 1024,
            "aspect_ratio": 1.0
        },
        "faces_detected": 1,
        "texture": {
            "laplacian_variance": 303.2647431038163,
            "edge_density": 0.07437992095947266
        },
        "colors": {
            "brightness_mean": 122.00617122650146,
            "saturation_mean": 121.42043590545654,
            "dominant_colors": [
                [
                    92,
                    50,
                    30
                ],
                [
                    157,
                    128,
                    92
                ],
                [
                    229,
                    230,
                    210
                ]
            ]
        },
        "text_present": false,
        "clip_embedding": [
            -0.24378043413162231,
            -0.11057549715042114,
            0.10052039474248886,
            0.07352107018232346,
            0.47226202487945557,
            -0.45832037925720215,
            0.21720844507217407,
            -0.18388773500919342,
            0.218295156955719,
            0.11847690492868423,
            0.22443470358848572,
            -0.29689690470695496,
            0.17928603291511536,
            -0.006570196710526943,
            0.3691887855529785,
            -0.1693943291902542,
            -1.252846598625183,
            0.3620227873325348,
            0.41930946707725525,
            -0.05658729001879692,
            0.015006334520876408,
            0.16919027268886566,
            0.33965960144996643,
            -0.3156299293041229,
            -0.3663948178291321,
            -0.07814282923936844,
            0.009313183836638927,
            -0.3107388913631439,
            -0.07769522815942764,
            0.0880003571510315,
            -0.3055781126022339,
            0.010835710912942886,
            0.3925808072090149,
            -0.09247639030218124,
            0.1562766134738922,
            0.1808023601770401,
            0.0034590037539601326,
            0.17105069756507874,
            0.25654032826423645,
            -0.3694767951965332,
            -0.3377150297164917,
            -0.07711189240217209,
            0.23095166683197021,
            -0.3299408555030823,
            -0.3033468425273895,
            0.5312536954879761,
            -0.6875758171081543,
            -0.20375950634479523,
            0.17710183560848236,
            0.17527809739112854,
            0.3838377892971039,
            0.2191845178604126,
            0.12320820242166519,
            -0.4027167558670044,
            -0.4614225924015045,
            -0.2798565626144409,
            0.3907783329486847,
            0.4765468239784241,
            -0.38761353492736816,
            0.012010708451271057,
            0.593737006187439,
            0.24871693551540375,
            -0.21474942564964294,
            0.08572863042354584,
            -0.12383833527565002,
            -0.3312349319458008,
            0.3885783553123474,
            0.02653840370476246,
            -0.2533021569252014,
            0.15815214812755585,
            -0.4188470244407654,
            0.48163458704948425,
            -0.4247515797615051,
            -0.6647306084632874,
            -0.057862427085638046,
            -0.01566571556031704,
            0.28595247864723206,
            -0.3028978407382965,
            -0.3227868974208832,
            -0.14242218434810638,
            0.3164094090461731,
            -0.4703086018562317,
            -0.15533261001110077,
            0.2976481020450592,
            0.6602824926376343,
            0.16089099645614624,
            -0.2501651346683502,
            -0.25851497054100037,
            -0.026489699259400368,
            0.25925835967063904,
            -0.018141699954867363,
            -0.013507307507097721,
            -5.780533790588379,
            0.3794997036457062,
            -0.23016053438186646,
            0.015376260504126549,
            -0.10402751713991165,
            -0.13544023036956787,
            0.3461111783981323,
            0.044793322682380676,
            -0.031791649758815765,
            0.059884149581193924,
            -0.15222083032131195,
            0.018970858305692673,
            0.6299441456794739,
            0.19101710617542267,
            -0.1641102284193039,
            0.09576217085123062,
            0.001690727542154491,
            -0.1801278293132782,
            -0.1424812227487564,
            -0.3125803470611572,
            -0.1998523771762848,
            0.19583910703659058,
            0.5606808662414551,
            0.46546104550361633,
            -0.5738980174064636,
            -0.3336164951324463,
            0.32291680574417114,
            0.16521914303302765,
            0.222632497549057,
            0.6319800019264221,
            0.29831692576408386,
            -0.3540861904621124,
            0.10205280035734177,
            0.06024949997663498,
            -0.14042894542217255,
            -0.047543179243803024,
            -0.1836913526058197,
            0.5483853816986084,
            -0.22599542140960693,
            0.11308623105287552,
            0.0006337100639939308,
            0.8248959183692932,
            -0.6181824207305908,
            -0.28272947669029236,
            0.207193985581398,
            0.07946644723415375,
            -0.1412021815776825,
            -0.19610533118247986,
            0.22301237285137177,
            0.06849018484354019,
            0.13219237327575684,
            0.379304438829422,
            -0.270943820476532,
            0.2769898772239685,
            0.40782642364501953,
            0.30479109287261963,
            0.1386829912662506,
            0.04307496175169945,
            0.17653509974479675,
            -0.008681921288371086,
            -0.6880435347557068,
            -0.7989011406898499,
            -0.2592892050743103,
            -0.3748779892921448,
            0.18111677467823029,
            -0.14126281440258026,
            0.10315516591072083,
            -0.2586727440357208,
            0.14209546148777008,
            0.39935392141342163,
            -0.05606142431497574,
            -0.05782080814242363,
            -0.03852350637316704,
            0.5848046541213989,
            0.34086573123931885,
            0.24656817317008972,
            -0.016505612060427666,
            -0.06979251652956009,
            -0.1082426980137825,
            -0.37073102593421936,
            -0.2965644896030426,
            -0.7846531271934509,
            0.5194131731987,
            -0.1545511931180954,
            -0.6138275861740112,
            -0.10104922205209732,
            -0.5036630630493164,
            0.019474592059850693,
            0.42777907848358154,
            0.1538357138633728,
            -0.2295621931552887,
            -0.2587685286998749,
            0.03506932780146599,
            0.21459758281707764,
            0.10444426536560059,
            0.1287727952003479,
            -0.37694740295410156,
            -0.1933317929506302,
            0.17675279080867767,
            0.06677359342575073,
            0.021604293957352638,
            -0.4706427752971649,
            -0.8365240693092346,
            0.2868514657020569,
            0.17807598412036896,
            -0.08657704293727875,
            -0.8801981210708618,
            -0.19822050631046295,
            -0.3443455994129181,
            0.03671808913350105,
            0.21346460282802582,
            0.4978373348712921,
