{
    "image_path": "images/088.png",
    "mask_path": "masks/088.png",
    "mask_features": {
        "mask_area_ratio": 0.09963607788085938,
        "mask_bbox": {
            "x_min": 264,
            "y_min": 209,
            "x_max": 485,
            "y_max": 440
        },
        "mask_location": "edge_or_corner",
        "mask_fragments": 1
    },
    "image_features": {
        "resolution": {
            "width": 1024,
            "height": 1024,
            "aspect_ratio": 1.0
        },
        "faces_detected": 1,
        "texture": {
            "laplacian_variance": 226.10386488007134,
            "edge_density": 0.0617218017578125
        },
        "colors": {
            "brightness_mean": 178.58308029174805,
            "saturation_mean": 35.45398712158203,
            "dominant_colors": [
                [
                    214,
                    209,
                    205
                ],
                [
                    91,
                    102,
                    79
                ],
                [
                    152,
                    167,
                    165
                ]
            ]
        },
        "text_present": false,
        "clip_embedding": [
            0.09432484209537506,
            0.11166828870773315,
            0.03528674319386482,
            0.22710765898227692,
            -0.04484141990542412,
            0.0252225324511528,
            0.20264646410942078,
            -0.013681471347808838,
            -0.20835386216640472,
            -0.0042485930025577545,
            0.2617171108722687,
            -0.12505032122135162,
            0.027852559462189674,
            0.22934292256832123,
            -0.030234158039093018,
            -0.3503541648387909,
            -1.012285590171814,
            0.017462080344557762,
            0.2537268400192261,
            -0.08040795475244522,
            -0.16981634497642517,
            -0.07758833467960358,
            -0.08069352805614471,
            -0.054525263607501984,
            -0.2814957797527313,
            0.2890925705432892,
            -0.09272143244743347,
            0.11566302925348282,
            -0.12421682476997375,
            -0.03886353224515915,
            -0.39193060994148254,
            0.1171354353427887,
            -0.31788182258605957,
            0.2338981330394745,
            -0.482169508934021,
            0.16375625133514404,
            0.2197204828262329,
            -0.4431207478046417,
            0.08817321062088013,
            1.391497015953064,
            -0.4507913291454315,
            0.5521846413612366,
            0.026445114985108376,
            -0.5283013582229614,
            -0.11524951457977295,
            -0.9398505687713623,
            0.27110555768013,
            -0.010274202562868595,
            -0.21711483597755432,
            0.10304130613803864,
            -0.1274515986442566,
            0.2908455729484558,
            0.14575396478176117,
            -0.50059974193573,
            -0.3892967104911804,
            0.24499261379241943,
            0.04597236588597298,
            0.20946837961673737,
            -0.3716477155685425,
            -0.09757516533136368,
            -0.7435680627822876,
            -0.3308137357234955,
            0.14304335415363312,
            0.032876886427402496,
            -0.022009210661053658,
            -0.2124798744916916,
            0.34590983390808105,
            1.366288185119629,
            -0.3833441138267517,
            0.05251345410943031,
            -0.2293962687253952,
            0.025784647092223167,
            -0.35613754391670227,
            -0.08435753732919693,
            -0.19504928588867188,
            -0.02191976085305214,
            -0.10183735936880112,
            0.014332697726786137,
            0.28948286175727844,
            -0.40228548645973206,
            0.7642350792884827,
            -0.48142141103744507,
            0.02300969325006008,
            -0.3403109908103943,
            -0.10866572707891464,
            -0.0327569916844368,
            0.35708847641944885,
            -0.3208433985710144,
            -0.5062611103057861,
            -0.17714855074882507,
            0.09888862818479538,
            -0.18921859562397003,
            -7.193700313568115,
            0.3270510733127594,
            -0.1388605237007141,
            0.1842949241399765,
            -0.2663632035255432,
            -0.49679702520370483,
            0.3203640282154083,
            -1.7110683917999268,
            0.09714700281620026,
            -0.3464513123035431,
            -0.13873115181922913,
            0.580798327922821,
            0.17712627351284027,
            -0.13462723791599274,
            -0.3301352560520172,
            -0.15209439396858215,
            0.18618279695510864,
            -0.056211862713098526,
            -0.07622624188661575,
            -0.3902091085910797,
            0.4400745630264282,
            0.06738890707492828,
            0.5581520795822144,
            -0.5024482607841492,
            -0.3444860279560089,
            -0.49256452918052673,
            -0.24526895582675934,
            -0.03617198020219803,
            -0.0430433414876461,
            0.7136819362640381,
            0.13267140090465546,
            -0.12345916032791138,
            -0.6021122336387634,
            0.14335936307907104,
            0.3603081703186035,
            0.07551465183496475,
            0.10029026120901108,
            0.05193604901432991,
            0.5553620457649231,
            -0.12874087691307068,
            0.1239621564745903,
            0.8776335716247559,
            -0.07412368804216385,
            0.08703161776065826,
            -0.10354502499103546,
            -0.06775163859128952,
            -0.24228452146053314,
            -0.3919585645198822,
            -0.060486651957035065,
            -0.37653350830078125,
            0.09689901024103165,
            -0.05504849553108215,
            0.19738581776618958,
            -0.025638962164521217,
            -0.040160007774829865,
            0.1209106370806694,
            -0.13020631670951843,
            -0.2691493332386017,
            0.2958550453186035,
            -0.3692038655281067,
            1.0558505058288574,
            0.14783364534378052,
            -0.3163325786590576,
            -0.3840973675251007,
            0.3416249454021454,
            0.08822086453437805,
            0.11232193559408188,
            0.4163447320461273,
            -0.13861355185508728,
            -0.2698049247264862,
            0.06765089929103851,
            0.3672516644001007,
            0.6882950067520142,
            -0.08099063485860825,
            0.34509655833244324,
            0.8897223472595215,
            0.20782844722270966,
            -0.31560996174812317,
            -0.08645986765623093,
            0.10727433860301971,
            -0.07121571898460388,
            0.2533714771270752,
            -0.3696729838848114,
            -0.1316528469324112,
            0.7501423954963684,
            -0.14951694011688232,
            -0.40824881196022034,
            -0.05940578505396843,
            0.6530062556266785,
            0.23137226700782776,
            0.21593549847602844,
            -0.1136508584022522,
            -0.030338173732161522,
            0.18123188614845276,
            0.27143746614456177,
            -0.3106960356235504,
            0.016716068610548973,
            0.07932066172361374,
            0.1375678926706314,
            -0.03710903972387314,
            -0.6330181956291199,
            -0.23189081251621246,
            -0.5205320715904236,
            -0.6705887317657471,
            -0.20611520111560822,
            -0.04064072296023369,
            0.8875436782836914,
            0.12822043895721436,
            -0.10740313678979874,
            -0.7052688002586365,
            -0.22504213452339172,
