{
    "image_path": "images/089.png",
    "mask_path": "masks/089.png",
    "mask_features": {
        "mask_area_ratio": 0.0160675048828125,
        "mask_bbox": {
            "x_min": 229,
            "y_min": 216,
            "x_max": 309,
            "y_max": 284
        },
        "mask_location": "center",
        "mask_fragments": 1
    },
    "image_features": {
        "resolution": {
            "width": 1024,
            "height": 1024,
            "aspect_ratio": 1.0
        },
        "faces_detected": 0,
        "texture": {
            "laplacian_variance": 137.88958152381994,
            "edge_density": 0.05885791778564453
        },
        "colors": {
            "brightness_mean": 178.46174812316895,
            "saturation_mean": 36.598838806152344,
            "dominant_colors": [
                [
                    154,
                    167,
                    160
                ],
                [
                    107,
                    113,
                    77
                ],
                [
                    215,
                    209,
                    205
                ]
            ]
        },
        "text_present": false,
        "clip_embedding": [
            0.2547675371170044,
            0.10130865126848221,
            -0.049923669546842575,
            0.23919646441936493,
            0.5495108962059021,
            0.1447450816631317,
            0.32471102476119995,
            -0.07199444621801376,
            0.011632145382463932,
            0.5229172706604004,
            0.35359492897987366,
            -0.5545451045036316,
            -0.3591175377368927,
            -0.007743518333882093,
            0.03215254843235016,
            0.05720102787017822,
            -0.830862283706665,
            0.1254093050956726,
            0.3252742886543274,
            -0.1863076239824295,
            0.06217852979898453,
            0.02001090534031391,
            -0.04254855215549469,
            0.27753540873527527,
            -0.025198370218276978,
            0.1583545058965683,
            -0.13854262232780457,
            0.28533461689949036,
            -0.34208735823631287,
            0.2886863946914673,
            -0.7467870712280273,
            0.22662681341171265,
            -0.11886578053236008,
            0.5508934259414673,
            -0.22589759528636932,
            0.0362580306828022,
            -0.1677313596010208,
            -0.4394422471523285,
            -0.005732990335673094,
            0.5061329007148743,
            0.03807181492447853,
            0.12112855166196823,
            -0.11533597856760025,
            -0.1588074266910553,
            0.3683401942253113,
            -1.1594575643539429,
            0.2557298243045807,
            0.3662279546260834,
            -0.42733266949653625,
            0.003213581396266818,
            -0.5418405532836914,
            -0.09305351227521896,
            -0.019365383312106133,
            -0.4372575879096985,
            -0.6580316424369812,
            0.570967435836792,
            0.07825566828250885,
            0.13849307596683502,
            -0.022091934457421303,
            0.05818144232034683,
            -0.4300122857093811,
            -0.0931587666273117,
            0.04330601915717125,
            0.03868250921368599,
            0.017960935831069946,
            -0.09947586059570312,
            0.06311370432376862,
            0.4219587743282318,
            0.006865496747195721,
            0.06858092546463013,
            -0.10939833521842957,
            0.32238370180130005,
            -0.22014208137989044,
            -0.04002473130822182,
            -0.22901666164398193,
            -0.41604769229888916,
            -0.44673189520835876,
            -0.21994492411613464,
            0.018359147012233734,
            -0.7109838724136353,
            0.372504323720932,
            -0.5003136992454529,
            0.2974717617034912,
            -0.17283914983272552,
            0.12375921756029129,
            0.1197802945971489,
            -0.0030548556242138147,
            -0.4779151380062103,
            -0.4371561110019684,
            -0.4697222113609314,
            -0.14795862138271332,
            -0.3155040442943573,
            -6.9923319816589355,
            0.20667500793933868,
            -0.03092159517109394,
            0.5055082440376282,
            -0.17363369464874268,
            -0.5364400744438171,
            0.36507731676101685,
            -2.6233105659484863,
            0.32952019572257996,
            -0.4957817792892456,
            -0.22313812375068665,
            0.3911658227443695,
            0.655488908290863,
            -0.24485081434249878,
            0.06526102870702744,
            0.2068631500005722,
            0.1279221922159195,
            0.42117658257484436,
            0.0577266551554203,
            -0.8773537278175354,
            -0.03479402884840965,
            0.10821983218193054,
            0.339633584022522,
            -0.47175103425979614,
            -0.6517809629440308,
            -0.2569153606891632,
            -0.3301215171813965,
            -0.09463083744049072,
            -0.46425092220306396,
            0.39676183462142944,
            0.07757077366113663,
            -0.5671144127845764,
            -0.1394410878419876,
            0.28092873096466064,
            0.03892050310969353,
            -0.032031819224357605,
            0.25150394439697266,
            -0.05667833238840103,
            0.6831687092781067,
            -0.09268844872713089,
            -0.11880084127187729,
            0.8969516158103943,
            -0.02937558852136135,
            -0.0788293182849884,
            0.29712536931037903,
            -0.14759603142738342,
            -0.11080962419509888,
            -0.4564986824989319,
            -0.4157165288925171,
            -0.4335101842880249,
            0.25848788022994995,
            0.02378525771200657,
            0.3010977506637573,
            0.03531906381249428,
            0.012889629229903221,
            0.021100526675581932,
            -0.26200851798057556,
            -0.3766002058982849,
            0.4250409007072449,
            -0.10616083443164825,
            0.5582324862480164,
            -0.16720955073833466,
            -0.24901771545410156,
            -0.48757949471473694,
            -0.10027243942022324,
            -0.021634459495544434,
            0.035232268273830414,
            0.15195238590240479,
            -0.1753154993057251,
            -0.503585934638977,
            0.313279926776886,
            0.5068576335906982,
            0.3982318341732025,
            -0.3088749647140503,
            0.5611819624900818,
            0.8212971091270447,
            0.023496070876717567,
            0.21747347712516785,
            0.1898980736732483,
            0.1363818496465683,
            -0.10717836767435074,
            0.38746610283851624,
            -0.17832835018634796,
            -0.004924008157104254,
            0.7614177465438843,
            -0.11582324653863907,
            -0.3364063799381256,
            0.0736164003610611,
            0.7598732709884644,
            0.14804546535015106,
            0.044664863497018814,
            -0.030404383316636086,
            -0.04559184983372688,
            0.22536461055278778,
            -0.031117696315050125,
            -0.46167972683906555,
            0.0031766421161592007,
            -0.18313835561275482,
            -0.37730535864830017,
            -0.19238430261611938,
            -0.7893645763397217,
            -0.061575669795274734,
            -0.10303974151611328,
            -0.5874375104904175,
            0.0874115377664566,
            -0.06412061303853989,
            0.20459653437137604,
            -0.09762565791606903,
            -0.1743369847536087,
            -0.6292970776557922,
            -0.12126292288303375,
