{
    "image_path": "images/090.png",
    "mask_path": "masks/090.png",
    "mask_features": {
        "mask_area_ratio": 0.10373306274414062,
        "mask_bbox": {
            "x_min": 111,
            "y_min": 52,
            "x_max": 306,
            "y_max": 291
        },
        "mask_location": "center",
        "mask_fragments": 1
    },
    "image_features": {
        "resolution": {
            "width": 1024,
            "height": 1024,
            "aspect_ratio": 1.0
        },
        "faces_detected": 1,
        "texture": {
            "laplacian_variance": 608.598697220564,
            "edge_density": 0.1738748550415039
        },
        "colors": {
            "brightness_mean": 99.20810317993164,
            "saturation_mean": 173.33243465423584,
            "dominant_colors": [
                [
                    7,
                    38,
                    30
                ],
                [
                    56,
                    136,
                    126
                ],
                [
                    111,
                    182,
                    204
                ]
            ]
        },
        "text_present": false,
        "clip_embedding": [
            -0.103206567466259,
            0.42332836985588074,
            0.09971990436315536,
            0.1587986797094345,
            0.2725626528263092,
            -0.6383470296859741,
            0.14070937037467957,
            0.10172861814498901,
            0.2055124044418335,
            0.3812626302242279,
            -0.23504768311977386,
            -0.16529124975204468,
            -0.48508164286613464,
            0.1310253143310547,
            0.6210068464279175,
            0.3472958505153656,
            0.7546404600143433,
            0.25047051906585693,
            -0.37599965929985046,
            -0.49972692131996155,
            0.43076279759407043,
            0.11566068977117538,
            0.17212049663066864,
            0.15081378817558289,
            0.05829457566142082,
            0.06674405932426453,
            -0.047381311655044556,
            -0.43310388922691345,
            0.23897913098335266,
            -0.0671781599521637,
            0.251787394285202,
            0.526307225227356,
            -0.2745753228664398,
            -0.16599862277507782,
            -0.033490151166915894,
            -0.23935739696025848,
            -0.3240468502044678,
            -0.4199983775615692,
            -0.3257211148738861,
            1.5131064653396606,
            -0.49126189947128296,
            0.25950887799263,
            0.20742303133010864,
            -0.2152702510356903,
            0.19011247158050537,
            -1.9370317459106445,
            -0.1629718393087387,
            -0.24146176874637604,
            -0.03247964382171631,
            0.22836647927761078,
            -0.13733476400375366,
            0.26742494106292725,
            0.19775305688381195,
            -0.024669159203767776,
            0.0650235116481781,
            -0.4537546932697296,
            0.0764395147562027,
            0.7320557832717896,
            -0.26865243911743164,
            0.021041080355644226,
            0.7551188468933105,
            0.11250083893537521,
            0.6508190035820007,
            0.647427499294281,
            0.13665442168712616,
            0.036422353237867355,
            0.25719764828681946,
            0.7891529202461243,
            -0.5739434957504272,
            0.06630364060401917,
            -0.16094014048576355,
            0.08216965198516846,
            -0.03836825117468834,
            -0.5022898316383362,
            -0.054381102323532104,
            0.10787635296583176,
            -0.5183936357498169,
            -0.29966914653778076,
            0.1615867167711258,
            -0.2835025191307068,
            0.016226282343268394,
            0.023941170424222946,
            0.17248830199241638,
            -0.3085777461528778,
            0.1733938306570053,
            -0.3783288300037384,
            -0.5528085827827454,
            -0.41817447543144226,
            0.357843279838562,
            -0.14445151388645172,
            -0.270734965801239,
            -0.6011350750923157,
            -6.488513946533203,
            0.21632735431194305,
            -0.6365590691566467,
            0.20973098278045654,
            -0.15176725387573242,
            0.13041596114635468,
            -0.7160202264785767,
            0.8975704908370972,
            -0.36986324191093445,
            -0.21719135344028473,
            -0.07408706843852997,
            -0.21790234744548798,
            0.7686139941215515,
            -0.018608495593070984,
            0.20894381403923035,
            0.4310038387775421,
            0.41238459944725037,
            -0.1707712858915329,
            -0.03514067083597183,
            -0.035128403455019,
            -0.060424886643886566,
            0.044692520052194595,
            -0.23908013105392456,
            -0.39542412757873535,
            -0.3774934709072113,
            0.17619183659553528,
            -0.2717325985431671,
            0.3148782551288605,
            0.08641284704208374,
            -0.12062907218933105,
            -0.05950824171304703,
            -0.11334250122308731,
            -0.02238849177956581,
            -0.11383582651615143,
            0.007142175454646349,
            -0.12420616298913956,
            0.10303561389446259,
            0.2165696620941162,
            0.37140557169914246,
            -0.11026815325021744,
            -0.0028129667043685913,
            0.8789686560630798,
            -0.1856430023908615,
            0.18743282556533813,
            0.34875181317329407,
            -0.5054107308387756,
            0.054247330874204636,
            0.10556904971599579,
            0.04252935200929642,
            0.187887504696846,
            0.3132489323616028,
            -0.34558385610580444,
            -0.20223885774612427,
            0.39872002601623535,
            0.22634311020374298,
            0.5729073286056519,
            0.09932351857423782,
            0.23860841989517212,
            -0.40738460421562195,
            0.13848862051963806,
            0.5545395016670227,
            -0.42805278301239014,
            -0.06391902267932892,
            0.2343144565820694,
            -0.34314462542533875,
            -0.17397357523441315,
            -0.02333960495889187,
            0.016660543158650398,
            -0.3930378556251526,
            0.13407109677791595,
            0.10760203003883362,
            -0.3722105920314789,
            0.08067426830530167,
            -0.09018325805664062,
            0.19236351549625397,
            -0.11528249084949493,
            -0.1813616305589676,
            -0.04685911536216736,
            0.019449982792139053,
            0.3558158278465271,
            0.6768988966941833,
            0.037140052765607834,
            0.40828022360801697,
            -0.16479092836380005,
            1.6711260080337524,
            0.07542646676301956,
            -0.35234764218330383,
            0.12450005114078522,
            0.004940888378769159,
            0.049164894968271255,
            0.6455232501029968,
            -0.3192570209503174,
            0.22950506210327148,
            0.09503133594989777,
            -0.17715053260326385,
            -0.07021140307188034,
            -0.17908360064029694,
            0.3750976324081421,
            0.33909815549850464,
            0.35912707448005676,
            0.3214414119720459,
            -0.16671107709407806,
            -0.7077000141143799,
            0.09420032054185867,
            -0.04420044273138046,
            0.11495350301265717,
            -0.9807886481285095,
            -0.4987478256225586,
            0.09848472476005554,
            0.1976293921470642,
            0.452593594789505,
            0.34398573637008667,
