{
    "image_path": "images/091.png",
    "mask_path": "masks/091.png",
    "mask_features": {
        "mask_area_ratio": 0.2704124450683594,
        "mask_bbox": {
            "x_min": 162,
            "y_min": 2,
            "x_max": 417,
            "y_max": 481
        },
        "mask_location": "center",
        "mask_fragments": 1
    },
    "image_features": {
        "resolution": {
            "width": 1024,
            "height": 1024,
            "aspect_ratio": 1.0
        },
        "faces_detected": 1,
        "texture": {
            "laplacian_variance": 1109.5798943159268,
            "edge_density": 0.18897628784179688
        },
        "colors": {
            "brightness_mean": 105.45358753204346,
            "saturation_mean": 153.21495151519775,
            "dominant_colors": [
                [
                    163,
                    201,
                    215
                ],
                [
                    11,
                    38,
                    27
                ],
                [
                    78,
                    146,
                    133
                ]
            ]
        },
        "text_present": false,
        "clip_embedding": [
            -0.40900832414627075,
            0.3801831305027008,
            0.028231916949152946,
            -0.022923799231648445,
            0.29387661814689636,
            -0.13211381435394287,
            0.39881908893585205,
            0.3176537752151489,
            0.34917715191841125,
            0.09991701692342758,
            0.4684371054172516,
            0.2563931941986084,
            -0.4753929376602173,
            -0.1687568575143814,
            0.07321979105472565,
            -0.0873989686369896,
            1.0380592346191406,
            0.33068031072616577,
            -0.0551522932946682,
            -0.19524604082107544,
            1.0571602582931519,
            0.05266410484910011,
            0.19309629499912262,
            -0.3631107211112976,
            -0.007689881604164839,
            -0.1524081528186798,
            0.10861875861883163,
            -0.4628114700317383,
            -0.07231014966964722,
            -0.03198085352778435,
            -0.3903692364692688,
            0.4599696695804596,
            -0.21066977083683014,
            -0.21728704869747162,
            -0.1689554750919342,
            -0.11779998242855072,
            -0.08893707394599915,
            -0.12595173716545105,
            0.26631027460098267,
            1.2931358814239502,
            -0.2265002578496933,
            -0.010919607244431973,
            0.43111303448677063,
            -0.054675646126270294,
            0.3815061151981354,
            -1.2699390649795532,
            0.06215825304389,
            0.3322763442993164,
            -0.06489864736795425,
            0.10984200239181519,
            -0.15707369148731232,
            0.24970383942127228,
            0.028599446639418602,
            0.12010110169649124,
            -0.4638678729534149,
            -0.07912611961364746,
            0.08907457441091537,
            0.7861497402191162,
            -0.34127873182296753,
            0.21256713569164276,
            0.3937635123729706,
            -0.09822801500558853,
            0.09865514189004898,
            0.4572266638278961,
            0.39537620544433594,
            0.01864594779908657,
            0.21725930273532867,
            1.2426271438598633,
            -0.7046472430229187,
            0.2912558317184448,
            -0.3569861948490143,
            0.048735860735177994,
            -0.2441345751285553,
            0.08077362179756165,
            0.5662115216255188,
            0.144619420170784,
            0.16325747966766357,
            0.014391533099114895,
            0.38648930191993713,
            -0.3065413236618042,
            0.4041900932788849,
            -0.0034206025302410126,
            -0.19798792898654938,
            -0.22759641706943512,
            0.1139141321182251,
            0.02562607452273369,
            0.3501700758934021,
            -0.26009100675582886,
            -0.03290692716836929,
            -0.2884769141674042,
            0.43766340613365173,
            -0.4119071364402771,
            -5.1337385177612305,
            0.30383923649787903,
            0.19038337469100952,
            0.0744655579328537,
            0.006667179986834526,
            0.036116182804107666,
            -0.3110330402851105,
            0.5074353218078613,
            -0.10865746438503265,
            -0.10009942203760147,
            -0.22155357897281647,
            0.21603377163410187,
            -0.1644100546836853,
            0.12511487305164337,
            -0.10577459633350372,
            -0.06636960059404373,
            0.0697518065571785,
            -0.041946958750486374,
            -0.21015268564224243,
            0.14445996284484863,
            -0.2736233174800873,
            0.30691608786582947,
            0.16401450335979462,
            -0.10799462348222733,
            -0.5897672176361084,
            -0.03084014356136322,
            -0.2630867063999176,
            0.04053322598338127,
            0.027202175930142403,
            0.7901391386985779,
            -0.4931660592556,
            -0.019716063514351845,
            0.3427654504776001,
            0.29542455077171326,
            0.0447295606136322,
            -0.0808720514178276,
            0.20423969626426697,
            0.05506059527397156,
            -0.16102173924446106,
            0.5395733714103699,
            0.13612043857574463,
            0.8552835583686829,
            0.005504562985152006,
            0.39749133586883545,
            -0.11710597574710846,
            -0.7969856262207031,
            -0.27351173758506775,
            -0.2784947156906128,
            -0.002746489830315113,
            0.12763312458992004,
            0.6870230436325073,
            -0.4546058773994446,
            0.23267203569412231,
            0.408700555562973,
            -0.2153875082731247,
            0.07603556662797928,
            0.17969371378421783,
            0.18887737393379211,
            -0.17429322004318237,
            -0.2964191734790802,
            0.5958989262580872,
            -0.3690471649169922,
            0.15446113049983978,
            -0.17284777760505676,
            -0.22448593378067017,
            0.14368902146816254,
            0.5995853543281555,
            -0.012829146347939968,
            -0.6293489933013916,
            0.03797081857919693,
            -0.2690376937389374,
            -0.40236926078796387,
            0.18631421029567719,
            0.564745306968689,
            0.933652400970459,
            -0.2582213580608368,
            -0.20527321100234985,
            -0.3745490312576294,
            0.8107845187187195,
            0.5381274223327637,
            0.08985874801874161,
            -0.18230290710926056,
            -0.05538513511419296,
            -0.07362168282270432,
            1.6869287490844727,
            0.22318893671035767,
            -1.0686620473861694,
            0.19453023374080658,
            0.08176973462104797,
            0.1251976191997528,
            0.4886264204978943,
            0.04552561417222023,
            0.27347302436828613,
            -0.015578232705593109,
            0.22682194411754608,
            0.2143481969833374,
            -0.042724549770355225,
            -0.11850325018167496,
            0.142279714345932,
            0.2793252766132355,
            0.4465479552745819,
            -0.05794871225953102,
            -0.32983165979385376,
            -0.25001052021980286,
            0.27108049392700195,
            -0.10867201536893845,
            0.6218494176864624,
            -0.3074818551540375,
            0.5372885465621948,
            0.32463139295578003,
            -0.005680413451045752,
            0.5270681977272034,
