{
    "image_path": "images/092.png",
    "mask_path": "masks/092.png",
    "mask_features": {
        "mask_area_ratio": 0.21997451782226562,
        "mask_bbox": {
            "x_min": 72,
            "y_min": 201,
            "x_max": 444,
            "y_max": 371
        },
        "mask_location": "center",
        "mask_fragments": 1
    },
    "image_features": {
        "resolution": {
            "width": 1024,
            "height": 1024,
            "aspect_ratio": 1.0
        },
        "faces_detected": 0,
        "texture": {
            "laplacian_variance": 362.6946148807312,
            "edge_density": 0.0989990234375
        },
        "colors": {
            "brightness_mean": 68.1750316619873,
            "saturation_mean": 58.99837303161621,
            "dominant_colors": [
                [
                    237,
                    236,
                    233
                ],
                [
                    72,
                    74,
                    79
                ],
                [
                    24,
                    26,
                    29
                ]
            ]
        },
        "text_present": true,
        "clip_embedding": [
            0.0755411684513092,
            0.14868392050266266,
            0.3278484642505646,
            0.11322800815105438,
            0.4685260057449341,
            -0.3034585416316986,
            -0.02819189243018627,
            0.6592105627059937,
            -0.056492093950510025,
            0.24410775303840637,
            -0.08981171995401382,
            0.1772778332233429,
            0.5770206451416016,
            -0.3843381404876709,
            0.25177067518234253,
            -0.07766842097043991,
            -0.05518318712711334,
            0.190740704536438,
            0.006170878652483225,
            0.24637673795223236,
            1.0711525678634644,
            0.13328136503696442,
            0.20075786113739014,
            -0.3429546356201172,
            -0.17132502794265747,
            0.04767432063817978,
            -0.20767508447170258,
            -0.267376184463501,
            -0.19040466845035553,
            0.14749982953071594,
            -0.08509116619825363,
            0.24001376330852509,
            -0.24281810224056244,
            0.06600546091794968,
            -0.0661458969116211,
            -0.16256749629974365,
            0.34223535656929016,
            0.13782989978790283,
            -3.066498538828455e-05,
            -1.5961110591888428,
            -0.426640123128891,
            0.37463143467903137,
            0.1314149796962738,
            -0.2777562141418457,
            0.10341310501098633,
            -0.23184044659137726,
            0.14986060559749603,
            0.24081756174564362,
            0.140573188662529,
            0.5107372999191284,
            0.22072015702724457,
            0.1526101678609848,
            0.48175570368766785,
            0.7802977561950684,
            0.18872514367103577,
            0.8473009467124939,
            0.5614531636238098,
            -0.12875470519065857,
            0.029553452506661415,
            0.4344851076602936,
            -0.746773362159729,
            -0.30599987506866455,
            -0.018424276262521744,
            0.0403251126408577,
            0.017830688506364822,
            -0.1326216757297516,
            -0.5133572220802307,
            -0.13344918191432953,
            0.09461801499128342,
            0.07419044524431229,
            -0.4375866651535034,
            -0.2501685917377472,
            0.1305079609155655,
            -0.04921400919556618,
            -0.1016029417514801,
            -0.011734810657799244,
            0.1578844040632248,
            -0.11031575500965118,
            -0.07497424632310867,
            -0.31790047883987427,
            0.08279750496149063,
            -0.18694919347763062,
            0.26297125220298767,
            -0.09315993636846542,
            -0.005537546239793301,
            0.017972486093640327,
            0.31331536173820496,
            -0.22005534172058105,
            0.3577564060688019,
            -0.19846463203430176,
            -0.03451605513691902,
            0.24158132076263428,
            -8.903613090515137,
            -0.20019342005252838,
            -0.4276697337627411,
            0.37664201855659485,
            -0.09905949980020523,
            -0.6347973346710205,
            -0.33839744329452515,
            -1.6058294773101807,
            -0.049697618931531906,
            0.49403372406959534,
            -0.475647509098053,
            0.12310734391212463,
            1.146848440170288,
            -0.2237653285264969,
            -2.4424211978912354,
            0.040328893810510635,
            -0.01167916227132082,
            -0.2554468512535095,
            -0.03896069899201393,
            -0.7668461203575134,
            0.1260901689529419,
            -0.14636777341365814,
            -0.14617815613746643,
            -0.09550517052412033,
            -0.027326615527272224,
            -0.19133852422237396,
            0.03476889804005623,
            0.15808524191379547,
            0.1896771639585495,
            0.5737028121948242,
            -0.2785745859146118,
            -0.5297300219535828,
            0.18286769092082977,
            -0.1860775202512741,
            0.17983503639698029,
            0.16806066036224365,
            -0.02832486480474472,
            0.2675122022628784,
            0.1457020491361618,
            -0.20105354487895966,
            -0.27223455905914307,
            0.975711464881897,
            -0.05728251859545708,
            0.2729433476924896,
            0.36315903067588806,
            -0.19589559733867645,
            -0.590819776058197,
            0.3775917589664459,
            0.04741781949996948,
            0.38389819860458374,
            0.05089373141527176,
            0.234805628657341,
            -0.5869451761245728,
            -0.11445342004299164,
            -0.051192618906497955,
            -0.6508089900016785,
            -0.2798663079738617,
            0.07256373018026352,
            0.030149390920996666,
            -0.4677370488643646,
            0.48126837611198425,
            -0.09901097416877747,
            0.139303058385849,
            -0.39325571060180664,
            0.15308713912963867,
            -0.5449409484863281,
            -0.03077535703778267,
            -0.5143095850944519,
            0.14075297117233276,
            -0.006265346892178059,
            0.1375068873167038,
            0.23259343206882477,
            0.20891472697257996,
            -0.3018329441547394,
            0.8104207515716553,
            0.5565422773361206,
            0.2831229567527771,
            0.003317189635708928,
            0.03509888797998428,
            -0.21293050050735474,
            0.21765480935573578,
            -0.156479150056839,
            -0.13368746638298035,
            0.2595316171646118,
            -0.18584488332271576,
            0.13405591249465942,
            -0.22615596652030945,
            -0.039745230227708817,
            -0.2887038588523865,
            0.01742987334728241,
            0.06218407303094864,
            -0.04028407111763954,
            -0.12901221215724945,
            0.04582733288407326,
            -0.10768743604421616,
            -0.5095744729042053,
            0.08248870819807053,
            0.18077334761619568,
            0.19048309326171875,
            0.1840558648109436,
            -0.21409282088279724,
            -0.1536475121974945,
            0.12587501108646393,
            -0.1469656378030777,
            -0.259553998708725,
            -0.046618424355983734,
            -0.26575085520744324,
            -0.8010121583938599,
            0.3023945987224579,
            0.29201561212539673,
            0.032555509358644485,
            -0.05367833003401756,
