{
    "image_path": "images/093.png",
    "mask_path": "masks/093.png",
    "mask_features": {
        "mask_area_ratio": 0.22599411010742188,
        "mask_bbox": {
            "x_min": 140,
            "y_min": 119,
            "x_max": 358,
            "y_max": 406
        },
        "mask_location": "center",
        "mask_fragments": 1
    },
    "image_features": {
        "resolution": {
            "width": 1024,
            "height": 1024,
            "aspect_ratio": 1.0
        },
        "faces_detected": 0,
        "texture": {
            "laplacian_variance": 319.12378453954716,
            "edge_density": 0.09357166290283203
        },
        "colors": {
            "brightness_mean": 68.0732593536377,
            "saturation_mean": 57.07892608642578,
            "dominant_colors": [
                [
                    25,
                    26,
                    29
                ],
                [
                    239,
                    238,
                    235
                ],
                [
                    66,
                    70,
                    80
                ]
            ]
        },
        "text_present": false,
        "clip_embedding": [
            -0.09840171039104462,
            0.32342198491096497,
            0.12971080839633942,
            0.4859756827354431,
            0.23436665534973145,
            -0.13387428224086761,
            -0.2848084270954132,
            0.5116745233535767,
            -0.11755834519863129,
            0.6385740637779236,
            0.22454574704170227,
            0.19549357891082764,
            0.541621208190918,
            -0.3587218225002289,
            0.43352222442626953,
            -0.05260299891233444,
            -0.07402878999710083,
            0.13325850665569305,
            0.23732832074165344,
            -0.11980140954256058,
            0.9267211556434631,
            0.22268599271774292,
            0.4621717929840088,
            -0.15339475870132446,
            -0.03400971367955208,
            0.34698376059532166,
            -0.2864140272140503,
            -0.45594272017478943,
            0.08097504079341888,
            0.2883150577545166,
            -0.1923368126153946,
            0.27394944429397583,
            -0.416056752204895,
            -0.09662113338708878,
            -0.025424521416425705,
            -0.4633338749408722,
            0.10277804732322693,
            -0.37897923588752747,
            -0.3947446048259735,
            -0.6934573650360107,
            -0.582367479801178,
            0.13532793521881104,
            0.45187002420425415,
            -0.1626354157924652,
            0.36843574047088623,
            -0.6439347267150879,
            -0.0779109075665474,
            0.04034556448459625,
            0.15452250838279724,
            0.09254045784473419,
            0.28074169158935547,
            -0.1482202708721161,
            0.7213417887687683,
            0.5156948566436768,
            -0.0861009731888771,
            0.7419643998146057,
            0.3850063681602478,
            -0.30399414896965027,
            0.0785393938422203,
            0.3365798592567444,
            -0.8563986420631409,
            -0.34541600942611694,
            -0.22620302438735962,
            0.08304976671934128,
            -0.43720507621765137,
            -0.3459664285182953,
            -0.36931514739990234,
            -0.21844296157360077,
            0.00901840440928936,
            0.3410707414150238,
            -0.3358311355113983,
            -0.1173320785164833,
            -0.16049760580062866,
            0.31000834703445435,
            0.22405856847763062,
            -0.2621806561946869,
            0.22601455450057983,
            -0.12543165683746338,
            -0.05250994861125946,
            -0.0042696683667600155,
            -0.24738147854804993,
            0.1737198829650879,
            -0.0810946524143219,
            -0.13910356163978577,
            0.018214289098978043,
            0.1268560141324997,
            1.2730884552001953,
            -0.36541080474853516,
            -0.06639204174280167,
            0.10677600651979446,
            0.15464480221271515,
            0.08804035186767578,
            -8.284692764282227,
            -0.28291189670562744,
            -0.47147905826568604,
            -0.1265760213136673,
            -0.09996920078992844,
            -0.03802179917693138,
            0.006892797537147999,
            -1.1421037912368774,
            0.151863694190979,
            0.035844482481479645,
            -0.04518310725688934,
            0.48620185256004333,
            0.7910544276237488,
            0.034111350774765015,
            -2.035243511199951,
            0.146794393658638,
            0.3712732493877411,
            -0.16036678850650787,
            0.20132818818092346,
            -0.41456881165504456,
            0.34092947840690613,
            -0.1970435082912445,
            0.3252045512199402,
            0.0074237314984202385,
            0.17780433595180511,
            -0.10295336693525314,
            -0.07606770843267441,
            0.15005822479724884,
            0.4324079751968384,
            0.8603698015213013,
            0.05725497379899025,
            -0.0994599387049675,
            -0.33157578110694885,
            -0.7478890419006348,
            -0.052199047058820724,
            0.3262922763824463,
            -0.08363019675016403,
            0.22552818059921265,
            0.11406508833169937,
            0.024928510189056396,
            -0.037247184664011,
            0.9097778797149658,
            0.44579246640205383,
            -0.24658386409282684,
            0.6075212359428406,
            -0.09001769870519638,
            -0.44910627603530884,
            0.5703941583633423,
            -0.07212451845407486,
            0.20793522894382477,
            0.3095575273036957,
            0.16599173843860626,
            -0.4469515085220337,
            0.037544116377830505,
            -0.2933284640312195,
            -0.5300390720367432,
            -0.09547538310289383,
            0.1603151261806488,
            -0.31571200489997864,
            -0.25982794165611267,
            1.003848910331726,
            -0.25731316208839417,
            -0.04486013203859329,
            -0.6069982051849365,
            0.26988375186920166,
            -0.10082121938467026,
            -0.22910134494304657,
            -0.10198204964399338,
            -0.32162904739379883,
            -0.42820990085601807,
            -0.013268256559967995,
            0.24158114194869995,
            -0.03300933539867401,
            0.08718401938676834,
            0.46914273500442505,
            0.7653517723083496,
            0.19865955412387848,
            -0.2602023482322693,
            0.3423558473587036,
            -0.19930176436901093,
            0.18709693849086761,
            -0.2678108215332031,
            -0.08676434308290482,
            -0.028069432824850082,
            -0.0001568947045598179,
            0.37044939398765564,
            -0.2753554582595825,
            0.15389412641525269,
            0.09002694487571716,
            -0.05879325792193413,
            -0.30238592624664307,
            0.1098996251821518,
            -0.007411258760839701,
            -0.011693022213876247,
            0.09407336264848709,
            -0.6463825106620789,
            0.01610512286424637,
            0.10301434248685837,
            0.13509009778499603,
            0.5456220507621765,
            -0.07641720026731491,
            0.3107606768608093,
            0.2286893129348755,
            -0.42618268728256226,
            -0.2029234766960144,
            0.3545202910900116,
            -0.060947321355342865,
            -1.0101572275161743,
            0.2915800213813782,
            -0.00829204823821783,
            0.3649086058139801,
            0.21303650736808777,
