{
    "image_path": "images/094.png",
    "mask_path": "masks/094.png",
    "mask_features": {
        "mask_area_ratio": 0.028106689453125,
        "mask_bbox": {
            "x_min": 315,
            "y_min": 119,
            "x_max": 472,
            "y_max": 177
        },
        "mask_location": "edge_or_corner",
        "mask_fragments": 1
    },
    "image_features": {
        "resolution": {
            "width": 1024,
            "height": 1024,
            "aspect_ratio": 1.0
        },
        "faces_detected": 0,
        "texture": {
            "laplacian_variance": 181.63532222119102,
            "edge_density": 0.07261371612548828
        },
        "colors": {
            "brightness_mean": 149.860107421875,
            "saturation_mean": 130.79750537872314,
            "dominant_colors": [
                [
                    35,
                    107,
                    150
                ],
                [
                    199,
                    137,
                    67
                ],
                [
                    224,
                    204,
                    179
                ]
            ]
        },
        "text_present": false,
        "clip_embedding": [
            0.3421531617641449,
            0.044190894812345505,
            -0.21364876627922058,
            0.27547237277030945,
            0.08096480369567871,
            0.3295442461967468,
            0.14253172278404236,
            0.30345281958580017,
            -0.09390962868928909,
            0.41724297404289246,
            0.11167138069868088,
            0.16886691749095917,
            1.1529682874679565,
            0.07393116503953934,
            0.2782246470451355,
            -0.09740309417247772,
            -0.09979715198278427,
            0.08711299300193787,
            -0.3240138590335846,
            0.1791912019252777,
            0.38678428530693054,
            0.011513611301779747,
            -0.06686759740114212,
            -0.31853124499320984,
            -0.11508183181285858,
            -0.10352467000484467,
            0.09275774657726288,
            0.27993881702423096,
            -0.3617466390132904,
            -0.25782132148742676,
            -0.10453397780656815,
            -0.017206143587827682,
            0.05517512559890747,
            0.04946930706501007,
            -0.002002473920583725,
            0.21895505487918854,
            -0.1331237107515335,
            0.39563846588134766,
            -0.10000704973936081,
            1.172565221786499,
            0.4388178884983063,
            -0.15688163042068481,
            0.029283655807375908,
            -0.16701564192771912,
            -0.10975144058465958,
            -0.5093568563461304,
            0.16130004823207855,
            0.4328693449497223,
            -0.028851311653852463,
            0.34251976013183594,
            0.2044244408607483,
            -0.3442172110080719,
            0.3090900778770447,
            0.43644979596138,
            0.3510969877243042,
            0.09145127236843109,
            0.2091982513666153,
            -0.08096663653850555,
            0.28850606083869934,
            0.41170966625213623,
            0.0015493540558964014,
            -0.16807331144809723,
            0.1470852494239807,
            -0.4051677882671356,
            -0.12284869700670242,
            -0.2303069680929184,
            -0.048025231808423996,
            0.4206714928150177,
            -0.5908924341201782,
            -0.029965179041028023,
            -0.8477664589881897,
            -0.07418408989906311,
            -0.06549015641212463,
            0.4168911278247833,
            -0.19688141345977783,
            0.13435271382331848,
            0.029857123270630836,
            -0.31545525789260864,
            -0.448792964220047,
            -0.3075113594532013,
            0.26797616481781006,
            -0.24361853301525116,
            0.22224895656108856,
            -0.07222821563482285,
            -0.28852418065071106,
            0.22857506573200226,
            -0.03228650614619255,
            -0.5643753409385681,
            -0.2728337049484253,
            -0.4915235638618469,
            0.05788290500640869,
            0.06909116357564926,
            -7.167577266693115,
            0.07583407312631607,
            0.32776129245758057,
            0.5206897258758545,
            -0.4355241358280182,
            0.1519269496202469,
            0.17166920006275177,
            -1.8009536266326904,
            0.45903679728507996,
            -0.2540445923805237,
            0.3966068923473358,
            -0.20779383182525635,
            0.5178833603858948,
            0.14365027844905853,
            -2.285325288772583,
            -0.09209520369768143,
            -0.01594626158475876,
            0.14671476185321808,
            0.08836164325475693,
            -0.5513260364532471,
            -0.131944939494133,
            0.08691113442182541,
            0.32777830958366394,
            0.4927656352519989,
            -0.8898122310638428,
            0.11889909207820892,
            0.1091696247458458,
            -0.3884335458278656,
            -0.19117560982704163,
            0.28881269693374634,
            0.6929312348365784,
            -0.2743314206600189,
            0.25604620575904846,
            0.022556405514478683,
            -0.39938563108444214,
            0.21762730181217194,
            0.13282720744609833,
            0.23201708495616913,
            0.02622235380113125,
            -0.030610065907239914,
            -0.10339078307151794,
            0.902954638004303,
            0.10140291601419449,
            0.6421369314193726,
            0.4264547824859619,
            0.12320107966661453,
            -0.23469069600105286,
            -0.350480318069458,
            -0.03983718156814575,
            0.3759428560733795,
            0.03827482461929321,
            -0.07599012553691864,
            -0.3892468810081482,
            0.32793036103248596,
            0.06722602993249893,
            -0.2800368070602417,
            -0.41590791940689087,
            -0.25437265634536743,
            0.3180789053440094,
            -0.07985115051269531,
            0.8465345501899719,
            -0.5294896960258484,
            0.06702792644500732,
            0.12733031809329987,
            -0.39905330538749695,
            0.13959430158138275,
            -0.12019069492816925,
            0.16831406950950623,
            -0.3660796880722046,
            -0.44277721643447876,
            0.05034457892179489,
            0.04882121458649635,
            -0.14091908931732178,
            0.29312747716903687,
            0.4588034152984619,
            0.7538720965385437,
            -0.04926060885190964,
            0.3556794226169586,
            0.1614898443222046,
            -0.127122700214386,
            -0.06848402321338654,
            -0.058446913957595825,
            0.3846062123775482,
            -0.2856184244155884,
            -0.5268024206161499,
            0.20365756750106812,
            0.06991952657699585,
            -0.29490724205970764,
            -0.05714906379580498,
            -0.42017048597335815,
            -0.07784561812877655,
            -0.0819772332906723,
            0.06369295716285706,
            -0.24736954271793365,
            -0.035504721105098724,
            -0.3317716419696808,
            -0.22636426985263824,
            0.0649251714348793,
            0.09000824391841888,
            0.10093861818313599,
            -0.14615654945373535,
            -0.09479857981204987,
            -0.9462592601776123,
            -0.30671754479408264,
            -0.4361332952976227,
            0.19727981090545654,
            0.06198298931121826,
            -0.35620108246803284,
            -0.11569827049970627,
            0.17930381000041962,
            0.626869797706604,
            -0.2462981641292572,
