{
    "image_path": "images/095.png",
    "mask_path": "masks/095.png",
    "mask_features": {
        "mask_area_ratio": 0.12982177734375,
        "mask_bbox": {
            "x_min": 114,
            "y_min": 273,
            "x_max": 444,
            "y_max": 431
        },
        "mask_location": "edge_or_corner",
        "mask_fragments": 1
    },
    "image_features": {
        "resolution": {
            "width": 1024,
            "height": 1024,
            "aspect_ratio": 1.0
        },
        "faces_detected": 0,
        "texture": {
            "laplacian_variance": 243.64088246452957,
            "edge_density": 0.07462882995605469
        },
        "colors": {
            "brightness_mean": 142.07708549499512,
            "saturation_mean": 127.0192174911499,
            "dominant_colors": [
                [
                    199,
                    137,
                    67
                ],
                [
                    33,
                    88,
                    127
                ],
                [
                    224,
                    202,
                    176
                ]
            ]
        },
        "text_present": false,
        "clip_embedding": [
            0.4235736131668091,
            -0.1030966266989708,
            0.10008750110864639,
            0.30700358748435974,
            0.24351496994495392,
            0.22181405127048492,
            -0.11782243847846985,
            0.38454651832580566,
            -0.007095541339367628,
            0.21796075999736786,
            -0.120661661028862,
            -0.14564982056617737,
            0.7995042204856873,
            -0.06916458159685135,
            0.36781561374664307,
            0.01765981875360012,
            0.8503684997558594,
            0.1229805126786232,
            0.06149851530790329,
            -0.013791006058454514,
            -0.08339659124612808,
            -0.26007431745529175,
            0.3616224527359009,
            -0.29037922620773315,
            -0.24286283552646637,
            -0.16353607177734375,
            0.3681456446647644,
            -0.2853544056415558,
            -0.09904829412698746,
            -0.8912591338157654,
            -0.14243577420711517,
            -0.08326801657676697,
            -0.086487777531147,
            0.14502552151679993,
            -0.0557401143014431,
            0.3481554388999939,
            -0.5494183897972107,
            -0.18692085146903992,
            0.20217548310756683,
            0.24323268234729767,
            -0.1539028286933899,
            -0.2992551624774933,
            0.10364143550395966,
            -0.05123722180724144,
            -0.13269035518169403,
            -0.8219187259674072,
            0.2376992255449295,
            0.18751277029514313,
            0.029989657923579216,
            0.10229466110467911,
            0.34972497820854187,
            -0.4923100769519806,
            0.239343523979187,
            0.06573297828435898,
            0.0552816241979599,
            0.22927357256412506,
            0.3299785256385803,
            -0.026535827666521072,
            0.0038675519172102213,
            0.2946835458278656,
            0.30375584959983826,
            -0.09087138622999191,
            -0.009560813196003437,
            0.005668176803737879,
            -0.32668405771255493,
            -0.2526540160179138,
            0.006392365321516991,
            0.2454831898212433,
            -0.29380908608436584,
            -0.3184739351272583,
            -0.4898880124092102,
            0.017773495987057686,
            -0.39986270666122437,
            -0.06921739876270294,
            0.11262483894824982,
            0.19275648891925812,
            0.19263865053653717,
            -0.18511275947093964,
            -0.2817283570766449,
            -0.4613415002822876,
            0.18465861678123474,
            0.021840916946530342,
            0.4903588593006134,
            -0.5188629627227783,
            0.12472807615995407,
            0.24065299332141876,
            -0.42558857798576355,
            -0.3678855299949646,
            0.28192266821861267,
            -0.4972902238368988,
            0.19426053762435913,
            -0.07515755295753479,
            -6.2671027183532715,
            -0.4029953181743622,
            0.35828423500061035,
            0.22981023788452148,
            -0.406594842672348,
            -0.06251004338264465,
            -0.5395550727844238,
            -0.808522641658783,
            0.4830838739871979,
            -0.3069250285625458,
            -0.4166904389858246,
            0.2407294511795044,
            0.18122418224811554,
            0.1554422676563263,
            -2.524226427078247,
            -0.09437243640422821,
            -0.09402094036340714,
            -0.21752920746803284,
            0.01607988402247429,
            -0.49777162075042725,
            -0.4211277663707733,
            0.32340914011001587,
            0.5181286931037903,
            0.32861262559890747,
            -0.38528531789779663,
            0.2177010178565979,
            0.034503817558288574,
            -0.41426631808280945,
            -0.16030852496623993,
            0.012985293753445148,
            0.08061520755290985,
            -0.21470725536346436,
            0.12241612374782562,
            0.13886937499046326,
            -0.15235629677772522,
            0.23914021253585815,
            0.02593359537422657,
            0.5619061589241028,
            0.4652450978755951,
            -0.4594520330429077,
            -0.06704381853342056,
            0.8510799407958984,
            0.3094167113304138,
            0.204509899020195,
            0.2133503258228302,
            0.011235958896577358,
            -0.16717731952667236,
            -0.19232958555221558,
            -0.31948617100715637,
            0.09478443115949631,
            0.4182651937007904,
            -0.10080506652593613,
            -0.2730723023414612,
            0.24942569434642792,
            -0.17330436408519745,
            0.04040566459298134,
            -0.11691790819168091,
            -0.662512481212616,
            0.7204429507255554,
            -0.0358082540333271,
            1.2837574481964111,
            -0.03810885548591614,
            0.4440883696079254,
            -0.05297539010643959,
            -0.015389502048492432,
            0.5034324526786804,
            0.11955541372299194,
            -0.11676430702209473,
            -0.1651233732700348,
            -0.2861267030239105,
            -0.31915175914764404,
            0.10312128067016602,
            -0.05569350719451904,
            0.15621404349803925,
            -0.5175825357437134,
            0.3411349058151245,
            0.07284867018461227,
            0.490827351808548,
            0.30920374393463135,
            -0.12751401960849762,
            -0.2958291172981262,
            -0.22288878262043,
            0.015451054088771343,
            -0.23590567708015442,
            -0.2254636138677597,
            -0.25715774297714233,
            0.43689870834350586,
            -0.40901827812194824,
            -0.42691728472709656,
            -0.32403236627578735,
            -0.22260649502277374,
            -0.3494754433631897,
            -0.20437218248844147,
            -0.21356171369552612,
            0.0898256003856659,
            -0.3956972062587738,
            -0.5324284434318542,
            -0.07916350662708282,
            0.11995188146829605,
            -0.2363794445991516,
            -0.5116164684295654,
            -0.1045123040676117,
            -1.2164113521575928,
            -0.3334636092185974,
            -0.2884165942668915,
            -0.11011572927236557,
            0.1058032289147377,
            -0.6314491629600525,
            -0.1901620477437973,
            -0.2103518396615982,
            0.1759440302848816,
            -0.4233185052871704,
