{
    "image_path": "images/096.png",
    "mask_path": "masks/096.png",
    "mask_features": {
        "mask_area_ratio": 0.09334945678710938,
        "mask_bbox": {
            "x_min": 98,
            "y_min": 11,
            "x_max": 249,
            "y_max": 285
        },
        "mask_location": "edge_or_corner",
        "mask_fragments": 1
    },
    "image_features": {
        "resolution": {
            "width": 1024,
            "height": 1024,
            "aspect_ratio": 1.0
        },
        "faces_detected": 0,
        "texture": {
            "laplacian_variance": 434.9896086711944,
            "edge_density": 0.0796823501586914
        },
        "colors": {
            "brightness_mean": 130.78171253204346,
            "saturation_mean": 103.73856353759766,
            "dominant_colors": [
                [
                    174,
                    128,
                    121
                ],
                [
                    113,
                    52,
                    62
                ],
                [
                    230,
                    231,
                    213
                ]
            ]
        },
        "text_present": false,
        "clip_embedding": [
            -0.058370307087898254,
            0.2811432480812073,
            -0.16537323594093323,
            0.07689688354730606,
            0.640342116355896,
            -0.4425688087940216,
            0.012769493274390697,
            0.031134899705648422,
            -0.04904408007860184,
            0.16667741537094116,
            0.2579197287559509,
            -0.3025950789451599,
            0.5152071118354797,
            -0.22196172177791595,
            0.20893190801143646,
            -0.2512407600879669,
            -1.5686653852462769,
            0.28739550709724426,
            0.25644999742507935,
            -0.30535757541656494,
            -0.0141226127743721,
            0.023344343528151512,
            -0.06582991778850555,
            -0.2803153097629547,
            -0.07709240913391113,
            0.11737103760242462,
            0.12167132645845413,
            -0.38515886664390564,
            -0.1763625293970108,
            0.4152041971683502,
            -0.2736400365829468,
            0.3190208673477173,
            -0.05170215293765068,
            -0.1199655681848526,
            0.10690347105264664,
            0.13023504614830017,
            0.026961740106344223,
            0.20005173981189728,
            0.1751227080821991,
            -1.1159334182739258,
            -0.08473231643438339,
            -0.27191150188446045,
            -0.118226058781147,
            -0.4382603168487549,
            -0.17187756299972534,
            0.6270392537117004,
            -0.31783348321914673,
            -0.07099026441574097,
            -0.09783098846673965,
            0.03571394830942154,
            0.3695962429046631,
            0.22565175592899323,
            0.052272696048021317,
            -0.460056334733963,
            -0.7156233191490173,
            -0.14656758308410645,
            0.1668040007352829,
            0.3231814503669739,
            -0.12805914878845215,
            0.26147815585136414,
            0.2739790678024292,
            0.31397533416748047,
            0.16209712624549866,
            0.109878771007061,
            -0.2085050642490387,
            -0.1405096799135208,
            0.11996783316135406,
            -0.30999433994293213,
            -0.130094513297081,
            0.24429085850715637,
            -0.5207924842834473,
            0.2792738676071167,
            -0.3800283968448639,
            -0.31517747044563293,
            0.04683125019073486,
            -0.05030530318617821,
            0.27170780301094055,
            -0.2566022276878357,
            -0.2206628918647766,
            -0.1854260414838791,
            0.218284472823143,
            -0.21138012409210205,
            0.11684845387935638,
            0.4717196524143219,
            0.6143040657043457,
            0.22992929816246033,
            -0.7627724409103394,
            -0.019643941894173622,
            -0.1602943241596222,
            -0.18504014611244202,
            -0.1910829395055771,
            0.06033960357308388,
            -6.386277198791504,
            0.28298547863960266,
            0.041017867624759674,
            0.19275660812854767,
            -0.05197450891137123,
            -0.1692223995923996,
            0.7775918245315552,
            -0.11528594046831131,
            0.052179329097270966,
            0.11028265953063965,
            -0.1691712737083435,
            -0.13888128101825714,
            0.9368003010749817,
            0.126610666513443,
            -0.47680139541625977,
            0.08686810731887817,
            0.2877883315086365,
            0.19757801294326782,
            -0.14051474630832672,
            -0.3172152638435364,
            -0.48204872012138367,
            0.07772106677293777,
            0.6817980408668518,
            0.2731732428073883,
            -0.5796286463737488,
            -0.19222910702228546,
            0.34830304980278015,
            0.4995202124118805,
            0.08393122255802155,
            0.31841665506362915,
            0.0036562620662152767,
            0.10742611438035965,
            0.3537116050720215,
            -0.011549104005098343,
            -0.02269955724477768,
            -0.09664172679185867,
            -0.12676852941513062,
            0.566601574420929,
            -0.197030708193779,
            0.12847229838371277,
            -0.06545357406139374,
            0.8794348239898682,
            -0.23689663410186768,
            -0.5538610816001892,
            0.25252294540405273,
            -0.3531062602996826,
            0.10015826672315598,
            -0.3042401671409607,
            0.22246108949184418,
            0.13952791690826416,
            0.12177247554063797,
            0.016265608370304108,
            -0.04990353435277939,
            -0.004203057382255793,
            0.2611011862754822,
            0.24016223847866058,
            0.19199088215827942,
            0.03619398549199104,
            0.10286261886358261,
            0.048043154180049896,
            -0.3962855637073517,
            -0.6989690661430359,
            -0.21540705859661102,
            -0.3471182882785797,
            0.30056047439575195,
            0.19594649970531464,
            0.4006105363368988,
            -0.31835445761680603,
            0.4208475947380066,
            -0.10810235142707825,
            -0.050144463777542114,
            0.5028365254402161,
            0.045861244201660156,
            0.6027833819389343,
            -0.11817627400159836,
            0.4511701762676239,
            -0.20356380939483643,
            -0.3324611783027649,
            0.16533130407333374,
            -0.5234126448631287,
            -0.3976782262325287,
            -0.4727506637573242,
            0.6154906749725342,
            0.119207002222538,
            -0.47856175899505615,
            0.2364923357963562,
            -0.7823619842529297,
            -0.0011740133631974459,
            0.5808225870132446,
            -0.024052122607827187,
            -0.0559241883456707,
            -0.22616156935691833,
            0.2187838852405548,
            0.23627956211566925,
            -0.019864115864038467,
            0.43608391284942627,
            -0.4937024712562561,
            -0.15197794139385223,
            0.18962232768535614,
            0.0315704420208931,
            0.11506567150354385,
            -0.3076251745223999,
            -0.8126761317253113,
            0.04386090487241745,
            0.20467285811901093,
            -0.21148128807544708,
            -0.4296885132789612,
            0.00925514381378889,
            -0.3822302222251892,
            -0.0635840967297554,
            0.29833462834358215,
            0.4241800308227539,
