{
    "image_path": "images/097.jpg",
    "mask_path": "masks/097.jpg",
    "mask_features": {
        "mask_area_ratio": 0.0929296875,
        "mask_bbox": {
            "x_min": 256,
            "y_min": 57,
            "x_max": 316,
            "y_max": 207
        },
        "mask_location": "edge_or_corner",
        "mask_fragments": 1
    },
    "image_features": {
        "resolution": {
            "width": 320,
            "height": 240,
            "aspect_ratio": 1.333
        },
        "faces_detected": 0,
        "texture": {
            "laplacian_variance": 1782.4090207029553,
            "edge_density": 0.15029947916666667
        },
        "colors": {
            "brightness_mean": 113.17078125,
            "saturation_mean": 24.172161458333335,
            "dominant_colors": [
                [
                    67,
                    66,
                    66
                ],
                [
                    130,
                    129,
                    130
                ],
                [
                    234,
                    229,
                    227
                ]
            ]
        },
        "text_present": false,
        "clip_embedding": [
            0.024934127926826477,
            0.11275452375411987,
            -0.03423492610454559,
            0.08577168732881546,
            -0.6004542112350464,
            -0.422446072101593,
            0.14501014351844788,
            -0.767396867275238,
            -0.688133716583252,
            -0.05374804884195328,
            0.13029858469963074,
            0.11223899573087692,
            -0.47224709391593933,
            0.09004244953393936,
            0.057397469878196716,
            0.5715712904930115,
            -1.5419013500213623,
            0.1311853528022766,
            -0.5096299648284912,
            -0.03711739555001259,
            -0.43540430068969727,
            -0.04142572358250618,
            -0.43289461731910706,
            -0.3310542106628418,
            -0.30898693203926086,
            0.5046996474266052,
            -0.10503483563661575,
            0.31030887365341187,
            -0.36475953459739685,
            -0.15534000098705292,
            -0.1178307831287384,
            -0.13182905316352844,
            -0.2439395934343338,
            -0.04133743792772293,
            1.1690056324005127,
            0.04361756145954132,
            -0.4565368890762329,
            0.09133172035217285,
            -0.3642457127571106,
            0.3965190649032593,
            -0.17951367795467377,
            0.30436399579048157,
            0.0025455011054873466,
            0.29583004117012024,
            -0.025373440235853195,
            0.5749170780181885,
            0.4016508460044861,
            0.6330023407936096,
            -0.22302092611789703,
            0.5725033283233643,
            0.07615185528993607,
            0.3663545250892639,
            -0.07134091854095459,
            0.0124228335916996,
            -0.4183681905269623,
            0.32334282994270325,
            0.13144710659980774,
            0.09432081133127213,
            -0.19573631882667542,
            0.058674074709415436,
            -0.16219210624694824,
            -0.36154356598854065,
            0.24684901535511017,
            0.288752943277359,
            -0.08476432412862778,
            -0.4018673896789551,
            -0.028880605474114418,
            0.10246337950229645,
            0.05172022804617882,
            0.1409936249256134,
            -0.3159447908401489,
            0.4520040452480316,
            -0.0390947088599205,
            0.10763914883136749,
            0.010499411262571812,
            0.15318509936332703,
            -0.5409524440765381,
            -0.6174784302711487,
            -0.5575066208839417,
            -0.0547521635890007,
            -0.12614937126636505,
            0.19068476557731628,
            -0.08157368004322052,
            -0.33718448877334595,
            0.18027295172214508,
            0.09047350287437439,
            -0.10369070619344711,
            -0.11613066494464874,
            -0.029195636510849,
            -0.3102235198020935,
            -0.30219998955726624,
            -0.1509445458650589,
            -4.840014457702637,
            0.8002182245254517,
            0.003259518416598439,
            -0.15617209672927856,
            -0.018045924603939056,
            -0.01576867140829563,
            -0.48429790139198303,
            0.08733230084180832,
            0.29207471013069153,
            0.17914539575576782,
            0.015714572742581367,
            0.04292476549744606,
            -0.12794077396392822,
            -0.17401006817817688,
            -0.3005569875240326,
            -0.11801700294017792,
            0.16960860788822174,
            -0.15141822397708893,
            0.029322007670998573,
            -0.7204111218452454,
            0.13649709522724152,
            -0.0772947445511818,
            -0.06989046931266785,
            0.3649836778640747,
            0.15249963104724884,
            -0.3942718803882599,
            0.009167708456516266,
            -0.1884738951921463,
            -0.2573210299015045,
            0.6643170118331909,
            -0.06811349838972092,
            0.17192621529102325,
            -0.4101370573043823,
            0.13614629209041595,
            -0.006165199913084507,
            -0.24200569093227386,
            -0.2407604306936264,
            -0.40925782918930054,
            -0.06996144354343414,
            0.18867899477481842,
            -0.021011075004935265,
            0.8211430907249451,
            -0.5888442397117615,
            -0.26798176765441895,
            0.04671521857380867,
            -0.7103963494300842,
            0.21920183300971985,
            0.3660401403903961,
            -0.34430232644081116,
            -0.4507763683795929,
            0.08456698805093765,
            0.07577238231897354,
            -0.28442156314849854,
            0.49500328302383423,
            0.10854106396436691,
            0.3219349682331085,
            -0.46393606066703796,
            0.06859377771615982,
            -0.4657788574695587,
            0.04978542774915695,
            1.3354601860046387,
            0.0570104718208313,
            -0.1817941516637802,
            -0.052315667271614075,
            0.08319520205259323,
            0.49244311451911926,
            0.18767842650413513,
            -0.265380322933197,
            -0.1295880377292633,
            -0.030247999355196953,
            0.4501214623451233,
            -0.22710897028446198,
            0.20604214072227478,
            -0.1427658498287201,
            0.889371395111084,
            0.2146615833044052,
            -0.025358781218528748,
            -0.08268367499113083,
            0.027265122160315514,
            0.5977445840835571,
            0.22994299232959747,
            -0.3146269619464874,
            0.012555338442325592,
            0.5264484286308289,
            -0.5424047112464905,
            0.3443041443824768,
            0.09724032133817673,
            -0.005369002930819988,
            0.229458287358284,
            0.0389179103076458,
            -0.3579553961753845,
            -0.11264004558324814,
            -0.15513531863689423,
            -0.05801137536764145,
            0.021279769018292427,
            -0.3551017642021179,
            0.4110325872898102,
            -0.08469643443822861,
            -0.49774280190467834,
            -0.16569198668003082,
            0.19857695698738098,
            -0.12274470925331116,
            0.443737655878067,
            -0.21114994585514069,
            -0.07515326887369156,
            0.7204021215438843,
            -0.5421252250671387,
            0.15012626349925995,
            0.024763192981481552,
            -0.09911898523569107,
            -0.19238528609275818,
            0.023528428748250008,
