{
    "image_path": "images/099.jpg",
    "mask_path": "masks/099.jpg",
    "mask_features": {
        "mask_area_ratio": 0.11652417452830188,
        "mask_bbox": {
            "x_min": 170,
            "y_min": 58,
            "x_max": 319,
            "y_max": 201
        },
        "mask_location": "edge_or_corner",
        "mask_fragments": 1
    },
    "image_features": {
        "resolution": {
            "width": 320,
            "height": 212,
            "aspect_ratio": 1.509
        },
        "faces_detected": 0,
        "texture": {
            "laplacian_variance": 984.1995828382874,
            "edge_density": 0.09299823113207548
        },
        "colors": {
            "brightness_mean": 135.25862323113208,
            "saturation_mean": 66.66814563679246,
            "dominant_colors": [
                [
                    101,
                    178,
                    179
                ],
                [
                    80,
                    90,
                    93
                ],
                [
                    127,
                    126,
                    127
                ]
            ]
        },
        "text_present": false,
        "clip_embedding": [
            -0.24444971978664398,
            0.045303381979465485,
            -0.3770725727081299,
            0.39220869541168213,
            0.019835280254483223,
            -0.10484853386878967,
            0.5238027572631836,
            0.14414067566394806,
            0.47005805373191833,
            0.47420451045036316,
            0.07006864994764328,
            -0.19265492260456085,
            -0.10163763165473938,
            0.04482161998748779,
            0.2063911110162735,
            -0.0525241419672966,
            0.4912118911743164,
            0.5089268088340759,
            0.2678425908088684,
            -0.1094123125076294,
            -0.10386274755001068,
            -0.04650592431426048,
            -0.4986252784729004,
            -0.39076709747314453,
            -0.14652463793754578,
            -0.5992022752761841,
            -0.26350685954093933,
            0.06573349237442017,
            0.19211439788341522,
            -0.12332332134246826,
            0.1516890823841095,
            0.4219664931297302,
            0.2743750512599945,
            -0.24500532448291779,
            0.5634879469871521,
            -0.08181554824113846,
            0.025671955198049545,
            0.09690339863300323,
            -0.065009206533432,
            0.16453206539154053,
            -0.6886383891105652,
            -0.34095606207847595,
            -0.13989655673503876,
            -0.09389650076627731,
            0.1900799423456192,
            -1.1305433511734009,
            0.05659198760986328,
            -0.36665037274360657,
            0.0645672157406807,
            0.2554541230201721,
            0.08456601202487946,
            0.7702327966690063,
            0.003911860752850771,
            0.023534446954727173,
            -0.0936490073800087,
            -0.0057286228984594345,
            0.5489819645881653,
            -0.04805665463209152,
            -0.5480379462242126,
            0.23094043135643005,
            0.8684282898902893,
            0.023224176838994026,
            0.3885209560394287,
            -0.005466488189995289,
            0.5776635408401489,
            -0.35121336579322815,
            0.29545703530311584,
            1.0466772317886353,
            0.04792015999555588,
            -0.25195926427841187,
            0.19391527771949768,
            -0.6635934114456177,
            -0.3899018466472626,
            0.46444860100746155,
            -0.23872268199920654,
            0.3504781424999237,
            -0.4667162299156189,
            0.0004784044867847115,
            0.001815877971239388,
            0.32996806502342224,
            0.5581998229026794,
            0.26876404881477356,
            0.30963134765625,
            0.1685381382703781,
            0.35224634408950806,
            0.2728869915008545,
            -0.47259336709976196,
            -0.18207499384880066,
            0.20024709403514862,
            -0.2676040530204773,
            0.12694528698921204,
            -0.11000054329633713,
            -7.567728519439697,
            -0.2499188333749771,
            -0.04727907478809357,
            0.3172961473464966,
            -0.40753474831581116,
            -0.007956904359161854,
            -0.4219033122062683,
            -0.7449326515197754,
            0.011175250634551048,
            0.010641684755682945,
            0.31153324246406555,
            0.21394242346286774,
            0.1856416016817093,
            -0.22952452301979065,
            0.22780486941337585,
            -0.23767253756523132,
            -0.2442181408405304,
            -0.21156619489192963,
            -0.29519253969192505,
            0.04507392644882202,
            -0.3704449534416199,
            -0.015681186690926552,
            0.2204534262418747,
            -0.02291255258023739,
            -0.5849019289016724,
            -0.1934497207403183,
            0.43752139806747437,
            0.4418697655200958,
            0.3028900921344757,
            0.255683034658432,
            0.6297737956047058,
            -0.22918081283569336,
            0.1844402700662613,
            -0.37126266956329346,
            0.12936627864837646,
            0.26640138030052185,
            -0.13023234903812408,
            0.21005289256572723,
            0.11734523624181747,
            -0.04228039085865021,
            0.3678185045719147,
            0.9696389436721802,
            -0.20235377550125122,
            -0.1080397218465805,
            -0.33619263768196106,
            -0.6411254405975342,
            -0.15846937894821167,
            -0.11427208036184311,
            -0.005177030805498362,
            0.3668653666973114,
            -0.43788668513298035,
            0.3374002277851105,
            -0.2153240442276001,
            0.19099247455596924,
            -0.14236249029636383,
            0.6588453650474548,
            -0.6053770780563354,
            0.10452347993850708,
            0.16717152297496796,
            0.11105693876743317,
            0.5706507563591003,
            0.38633570075035095,
            0.0003960312460549176,
            0.028049495071172714,
            0.5321882367134094,
            0.11527977138757706,
            0.17267273366451263,
            -0.5677171945571899,
            -0.3266604244709015,
            -0.030444402247667313,
            -0.12047576904296875,
            -0.09642660617828369,
            -0.0919080451130867,
            0.18238544464111328,
            0.4389718472957611,
            0.10824470967054367,
            0.11544451117515564,
            0.016772441565990448,
            -0.23431099951267242,
            -0.0908643826842308,
            -0.07216420769691467,
            -0.24780254065990448,
            -0.04349098727107048,
            -0.24642272293567657,
            1.205823540687561,
            0.08720170706510544,
            -0.5132666826248169,
            0.025153225287795067,
            -0.16874518990516663,
            -0.8110219836235046,
            -0.2420245260000229,
            -0.21749089658260345,
            -0.14031627774238586,
            0.03131534531712532,
            -0.017935970798134804,
            -0.11420011520385742,
            -0.006680585443973541,
            -0.14069151878356934,
            -0.15699997544288635,
            -0.04309777170419693,
            0.300251841545105,
            -0.2404705286026001,
            -0.7885381579399109,
            -0.2816624939441681,
            0.05137993395328522,
            -0.016935644671320915,
            1.4442685842514038,
            -0.08233436197042465,
            -0.0957709476351738,
            -0.10490511357784271,
            0.5156092047691345,
