{
    "image_path": "images/100.jpg",
    "mask_path": "masks/100.jpg",
    "mask_features": {
        "mask_area_ratio": 0.0881640625,
        "mask_bbox": {
            "x_min": 19,
            "y_min": 96,
            "x_max": 118,
            "y_max": 188
        },
        "mask_location": "edge_or_corner",
        "mask_fragments": 1
    },
    "image_features": {
        "resolution": {
            "width": 320,
            "height": 240,
            "aspect_ratio": 1.333
        },
        "faces_detected": 0,
        "texture": {
            "laplacian_variance": 3642.5859330505373,
            "edge_density": 0.15677083333333333
        },
        "colors": {
            "brightness_mean": 144.14993489583333,
            "saturation_mean": 56.53078125,
            "dominant_colors": [
                [
                    211,
                    208,
                    200
                ],
                [
                    144,
                    161,
                    161
                ],
                [
                    45,
                    66,
                    64
                ]
            ]
        },
        "text_present": false,
        "clip_embedding": [
            -0.08382146060466766,
            0.31943434476852417,
            -0.010124927386641502,
            -0.030854467302560806,
            -0.11074663698673248,
            0.02115241065621376,
            0.23968029022216797,
            -0.5078360438346863,
            0.2730729281902313,
            -0.22774675488471985,
            -0.43687009811401367,
            0.1213621273636818,
            0.6953469514846802,
            0.49202072620391846,
            0.015421447344124317,
            0.39803922176361084,
            0.3482230603694916,
            0.0828387513756752,
            0.045770514756441116,
            0.1644376963376999,
            0.3285474181175232,
            -0.10346169769763947,
            -0.5321620106697083,
            -0.29408392310142517,
            -0.16684547066688538,
            0.2047460824251175,
            -0.014683561399579048,
            -0.014512281864881516,
            -0.13336871564388275,
            0.0611330047249794,
            0.49784794449806213,
            0.11128559708595276,
            -0.22113077342510223,
            0.43422332406044006,
            0.3815879225730896,
            0.11181555688381195,
            0.0891825258731842,
            0.2147195041179657,
            0.23741967976093292,
            -0.08636917173862457,
            -0.3354324996471405,
            -0.13645531237125397,
            -0.009474215097725391,
            0.007702896371483803,
            0.6029934883117676,
            -1.3174948692321777,
            0.02564924955368042,
            0.1598438024520874,
            -0.060758620500564575,
            0.3617270290851593,
            -0.1731531172990799,
            -0.2376110553741455,
            0.5143977999687195,
            0.15618936717510223,
            -0.04683636873960495,
            -0.2637006938457489,
            0.3226207196712494,
            0.05670509114861488,
            0.3155237138271332,
            -0.06397781521081924,
            -0.23074114322662354,
            0.19512400031089783,
            0.18322022259235382,
            -0.08170971274375916,
            -0.13975468277931213,
            -0.02824423275887966,
            0.1538657695055008,
            2.2787344455718994,
            -0.1862669587135315,
            -0.25093981623649597,
            -0.26815035939216614,
            0.3642411231994629,
            -0.03927367925643921,
            -0.3696289360523224,
            0.20770956575870514,
            0.10566665232181549,
            -0.09751264750957489,
            -0.11231470853090286,
            -0.1494840532541275,
            0.27540355920791626,
            -0.0023202174343168736,
            -0.030751563608646393,
            0.2514379918575287,
            0.0863126590847969,
            0.05258531495928764,
            0.14029930531978607,
            -1.203582525253296,
            0.2995016276836395,
            0.7782567143440247,
            -0.0742000862956047,
            0.07558149099349976,
            0.028800172731280327,
            -5.7159504890441895,
            0.0748867616057396,
            0.36569201946258545,
            0.08401807397603989,
            -0.29492315649986267,
            -0.14041659235954285,
            -0.3781733512878418,
            -0.23875057697296143,
            0.35313692688941956,
            0.06368602067232132,
            0.26937925815582275,
            -0.20044583082199097,
            0.19416497647762299,
            0.4861125946044922,
            -0.3427935242652893,
            -0.11655020713806152,
            -0.0031142316292971373,
            -0.8208839893341064,
            0.12981587648391724,
            -0.28410661220550537,
            -0.25466689467430115,
            -0.14488640427589417,
            0.0573398694396019,
            0.3320711851119995,
            -0.5538239479064941,
            0.04069402813911438,
            0.28309741616249084,
            0.5269484519958496,
            0.05990612134337425,
            0.2593742311000824,
            0.5603541731834412,
            0.1566430628299713,
            -0.3647288382053375,
            -0.03977534547448158,
            0.2175377905368805,
            0.050455205142498016,
            -0.27454206347465515,
            0.3458833694458008,
            -0.00860341265797615,
            -0.16329900920391083,
            0.5883684158325195,
            0.8326305747032166,
            0.3817158043384552,
            -0.027682151645421982,
            0.5076056718826294,
            -0.06426220387220383,
            -0.5945762395858765,
            0.08377497643232346,
            -0.24285870790481567,
            0.06836418062448502,
            -0.6177339553833008,
            -0.1549169421195984,
            -0.20294158160686493,
            -0.12851770222187042,
            0.2713966965675354,
            0.5488221049308777,
            -0.21297362446784973,
            -0.16827280819416046,
            -0.1913512498140335,
            0.3018532991409302,
            0.07471815496683121,
            0.4809354841709137,
            0.3622657358646393,
            -0.42596539855003357,
            0.3655416667461395,
            0.2930310368537903,
            -0.13623876869678497,
            0.05312487110495567,
            -0.3326880633831024,
            -0.06972033530473709,
            -0.029523398727178574,
            0.019513733685016632,
            0.3412945866584778,
            0.12194328755140305,
            0.5433902144432068,
            0.27164530754089355,
            0.19518645107746124,
            0.08198357373476028,
            0.6416819095611572,
            0.38504818081855774,
            -0.2666230797767639,
            -0.12100653350353241,
            -0.028917668387293816,
            -0.02571003884077072,
            0.8329002857208252,
            -0.20478664338588715,
            -1.2158669233322144,
            0.3453334867954254,
            0.23409973084926605,
            0.12291721999645233,
            -0.10899825394153595,
            -0.12110161036252975,
            0.021055927500128746,
            0.18813936412334442,
            0.3298740088939667,
            -0.5107658505439758,
            0.22011317312717438,
            -0.16803301870822906,
            0.49140167236328125,
            -0.1306329369544983,
            0.11261970549821854,
            -0.5935509204864502,
            -0.9277332425117493,
            -0.4843463599681854,
            0.15497297048568726,
            0.03911203891038895,
            1.5994067192077637,
            -0.028338590636849403,
            -0.0876871794462204,
            0.17768436670303345,
            0.2632713317871094,
            0.1608424335718155,
