{
    "image_path": "images/101.jpg",
    "mask_path": "masks/101.jpg",
    "mask_features": {
        "mask_area_ratio": 0.06565434272300469,
        "mask_bbox": {
            "x_min": 34,
            "y_min": 54,
            "x_max": 83,
            "y_max": 181
        },
        "mask_location": "edge_or_corner",
        "mask_fragments": 1
    },
    "image_features": {
        "resolution": {
            "width": 320,
            "height": 213,
            "aspect_ratio": 1.502
        },
        "faces_detected": 0,
        "texture": {
            "laplacian_variance": 2983.4553089145993,
            "edge_density": 0.1230487089201878
        },
        "colors": {
            "brightness_mean": 110.85484154929577,
            "saturation_mean": 32.202406103286386,
            "dominant_colors": [
                [
                    29,
                    33,
                    34
                ],
                [
                    215,
                    210,
                    207
                ],
                [
                    101,
                    101,
                    105
                ]
            ]
        },
        "text_present": false,
        "clip_embedding": [
            0.1956101804971695,
            -0.026851806789636612,
            -0.4629974365234375,
            -0.12276817113161087,
            -0.33871862292289734,
            -0.06657202541828156,
            0.13301408290863037,
            -0.9845142960548401,
            0.008885325863957405,
            0.040561091154813766,
            -0.03185514360666275,
            0.14887785911560059,
            0.2573930621147156,
            0.12922422587871552,
            0.3704301714897156,
            0.1669471561908722,
            1.4383794069290161,
            0.013480288907885551,
            -0.12154635787010193,
            0.06791713833808899,
            0.5404865741729736,
            -0.10505106300115585,
            0.2391495555639267,
            -0.4521559476852417,
            -0.4491552710533142,
            -0.2547786235809326,
            -0.06570537388324738,
            -0.13740527629852295,
            0.25867554545402527,
            -0.018045572564005852,
            0.29713961482048035,
            -0.6135448813438416,
            0.03724242001771927,
            0.16661521792411804,
            0.011979546397924423,
            0.30799242854118347,
            0.12191662192344666,
            0.30796176195144653,
            -0.19006066024303436,
            1.125228762626648,
            0.18083062767982483,
            0.07551035284996033,
            0.2591375708580017,
            0.07574951648712158,
            0.5061014294624329,
            0.12126829475164413,
            0.2274707704782486,
            0.28906384110450745,
            0.02809613011777401,
            -0.19119703769683838,
            -0.13790488243103027,
            0.09915133565664291,
            -0.08314098417758942,
            0.47594141960144043,
            -0.2532191872596741,
            -0.17551735043525696,
            0.18321722745895386,
            -0.18163520097732544,
            -0.8014084100723267,
            -0.39373382925987244,
            -0.026660587638616562,
            -0.3767336905002594,
            -0.24902090430259705,
            0.44025564193725586,
            0.1075524315237999,
            -0.23016147315502167,
            -0.24367737770080566,
            0.46291089057922363,
            0.14985114336013794,
            0.047853365540504456,
            0.3651774525642395,
            0.6741276979446411,
            0.04128824174404144,
            0.04808944836258888,
            -0.07766557484865189,
            -0.0551348440349102,
            -0.20759138464927673,
            -0.03164801374077797,
            0.07686210423707962,
            0.41415587067604065,
            0.16768032312393188,
            0.22227904200553894,
            0.48374104499816895,
            -0.017261989414691925,
            0.2544170618057251,
            0.46377599239349365,
            1.4850804805755615,
            -0.002867723349481821,
            0.6053780317306519,
            -0.3573439121246338,
            0.11632063239812851,
            -0.37605881690979004,
            -4.4364447593688965,
            -0.7831434607505798,
            0.2783938944339752,
            -0.12017825990915298,
            -0.7536015510559082,
            0.061131738126277924,
            0.2816355228424072,
            0.18522725999355316,
            0.5981828570365906,
            0.2856287658214569,
            0.20403392612934113,
            0.4598308503627777,
            -0.15519459545612335,
            0.40801191329956055,
            -1.6538909673690796,
            -0.5961936116218567,
            0.04774784296751022,
            -0.04665276035666466,
            0.4171591103076935,
            -0.29448777437210083,
            -0.09437966346740723,
            -0.08815872669219971,
            0.022544991225004196,
            -0.39639365673065186,
            0.08285927772521973,
            0.3408130705356598,
            0.15925784409046173,
            0.1529303938150406,
            0.2527502477169037,
            1.0451914072036743,
            0.13227975368499756,
            0.2218722105026245,
            -0.15187634527683258,
            -0.47134968638420105,
            -0.1174137070775032,
            -0.28339883685112,
            -0.136537104845047,
            -0.18797074258327484,
            0.09206569939851761,
            0.062302324920892715,
            -0.07487417012453079,
            0.7578969597816467,
            0.008855437859892845,
            -0.013954706490039825,
            0.04949934780597687,
            -0.26117387413978577,
            -0.5126808285713196,
            0.08517046272754669,
            -0.038275688886642456,
            0.1574322134256363,
            -0.3856581151485443,
            0.1811632364988327,
            0.24210572242736816,
            0.5738030076026917,
            0.31501033902168274,
            0.11166001856327057,
            -0.2356777936220169,
            0.6932618021965027,
            0.1158253401517868,
            -0.20101213455200195,
            0.6213110089302063,
            -0.07849135249853134,
            0.24331676959991455,
            0.09586094319820404,
            0.44552117586135864,
            0.5161809921264648,
            -0.27127620577812195,
            0.20371012389659882,
            -0.41647589206695557,
            -0.11094338446855545,
            -0.19828373193740845,
            -0.07916692644357681,
            -0.004750245716422796,
            0.3248685598373413,
            0.6006075143814087,
            0.31766629219055176,
            -0.3265962302684784,
            0.17697148025035858,
            0.19981488585472107,
            0.33175769448280334,
            -0.06847455352544785,
            0.20556940138339996,
            -0.32175183296203613,
            -0.2517944276332855,
            0.06805657595396042,
            -0.16701629757881165,
            -0.7302574515342712,
            0.33176833391189575,
            -0.21843744814395905,
            -0.15225106477737427,
            -0.035500962287187576,
            -0.08381356298923492,
            0.08469359576702118,
            0.20728562772274017,
            0.030005577951669693,
            0.07505244761705399,
            0.20985469222068787,
            0.025902559980750084,
            -0.16352717578411102,
            0.12579411268234253,
            0.33407318592071533,
            -0.4483495056629181,
            -1.3385299444198608,
            -0.02544834464788437,
            -0.29244306683540344,
            -0.37731531262397766,
            1.176153302192688,
            -0.09607107192277908,
            0.23504039645195007,
            -0.07096145302057266,
            0.20186221599578857,
