{
    "image_path": "images/102.jpg",
    "mask_path": "masks/102.jpg",
    "mask_features": {
        "mask_area_ratio": 0.04791666666666667,
        "mask_bbox": {
            "x_min": 196,
            "y_min": 177,
            "x_max": 274,
            "y_max": 265
        },
        "mask_location": "edge_or_corner",
        "mask_fragments": 1
    },
    "image_features": {
        "resolution": {
            "width": 291,
            "height": 320,
            "aspect_ratio": 0.909
        },
        "faces_detected": 0,
        "texture": {
            "laplacian_variance": 348.10158313580894,
            "edge_density": 0.054402920962199314
        },
        "colors": {
            "brightness_mean": 108.59240764604812,
            "saturation_mean": 69.39104381443299,
            "dominant_colors": [
                [
                    95,
                    125,
                    192
                ],
                [
                    128,
                    125,
                    122
                ],
                [
                    73,
                    69,
                    76
                ]
            ]
        },
        "text_present": false,
        "clip_embedding": [
            -0.14095309376716614,
            0.16718748211860657,
            -0.09858297556638718,
            0.21984869241714478,
            0.134473517537117,
            -0.1300787627696991,
            0.3698614239692688,
            0.21421119570732117,
            0.2967548072338104,
            0.5070674419403076,
            0.3783959448337555,
            -0.3695840537548065,
            0.526770293712616,
            -0.10707169026136398,
            0.018912188708782196,
            0.17794658243656158,
            -0.7877753973007202,
            0.07731901854276657,
            0.7206630706787109,
            0.28158870339393616,
            -0.33921298384666443,
            0.018105704337358475,
            -0.28287139534950256,
            0.172677680850029,
            0.04253694787621498,
            0.003641834482550621,
            -0.25178080797195435,
            0.12041787058115005,
            -0.0925511047244072,
            0.20912714302539825,
            0.12997746467590332,
            0.07485461235046387,
            -0.07018779963254929,
            0.11698828637599945,
            0.33493784070014954,
            0.10269425809383392,
            -0.22361038625240326,
            0.3385366201400757,
            -0.2998669445514679,
            1.6556835174560547,
            -0.3132171928882599,
            0.13418351113796234,
            0.042365822941064835,
            0.6763793230056763,
            0.4398249387741089,
            -0.7329211235046387,
            0.02737322263419628,
            0.13432465493679047,
            -0.05810859426856041,
            -0.31508564949035645,
            0.029344359412789345,
            -0.18671254813671112,
            0.032326839864254,
            0.25308147072792053,
            0.07962881028652191,
            0.1380227506160736,
            -0.1617220938205719,
            -0.34447717666625977,
            0.058844469487667084,
            0.14250297844409943,
            -0.6877349615097046,
            0.35221144556999207,
            0.35815873742103577,
            -0.2930208742618561,
            0.2062833309173584,
            0.23515482246875763,
            0.44735294580459595,
            0.5806390643119812,
            -0.07135792821645737,
            -0.2790038585662842,
            0.1475955992937088,
            0.13475103676319122,
            -0.10468803346157074,
            -0.1078377366065979,
            -0.19677230715751648,
            -0.44448474049568176,
            0.15977820754051208,
            0.005251098424196243,
            -0.48251041769981384,
            -0.06178300827741623,
            0.16599544882774353,
            -0.2317097783088684,
            0.16794167459011078,
            0.32646408677101135,
            0.2742730975151062,
            0.01611577533185482,
            0.7524497509002686,
            0.19094082713127136,
            -0.2880932092666626,
            -0.005577182397246361,
            0.49208325147628784,
            0.09068857878446579,
            -6.041152477264404,
            0.4057086706161499,
            -0.5102311372756958,
            0.28054919838905334,
            -0.39362645149230957,
            0.22535990178585052,
            0.5039716958999634,
            -1.543792486190796,
            0.23065033555030823,
            -0.16401828825473785,
            -0.40393444895744324,
            -0.24097731709480286,
            0.6261873841285706,
            0.5259957909584045,
            -1.4124208688735962,
            -0.016392046585679054,
            -0.28089818358421326,
            -0.30360957980155945,
            -0.03539962321519852,
            -0.9449709057807922,
            -0.31218141317367554,
            0.024678535759449005,
            0.01279097143560648,
            -0.4248705506324768,
            -0.447905033826828,
            0.14609478414058685,
            0.11316384375095367,
            -0.08316944539546967,
            -0.3079414367675781,
            0.334402471780777,
            0.7238622307777405,
            -0.5107699632644653,
            0.17370504140853882,
            -0.0944310873746872,
            -0.060887109488248825,
            0.29337847232818604,
            0.0812218189239502,
            -0.26479706168174744,
            0.460054874420166,
            -0.01300680823624134,
            0.5611494183540344,
            0.863125741481781,
            -0.006520772818475962,
            0.03206723555922508,
            0.45670199394226074,
            0.39737746119499207,
            0.04469245672225952,
            0.21413719654083252,
            0.20009370148181915,
            0.1651456356048584,
            -0.013265201821923256,
            0.2149331271648407,
            0.11463003605604172,
            -0.052068859338760376,
            -0.5452924966812134,
            0.34692829847335815,
            0.15076994895935059,
            -0.09710739552974701,
            -0.03519938141107559,
            -0.20181851089000702,
            0.865956723690033,
            -0.1907111406326294,
            -0.13259659707546234,
            -0.7742939591407776,
            0.028857823461294174,
            0.019646871834993362,
            -0.16024698317050934,
            -0.5844427943229675,
            0.07361819595098495,
            -0.3225788176059723,
            0.06844296306371689,
            0.20386840403079987,
            0.7090338468551636,
            -0.5611531138420105,
            0.976090669631958,
            -0.09949769824743271,
            -0.4428303837776184,
            -0.09644889831542969,
            0.7201295495033264,
            0.12918716669082642,
            0.3644297122955322,
            -0.2793920040130615,
            -0.26299935579299927,
            0.024932218715548515,
            -0.8067546486854553,
            0.1074535921216011,
            -0.47079500555992126,
            0.266543447971344,
            -0.35114073753356934,
            0.10503339767456055,
            0.20404064655303955,
            0.26985153555870056,
            -0.19691000878810883,
            0.13196714222431183,
            -0.22678294777870178,
            0.1795802116394043,
            0.06948718428611755,
            0.23269006609916687,
            -0.15675285458564758,
            -0.19604255259037018,
            -0.24388432502746582,
            0.1129879504442215,
            0.0893792062997818,
            0.014321481809020042,
            0.1241326853632927,
            -0.07704667747020721,
            0.5307046175003052,
            -0.4908018708229065,
            0.4221837520599365,
            -0.2091614305973053,
            0.44519510865211487,
            0.31675320863723755,
